customer_id,amount,payment_method,failure_reason,previous_payments,previous_successes,previous_failures,previous_recovery,customer_tenure_months,average_payment_amount,retry_count,intervention,recovery_outcome
C10000,5951.63,UPI,Insufficient Funds,16,1,15,Yes,36,8263.66,0,Payment Link,Not Recovered
C10001,3581.15,UPI,Temporary Failure,2,2,0,Yes,9,2237.48,1,Retry,Recovered
C10002,6715.68,Card,Authentication Failure,16,4,12,No,30,7812.46,3,No Action,Recovered
C10003,13527.41,UPI,Insufficient Funds,16,14,2,No,27,8403.01,2,No Action,Not Recovered
C10004,3316.7,UPI,Insufficient Funds,11,11,0,No,13,3925.32,1,Payment Link,Not Recovered
C10005,3316.75,Card,Temporary Failure,1,1,0,Yes,28,3013.86,2,No Action,Recovered
C10006,14149.29,Card,Insufficient Funds,15,14,1,No,18,15409.23,1,Payment Link,Recovered
C10007,7390.85,NetBanking,Authentication Failure,4,2,2,No,34,6264.71,1,No Action,Not Recovered
C10008,2747.56,UPI,Insufficient Funds,18,8,10,No,21,1998.26,1,Payment Link,Not Recovered
C10009,6173.97,UPI,Authentication Failure,17,7,10,No,1,7277.94,0,No Action,Not Recovered
C10010,2760.91,UPI,Authentication Failure,7,3,4,Yes,23,3654.61,3,No Action,Not Recovered
C10011,2755.81,Wallet,Temporary Failure,18,2,16,No,34,2058.22,0,No Action,Not Recovered
C10012,4854.3,Card,Temporary Failure,13,4,9,Yes,36,6488.07,0,No Action,Recovered
C10013,865.6,Card,Authentication Failure,20,14,6,Yes,9,616.43,0,Reminder,Recovered
C10014,1006.38,UPI,Insufficient Funds,20,7,13,No,8,1196.11,1,Payment Link,Not Recovered
C10015,2550.95,Card,Temporary Failure,10,9,1,Yes,30,3488.57,1,Retry,Recovered
C10016,1778.96,UPI,Temporary Failure,1,1,0,No,36,1277.11,2,No Action,Not Recovered
C10017,5143.29,Card,Bank Declined,2,2,0,Yes,36,4876.21,3,No Action,Recovered
C10018,1934.55,Wallet,Technical Error,17,16,1,No,18,1682.99,0,Retry,Not Recovered
C10019,1292.34,Wallet,Temporary Failure,3,3,0,Yes,2,1177.04,0,Retry,Recovered
C10020,12920.48,Card,Temporary Failure,17,17,0,Yes,11,15537.03,0,Retry,Recovered
C10021,3339.01,Card,Authentication Failure,12,1,11,Yes,36,3769.58,3,No Action,Not Recovered
C10022,4222.03,Wallet,Technical Error,12,12,0,No,31,5805.08,3,No Action,Recovered
C10023,1279.53,Card,Bank Declined,20,14,6,Yes,31,957.58,3,No Action,Recovered
C10024,2587.75,UPI,Technical Error,10,6,4,No,24,2677.31,0,Reminder,Recovered
C10025,4371.18,Card,Insufficient Funds,7,3,4,Yes,21,4193.28,3,No Action,Recovered
C10026,1592.81,UPI,Technical Error,10,2,8,No,32,2126.54,0,No Action,Not Recovered
C10027,5402.45,Card,Insufficient Funds,18,18,0,Yes,30,3287.37,0,Payment Link,Recovered
C10028,2473.87,Card,Temporary Failure,6,6,0,Yes,8,3441.99,3,No Action,Recovered
C10029,3167.49,Card,Technical Error,7,7,0,Yes,33,3116.14,1,Retry,Recovered
C10030,2471.76,UPI,Insufficient Funds,17,16,1,Yes,1,2720.0,0,Payment Link,Recovered
C10031,17603.84,UPI,Authentication Failure,12,0,12,No,33,15632.95,0,No Action,Not Recovered
C10032,3957.04,Card,Insufficient Funds,17,10,7,No,13,5073.01,1,Payment Link,Recovered
C10033,1716.22,NetBanking,Authentication Failure,18,5,13,Yes,22,1801.33,3,No Action,Recovered
C10034,7723.98,Card,Authentication Failure,14,6,8,No,5,8730.02,2,No Action,Not Recovered
C10035,1506.24,UPI,Temporary Failure,11,8,3,Yes,12,1685.67,1,Retry,Not Recovered
C10036,4727.45,Wallet,Technical Error,2,1,1,No,29,4213.04,3,No Action,Not Recovered
C10037,834.07,Wallet,Insufficient Funds,1,1,0,No,3,551.15,0,Payment Link,Not Recovered
C10038,1382.3,UPI,Authentication Failure,11,5,6,No,36,1722.57,1,No Action,Not Recovered
C10039,4682.27,UPI,Insufficient Funds,2,2,0,No,11,3894.58,0,Payment Link,Recovered
C10040,7221.54,Card,Technical Error,16,12,4,Yes,26,9237.39,1,Retry,Recovered
C10041,4587.75,NetBanking,Insufficient Funds,3,0,3,Yes,2,4986.49,2,No Action,Not Recovered
C10042,3646.53,Wallet,Temporary Failure,20,3,17,No,29,3219.75,0,No Action,Not Recovered
C10043,3143.73,NetBanking,Temporary Failure,1,0,1,No,29,3380.76,3,No Action,Not Recovered
C10044,1225.66,Card,Insufficient Funds,20,13,7,Yes,36,1368.32,1,Payment Link,Not Recovered
C10045,2248.85,Card,Technical Error,8,0,8,No,19,2620.69,1,No Action,Not Recovered
C10046,2767.05,UPI,Bank Declined,19,4,15,No,10,3480.59,1,No Action,Not Recovered
C10047,9318.41,UPI,Bank Declined,1,0,1,No,11,6781.98,0,No Action,Not Recovered
C10048,5265.57,Card,Temporary Failure,5,2,3,No,7,7136.51,3,No Action,Not Recovered
C10049,976.15,Card,Insufficient Funds,1,0,1,No,13,906.52,1,Payment Link,Not Recovered
C10050,5183.92,Card,Temporary Failure,11,2,9,No,2,6678.76,0,No Action,Recovered
C10051,2939.47,Card,Technical Error,9,1,8,Yes,30,2282.16,0,No Action,Not Recovered
C10052,2327.41,UPI,Authentication Failure,5,4,1,Yes,22,1450.5,2,No Action,Not Recovered
C10053,6524.96,Card,Insufficient Funds,2,2,0,No,1,6907.81,3,No Action,Not Recovered
C10054,9125.69,UPI,Temporary Failure,13,1,12,Yes,27,7845.66,2,No Action,Recovered
C10055,8425.97,UPI,Temporary Failure,18,0,18,No,7,11691.62,1,No Action,Not Recovered
C10056,2044.02,NetBanking,Bank Declined,12,4,8,No,1,1397.22,0,No Action,Not Recovered
C10057,3123.41,Card,Bank Declined,14,12,2,Yes,25,1992.24,1,Reminder,Recovered
C10058,5213.78,Wallet,Technical Error,5,2,3,No,4,3316.04,0,No Action,Recovered
C10059,8729.7,UPI,Temporary Failure,10,10,0,Yes,30,6752.41,0,Retry,Recovered
C10060,2726.33,Card,Technical Error,20,11,9,No,8,2899.05,3,No Action,Not Recovered
C10061,3447.91,UPI,Bank Declined,2,2,0,No,21,3463.26,1,Reminder,Recovered
C10062,1650.74,UPI,Insufficient Funds,4,0,4,No,4,1452.75,3,No Action,Not Recovered
C10063,1536.23,NetBanking,Bank Declined,12,8,4,Yes,4,1030.86,0,Reminder,Recovered
C10064,7662.32,Card,Temporary Failure,11,1,10,No,8,6030.17,1,No Action,Not Recovered
C10065,11837.66,NetBanking,Insufficient Funds,4,1,3,No,26,8846.49,0,Payment Link,Not Recovered
C10066,3776.08,UPI,Authentication Failure,11,3,8,No,29,4518.21,1,No Action,Not Recovered
C10067,8927.36,NetBanking,Insufficient Funds,9,5,4,Yes,16,10926.71,1,Payment Link,Recovered
C10068,5342.02,UPI,Technical Error,10,8,2,Yes,19,6525.87,2,No Action,Recovered
C10069,2387.38,NetBanking,Bank Declined,6,6,0,No,1,3283.2,2,No Action,Not Recovered
C10070,5340.99,UPI,Temporary Failure,15,14,1,Yes,34,6982.76,3,No Action,Recovered
C10071,13690.79,UPI,Bank Declined,10,7,3,No,29,13666.75,0,Reminder,Not Recovered
C10072,3886.98,Card,Bank Declined,6,6,0,Yes,27,3622.47,3,No Action,Recovered
C10073,13985.34,Wallet,Insufficient Funds,1,0,1,No,30,18637.07,1,Payment Link,Not Recovered
C10074,491.89,UPI,Temporary Failure,20,17,3,Yes,6,535.66,3,No Action,Recovered
C10075,7720.02,UPI,Insufficient Funds,4,0,4,No,36,6450.22,1,Payment Link,Not Recovered
C10076,4288.48,NetBanking,Temporary Failure,14,14,0,Yes,2,4509.64,3,No Action,Not Recovered
C10077,3149.01,UPI,Temporary Failure,20,0,20,No,14,4388.84,3,No Action,Not Recovered
C10078,4304.68,UPI,Insufficient Funds,20,13,7,No,8,5508.17,1,Payment Link,Recovered
C10079,815.66,UPI,Insufficient Funds,8,1,7,No,3,672.94,1,Payment Link,Not Recovered
C10080,3355.35,UPI,Authentication Failure,11,2,9,No,35,4571.21,3,No Action,Not Recovered
C10081,5322.72,Wallet,Insufficient Funds,15,2,13,No,27,7372.87,1,Payment Link,Not Recovered
C10082,13047.67,NetBanking,Technical Error,19,9,10,No,34,10241.55,3,No Action,Not Recovered
C10083,2642.38,Card,Bank Declined,8,3,5,No,28,3478.62,0,No Action,Not Recovered
C10084,2094.89,Wallet,Technical Error,13,4,9,Yes,31,2737.1,2,No Action,Recovered
C10085,2677.51,Card,Temporary Failure,18,5,13,Yes,17,1691.66,1,No Action,Not Recovered
C10086,8319.62,UPI,Authentication Failure,17,16,1,Yes,19,9449.02,1,Reminder,Not Recovered
C10087,5203.31,UPI,Bank Declined,6,5,1,Yes,11,4392.76,3,No Action,Not Recovered
C10088,2618.2,UPI,Technical Error,15,12,3,Yes,9,2983.94,1,Retry,Recovered
C10089,6030.97,UPI,Insufficient Funds,13,7,6,No,30,8026.3,0,Payment Link,Not Recovered
C10090,4323.03,Wallet,Temporary Failure,18,9,9,No,6,4318.81,2,No Action,Recovered
C10091,8681.64,NetBanking,Bank Declined,11,8,3,Yes,14,8087.21,2,No Action,Recovered
C10092,2281.09,UPI,Temporary Failure,13,4,9,No,31,3050.33,1,No Action,Recovered
C10093,3077.64,Card,Insufficient Funds,1,0,1,No,11,4244.96,0,Payment Link,Not Recovered
C10094,2922.99,Card,Temporary Failure,18,3,15,No,5,1899.33,2,No Action,Recovered
C10095,1240.46,Wallet,Bank Declined,5,5,0,Yes,31,1660.08,2,No Action,Recovered
C10096,5069.24,NetBanking,Authentication Failure,6,5,1,No,2,3377.2,0,Reminder,Not Recovered
C10097,4929.01,Card,Insufficient Funds,1,0,1,No,17,4287.4,2,No Action,Not Recovered
C10098,4016.4,NetBanking,Technical Error,7,3,4,Yes,36,4860.08,3,No Action,Recovered
C10099,3315.55,Card,Bank Declined,4,2,2,No,3,4050.37,0,No Action,Recovered
C10100,1289.17,Card,Insufficient Funds,9,4,5,No,29,1522.07,2,No Action,Not Recovered
C10101,2857.02,UPI,Authentication Failure,15,1,14,No,33,1803.61,0,No Action,Not Recovered
C10102,3040.81,UPI,Authentication Failure,6,0,6,No,14,2147.95,1,No Action,Not Recovered
C10103,2105.33,Card,Technical Error,17,10,7,No,29,2840.03,2,No Action,Not Recovered
C10104,3515.8,UPI,Temporary Failure,20,19,1,No,23,2338.6,2,No Action,Not Recovered
C10105,5526.39,UPI,Bank Declined,18,10,8,No,17,3663.09,3,No Action,Not Recovered
C10106,18087.9,Card,Temporary Failure,4,1,3,No,11,22944.8,3,No Action,Not Recovered
C10107,4599.54,UPI,Insufficient Funds,9,9,0,Yes,28,5119.35,2,No Action,Not Recovered
C10108,4915.21,Card,Insufficient Funds,14,5,9,No,7,4331.9,0,Payment Link,Not Recovered
C10109,3768.73,Card,Technical Error,3,1,2,No,8,2760.85,2,No Action,Not Recovered
C10110,861.81,Wallet,Authentication Failure,1,1,0,No,29,1126.68,3,No Action,Recovered
C10111,3916.05,Card,Insufficient Funds,11,5,6,No,25,5446.56,3,No Action,Not Recovered
C10112,4197.46,UPI,Temporary Failure,1,0,1,No,7,2686.28,2,No Action,Not Recovered
C10113,28699.74,Card,Authentication Failure,12,6,6,No,22,29942.17,0,No Action,Not Recovered
C10114,3429.47,NetBanking,Temporary Failure,9,5,4,No,9,2774.59,2,No Action,Not Recovered
C10115,5091.3,Wallet,Bank Declined,5,2,3,No,11,6445.12,2,No Action,Not Recovered
C10116,3890.45,UPI,Temporary Failure,15,0,15,No,34,3411.37,0,No Action,Not Recovered
C10117,1570.43,UPI,Insufficient Funds,18,17,1,Yes,27,1840.08,0,Payment Link,Recovered
C10118,9979.7,Wallet,Authentication Failure,9,6,3,Yes,22,10295.25,0,Reminder,Recovered
C10119,7299.76,UPI,Temporary Failure,13,12,1,Yes,3,7542.25,2,No Action,Recovered
C10120,7531.69,Card,Insufficient Funds,13,6,7,No,8,9688.76,1,Payment Link,Not Recovered
C10121,1932.44,UPI,Insufficient Funds,13,3,10,No,6,1886.69,0,Payment Link,Not Recovered
C10122,12286.85,UPI,Authentication Failure,10,5,5,No,25,15683.91,2,No Action,Not Recovered
C10123,1303.19,UPI,Authentication Failure,10,0,10,No,2,1160.81,1,No Action,Not Recovered
C10124,6396.69,UPI,Temporary Failure,7,1,6,No,16,4732.44,3,No Action,Not Recovered
C10125,23072.9,Card,Temporary Failure,5,5,0,Yes,21,22251.09,1,Retry,Recovered
C10126,1810.97,Wallet,Bank Declined,20,1,19,No,15,1808.59,0,No Action,Not Recovered
C10127,2542.78,UPI,Insufficient Funds,7,3,4,No,34,2498.81,0,Payment Link,Not Recovered
C10128,4331.94,NetBanking,Bank Declined,20,11,9,No,20,5400.48,0,No Action,Not Recovered
C10129,2673.84,UPI,Temporary Failure,10,10,0,Yes,31,2812.19,3,No Action,Not Recovered
C10130,1156.92,Card,Temporary Failure,10,3,7,No,15,1516.44,0,No Action,Not Recovered
C10131,4225.53,UPI,Bank Declined,13,3,10,No,28,4273.48,0,No Action,Not Recovered
C10132,1709.93,Wallet,Temporary Failure,15,9,6,No,6,1333.36,2,No Action,Not Recovered
C10133,5842.56,NetBanking,Authentication Failure,6,0,6,No,3,4110.81,2,No Action,Not Recovered
C10134,1916.99,Card,Temporary Failure,20,9,11,No,23,2481.91,3,No Action,Not Recovered
C10135,13821.73,NetBanking,Temporary Failure,12,6,6,No,3,8914.16,0,No Action,Not Recovered
C10136,2137.62,Card,Authentication Failure,19,13,6,Yes,8,1483.7,2,No Action,Recovered
C10137,3091.47,Wallet,Insufficient Funds,11,6,5,No,2,2012.32,0,Payment Link,Recovered
C10138,7668.4,Card,Technical Error,6,3,3,No,7,7200.53,0,No Action,Not Recovered
C10139,1494.22,Wallet,Temporary Failure,1,0,1,No,17,1533.21,1,No Action,Not Recovered
C10140,4798.3,Card,Bank Declined,2,0,2,No,7,2955.27,0,No Action,Not Recovered
C10141,11381.72,UPI,Technical Error,15,10,5,No,33,11523.64,1,Reminder,Recovered
C10142,1105.51,Card,Insufficient Funds,4,4,0,Yes,36,1011.55,2,No Action,Not Recovered
C10143,4636.69,UPI,Technical Error,5,2,3,No,4,5651.74,0,No Action,Not Recovered
C10144,4924.39,Card,Bank Declined,15,15,0,Yes,16,6224.26,1,Reminder,Not Recovered
C10145,7476.41,Card,Insufficient Funds,11,2,9,Yes,21,8582.72,1,Payment Link,Not Recovered
C10146,1486.96,Card,Bank Declined,10,5,5,No,18,1455.43,2,No Action,Not Recovered
C10147,1390.87,UPI,Bank Declined,17,3,14,No,28,1075.03,1,No Action,Not Recovered
C10148,6072.97,UPI,Temporary Failure,2,1,1,No,16,7759.38,0,No Action,Not Recovered
C10149,5072.75,Card,Insufficient Funds,20,19,1,Yes,22,4430.21,0,Payment Link,Recovered
C10150,4887.54,Wallet,Insufficient Funds,10,7,3,Yes,6,4325.64,1,Payment Link,Recovered
C10151,5277.5,UPI,Insufficient Funds,20,13,7,Yes,30,7033.9,0,Payment Link,Recovered
C10152,2321.64,UPI,Technical Error,3,3,0,Yes,28,3204.97,0,Retry,Recovered
C10153,4816.74,Card,Insufficient Funds,19,15,4,Yes,17,6350.89,3,No Action,Not Recovered
C10154,5056.89,Card,Authentication Failure,5,3,2,Yes,36,7072.5,1,Reminder,Recovered
C10155,2258.75,UPI,Temporary Failure,3,3,0,No,12,2925.37,2,No Action,Recovered
C10156,17794.94,UPI,Insufficient Funds,8,3,5,Yes,12,20704.16,2,No Action,Not Recovered
C10157,5843.68,UPI,Technical Error,5,2,3,No,36,4879.8,0,No Action,Not Recovered
C10158,1542.26,Wallet,Bank Declined,12,4,8,No,29,2101.12,1,No Action,Not Recovered
C10159,6763.48,UPI,Bank Declined,14,11,3,Yes,2,8801.33,0,Reminder,Not Recovered
C10160,1834.09,UPI,Temporary Failure,7,4,3,No,29,1453.7,0,No Action,Not Recovered
C10161,7507.95,UPI,Insufficient Funds,11,4,7,No,30,7442.86,1,Payment Link,Not Recovered
C10162,10106.42,UPI,Temporary Failure,8,0,8,No,36,6630.26,2,No Action,Not Recovered
C10163,2074.56,NetBanking,Authentication Failure,5,5,0,Yes,25,2826.89,3,No Action,Recovered
C10164,8645.12,UPI,Insufficient Funds,8,3,5,No,21,9148.39,3,No Action,Not Recovered
C10165,5565.12,UPI,Authentication Failure,12,12,0,Yes,22,4430.73,0,Reminder,Not Recovered
C10166,7720.99,Card,Bank Declined,15,13,2,No,10,6438.68,3,No Action,Not Recovered
C10167,18242.04,UPI,Insufficient Funds,19,15,4,No,31,25256.56,2,No Action,Recovered
C10168,3287.03,UPI,Bank Declined,16,8,8,No,9,3591.05,0,No Action,Not Recovered
C10169,2188.69,NetBanking,Technical Error,14,9,5,Yes,34,2049.81,1,Reminder,Recovered
C10170,1963.41,NetBanking,Authentication Failure,7,2,5,No,23,1963.17,3,No Action,Not Recovered
C10171,2082.66,Wallet,Temporary Failure,8,6,2,Yes,12,1413.79,1,Retry,Recovered
C10172,3760.73,NetBanking,Insufficient Funds,7,5,2,Yes,7,2482.15,2,No Action,Not Recovered
C10173,5255.19,Card,Insufficient Funds,18,13,5,Yes,32,5644.95,0,Payment Link,Recovered
C10174,4991.05,UPI,Temporary Failure,6,4,2,Yes,19,5038.98,1,Reminder,Recovered
C10175,7752.7,NetBanking,Bank Declined,19,3,16,No,22,6879.15,0,No Action,Not Recovered
C10176,4041.82,NetBanking,Authentication Failure,4,3,1,Yes,16,4255.6,3,No Action,Recovered
C10177,12795.86,NetBanking,Insufficient Funds,3,1,2,No,8,8421.48,0,Payment Link,Not Recovered
C10178,3236.75,Card,Technical Error,17,10,7,No,30,4386.42,2,No Action,Not Recovered
C10179,35248.74,UPI,Bank Declined,19,7,12,No,6,29431.62,0,No Action,Not Recovered
C10180,6598.41,NetBanking,Insufficient Funds,15,13,2,Yes,2,4337.95,0,Payment Link,Recovered
C10181,2014.9,Card,Temporary Failure,6,5,1,Yes,34,1482.17,3,No Action,Not Recovered
C10182,1698.22,Wallet,Technical Error,12,6,6,No,29,1148.64,2,No Action,Recovered
C10183,5884.21,UPI,Authentication Failure,19,6,13,No,20,4371.28,1,No Action,Not Recovered
C10184,3345.19,UPI,Bank Declined,6,4,2,Yes,3,3122.41,0,Reminder,Recovered
C10185,7081.56,UPI,Temporary Failure,11,1,10,Yes,35,8430.18,0,No Action,Not Recovered
C10186,5840.9,NetBanking,Temporary Failure,20,11,9,Yes,8,4777.15,1,No Action,Recovered
C10187,3773.61,UPI,Temporary Failure,20,13,7,Yes,12,3580.18,2,No Action,Recovered
C10188,2031.67,UPI,Bank Declined,10,1,9,No,32,2728.54,1,No Action,Not Recovered
C10189,1190.55,Wallet,Technical Error,16,11,5,No,29,996.08,0,Reminder,Recovered
C10190,2798.5,UPI,Temporary Failure,18,9,9,No,21,3458.32,0,No Action,Recovered
C10191,7936.03,NetBanking,Technical Error,14,11,3,Yes,3,5763.57,2,No Action,Recovered
C10192,4747.27,UPI,Bank Declined,4,2,2,No,27,3525.6,3,No Action,Not Recovered
C10193,1476.54,NetBanking,Bank Declined,12,5,7,No,3,1424.75,2,No Action,Not Recovered
C10194,4594.4,Card,Authentication Failure,20,18,2,Yes,1,3617.09,1,Reminder,Recovered
C10195,5444.19,Wallet,Temporary Failure,8,0,8,Yes,20,7199.52,2,No Action,Not Recovered
C10196,1972.32,Wallet,Authentication Failure,7,4,3,Yes,7,1263.47,1,No Action,Recovered
C10197,4523.45,UPI,Temporary Failure,9,5,4,No,1,4875.46,3,No Action,Not Recovered
C10198,4190.67,UPI,Insufficient Funds,17,15,2,Yes,10,4540.1,3,No Action,Not Recovered
C10199,1603.07,UPI,Authentication Failure,10,1,9,No,12,1046.52,1,No Action,Not Recovered
C10200,5325.59,Card,Authentication Failure,3,3,0,Yes,4,6316.42,0,Reminder,Recovered
C10201,6264.65,NetBanking,Bank Declined,8,8,0,No,7,6108.77,1,Reminder,Recovered
C10202,9513.72,Card,Bank Declined,14,4,10,No,10,11211.53,1,No Action,Not Recovered
C10203,9293.69,Card,Technical Error,7,4,3,No,22,11724.36,2,No Action,Not Recovered
C10204,1328.64,UPI,Technical Error,16,12,4,Yes,25,1140.4,3,No Action,Recovered
C10205,1888.97,NetBanking,Temporary Failure,18,7,11,No,29,1865.53,2,No Action,Recovered
C10206,6039.51,Wallet,Technical Error,11,5,6,No,15,4883.6,0,No Action,Not Recovered
C10207,6033.47,UPI,Insufficient Funds,6,2,4,No,19,4592.74,0,Payment Link,Not Recovered
C10208,6039.57,Card,Insufficient Funds,20,19,1,Yes,18,3626.62,0,Payment Link,Recovered
C10209,50000.0,UPI,Insufficient Funds,14,9,5,Yes,3,68545.26,1,Payment Link,Recovered
C10210,6315.5,Card,Bank Declined,13,3,10,No,6,6017.05,2,No Action,Not Recovered
C10211,9921.92,Card,Authentication Failure,4,3,1,Yes,22,6056.89,1,Reminder,Not Recovered
C10212,8580.53,UPI,Bank Declined,20,12,8,No,31,5209.68,0,Reminder,Not Recovered
C10213,6735.6,UPI,Authentication Failure,20,1,19,No,21,5595.14,3,No Action,Not Recovered
C10214,3108.31,UPI,Temporary Failure,11,2,9,Yes,8,1899.64,2,No Action,Not Recovered
C10215,7340.96,Card,Technical Error,18,3,15,Yes,1,6604.01,1,No Action,Not Recovered
C10216,2155.52,Card,Technical Error,1,0,1,No,3,1401.84,2,No Action,Not Recovered
C10217,3309.64,UPI,Bank Declined,12,12,0,Yes,29,2089.71,1,Reminder,Recovered
C10218,2712.86,NetBanking,Bank Declined,18,18,0,Yes,6,3080.47,3,No Action,Recovered
C10219,4270.77,Card,Bank Declined,7,7,0,Yes,33,5660.79,3,No Action,Recovered
C10220,25483.25,UPI,Authentication Failure,12,7,5,No,18,23635.95,0,No Action,Not Recovered
C10221,898.06,UPI,Technical Error,1,1,0,No,1,1140.01,3,No Action,Not Recovered
C10222,6926.14,NetBanking,Temporary Failure,4,1,3,No,22,4317.84,1,No Action,Not Recovered
C10223,1100.89,Wallet,Technical Error,18,10,8,No,31,1345.45,1,No Action,Not Recovered
C10224,2742.17,UPI,Insufficient Funds,15,1,14,No,23,1783.07,0,Payment Link,Not Recovered
C10225,9558.73,UPI,Temporary Failure,3,3,0,Yes,8,12146.77,0,Retry,Recovered
C10226,4211.08,UPI,Authentication Failure,7,7,0,No,29,5499.22,3,No Action,Not Recovered
C10227,1688.94,Card,Insufficient Funds,6,0,6,No,19,2075.33,3,No Action,Not Recovered
C10228,2257.03,UPI,Technical Error,15,0,15,No,16,2836.18,1,No Action,Not Recovered
C10229,6889.32,UPI,Temporary Failure,15,15,0,Yes,19,7228.19,1,Retry,Recovered
C10230,2230.0,Card,Temporary Failure,6,5,1,Yes,22,1810.55,1,Retry,Recovered
C10231,4756.26,Card,Insufficient Funds,8,3,5,Yes,19,5301.26,0,Payment Link,Not Recovered
C10232,4148.52,UPI,Temporary Failure,8,1,7,Yes,4,3947.87,0,No Action,Recovered
C10233,2375.04,UPI,Technical Error,1,1,0,No,5,1435.16,0,Retry,Not Recovered
C10234,22230.15,Card,Temporary Failure,13,0,13,No,5,21818.02,2,No Action,Not Recovered
C10235,6642.11,UPI,Insufficient Funds,13,7,6,No,25,7445.48,2,No Action,Not Recovered
C10236,791.5,UPI,Temporary Failure,11,1,10,No,24,483.69,0,No Action,Not Recovered
C10237,4643.45,NetBanking,Temporary Failure,4,3,1,Yes,1,5094.27,3,No Action,Recovered
C10238,2355.76,UPI,Technical Error,7,2,5,Yes,28,2643.22,2,No Action,Not Recovered
C10239,7910.9,Card,Temporary Failure,12,1,11,Yes,21,5747.16,3,No Action,Not Recovered
C10240,2121.83,Wallet,Bank Declined,13,7,6,No,19,2004.83,2,No Action,Recovered
C10241,3649.19,UPI,Authentication Failure,12,2,10,No,23,5004.74,1,No Action,Recovered
C10242,5991.15,UPI,Bank Declined,16,8,8,No,14,7832.54,1,No Action,Not Recovered
C10243,7995.66,Card,Technical Error,6,1,5,No,6,7425.23,1,No Action,Not Recovered
C10244,1531.21,NetBanking,Temporary Failure,14,4,10,Yes,32,1347.28,3,No Action,Recovered
C10245,3060.85,Wallet,Temporary Failure,19,18,1,Yes,32,2140.34,2,No Action,Recovered
C10246,2735.57,Card,Authentication Failure,16,4,12,No,8,1718.35,2,No Action,Not Recovered
C10247,2371.76,UPI,Technical Error,4,1,3,No,22,1987.46,3,No Action,Not Recovered
C10248,16422.59,Card,Bank Declined,5,5,0,Yes,8,22207.06,1,Reminder,Not Recovered
C10249,5530.51,UPI,Bank Declined,9,8,1,No,10,7559.6,3,No Action,Not Recovered
C10250,1458.76,Card,Insufficient Funds,3,3,0,Yes,3,1823.47,1,Payment Link,Recovered
C10251,8336.0,UPI,Temporary Failure,10,1,9,No,13,7341.18,0,No Action,Not Recovered
C10252,21846.03,UPI,Technical Error,17,17,0,Yes,30,15617.75,2,No Action,Recovered
C10253,9136.4,NetBanking,Bank Declined,19,19,0,Yes,4,9834.67,3,No Action,Recovered
C10254,1186.25,Card,Insufficient Funds,10,7,3,Yes,6,1325.28,3,No Action,Not Recovered
C10255,2715.31,UPI,Authentication Failure,12,10,2,Yes,16,2551.47,1,Reminder,Not Recovered
C10256,11021.23,UPI,Insufficient Funds,7,4,3,Yes,22,12710.98,3,No Action,Recovered
C10257,2270.86,NetBanking,Temporary Failure,18,16,2,Yes,27,2719.0,1,Retry,Recovered
C10258,5705.04,Card,Authentication Failure,19,15,4,Yes,21,6996.94,1,Reminder,Recovered
C10259,7433.54,UPI,Technical Error,15,9,6,Yes,29,7447.21,2,No Action,Recovered
C10260,1905.51,UPI,Bank Declined,7,5,2,No,1,2350.09,1,Reminder,Recovered
C10261,3813.98,UPI,Temporary Failure,12,4,8,No,30,2366.12,1,No Action,Not Recovered
C10262,300.0,Wallet,Temporary Failure,7,0,7,No,24,343.3,3,No Action,Not Recovered
C10263,1762.59,Card,Bank Declined,10,3,7,No,13,1389.81,3,No Action,Not Recovered
C10264,3268.2,Card,Insufficient Funds,20,0,20,No,30,2668.21,1,Payment Link,Not Recovered
C10265,1474.13,Card,Technical Error,10,5,5,Yes,26,992.15,1,No Action,Recovered
C10266,14764.47,UPI,Authentication Failure,5,5,0,Yes,34,11131.14,1,Reminder,Recovered
C10267,1274.03,NetBanking,Technical Error,18,0,18,No,20,1775.5,0,No Action,Recovered
C10268,2813.02,Card,Insufficient Funds,9,7,2,Yes,6,2622.61,1,Payment Link,Recovered
C10269,4441.03,UPI,Technical Error,16,3,13,No,9,5960.81,0,No Action,Not Recovered
C10270,12670.96,UPI,Insufficient Funds,7,1,6,No,16,9253.85,3,No Action,Not Recovered
C10271,1268.21,Card,Temporary Failure,10,0,10,Yes,4,967.96,2,No Action,Not Recovered
C10272,10143.42,Wallet,Temporary Failure,5,2,3,No,32,10612.56,2,No Action,Not Recovered
C10273,4032.88,UPI,Insufficient Funds,7,2,5,No,20,3547.43,2,No Action,Not Recovered
C10274,1824.1,NetBanking,Authentication Failure,5,1,4,Yes,29,2034.11,2,No Action,Not Recovered
C10275,5789.1,NetBanking,Temporary Failure,15,10,5,Yes,31,5428.08,3,No Action,Recovered
C10276,4690.51,UPI,Temporary Failure,19,9,10,No,17,5859.75,2,No Action,Not Recovered
C10277,2474.7,UPI,Authentication Failure,10,7,3,Yes,25,2339.2,3,No Action,Not Recovered
C10278,4229.72,UPI,Temporary Failure,8,4,4,Yes,16,4474.53,3,No Action,Not Recovered
C10279,2938.92,Card,Technical Error,9,6,3,Yes,20,2518.24,1,Reminder,Recovered
C10280,4380.26,UPI,Insufficient Funds,11,1,10,No,10,5095.26,1,Payment Link,Not Recovered
C10281,6793.72,UPI,Temporary Failure,2,2,0,No,23,7634.7,2,No Action,Recovered
C10282,14226.52,Card,Authentication Failure,3,3,0,No,33,13054.27,1,Reminder,Recovered
C10283,1485.93,Card,Temporary Failure,13,3,10,No,13,1219.69,0,No Action,Not Recovered
C10284,22036.96,UPI,Bank Declined,11,5,6,No,25,24048.57,0,No Action,Recovered
C10285,839.14,UPI,Temporary Failure,10,4,6,No,36,1136.63,3,No Action,Not Recovered
C10286,3542.62,Card,Temporary Failure,15,15,0,No,24,2501.5,1,Retry,Recovered
C10287,6404.16,Card,Temporary Failure,6,5,1,Yes,6,7936.63,2,No Action,Not Recovered
C10288,5008.26,NetBanking,Temporary Failure,1,1,0,No,15,5180.51,2,No Action,Not Recovered
C10289,2430.59,UPI,Temporary Failure,14,1,13,No,34,2480.29,0,No Action,Recovered
C10290,3386.5,NetBanking,Technical Error,18,13,5,Yes,4,4637.29,1,Retry,Recovered
C10291,2696.34,Card,Insufficient Funds,11,10,1,Yes,14,2924.72,0,Payment Link,Recovered
C10292,2496.28,Card,Insufficient Funds,8,8,0,Yes,4,3156.33,1,Payment Link,Recovered
C10293,7893.0,Card,Insufficient Funds,3,1,2,Yes,28,7984.42,2,No Action,Not Recovered
C10294,5322.31,UPI,Authentication Failure,14,6,8,No,29,4257.22,0,No Action,Not Recovered
C10295,2297.83,UPI,Authentication Failure,2,0,2,No,18,2655.35,1,No Action,Recovered
C10296,8215.1,Card,Technical Error,16,11,5,Yes,20,10996.25,2,No Action,Recovered
C10297,5114.78,Card,Authentication Failure,6,4,2,Yes,32,6511.03,1,Reminder,Recovered
C10298,7664.38,Card,Insufficient Funds,1,0,1,No,8,5814.9,2,No Action,Not Recovered
C10299,6619.35,UPI,Insufficient Funds,14,8,6,No,13,5649.69,3,No Action,Not Recovered
C10300,2060.81,Wallet,Bank Declined,10,5,5,Yes,9,2088.64,3,No Action,Not Recovered
C10301,2555.25,Card,Bank Declined,6,3,3,Yes,33,2701.62,1,No Action,Not Recovered
C10302,7272.71,UPI,Insufficient Funds,9,3,6,No,12,5491.27,0,Payment Link,Recovered
C10303,6518.15,UPI,Insufficient Funds,7,1,6,Yes,25,5110.29,1,Payment Link,Recovered
C10304,3933.67,NetBanking,Authentication Failure,2,0,2,No,25,4748.19,3,No Action,Not Recovered
C10305,4393.63,NetBanking,Technical Error,11,11,0,Yes,16,5203.17,0,Retry,Recovered
C10306,11116.45,Card,Insufficient Funds,14,0,14,Yes,16,14133.09,3,No Action,Not Recovered
C10307,2491.88,NetBanking,Technical Error,5,1,4,No,35,3354.93,3,No Action,Recovered
C10308,6196.42,UPI,Temporary Failure,9,2,7,No,23,5245.94,0,No Action,Not Recovered
C10309,3402.6,UPI,Temporary Failure,7,0,7,No,8,4381.45,0,No Action,Not Recovered
C10310,3360.7,NetBanking,Insufficient Funds,14,1,13,No,3,3807.03,3,No Action,Not Recovered
C10311,9634.17,NetBanking,Insufficient Funds,16,12,4,No,24,13162.36,2,No Action,Not Recovered
C10312,7741.75,Card,Temporary Failure,16,11,5,Yes,22,6330.11,0,Reminder,Recovered
C10313,7668.35,NetBanking,Technical Error,7,0,7,Yes,14,6255.36,3,No Action,Not Recovered
C10314,11366.58,UPI,Insufficient Funds,10,4,6,No,22,13224.27,0,Payment Link,Not Recovered
C10315,4067.78,NetBanking,Bank Declined,6,0,6,No,34,5461.92,0,No Action,Not Recovered
C10316,6902.31,UPI,Temporary Failure,17,12,5,Yes,36,8694.46,3,No Action,Recovered
C10317,3120.77,UPI,Temporary Failure,1,1,0,Yes,31,3687.6,2,No Action,Recovered
C10318,5184.26,UPI,Authentication Failure,2,1,1,No,21,4716.89,1,No Action,Not Recovered
C10319,3604.49,UPI,Bank Declined,14,13,1,Yes,5,4232.44,3,No Action,Not Recovered
C10320,4322.75,UPI,Authentication Failure,4,0,4,No,19,5364.0,2,No Action,Not Recovered
C10321,6439.3,UPI,Authentication Failure,9,1,8,No,21,7744.09,3,No Action,Not Recovered
C10322,2078.65,UPI,Insufficient Funds,6,6,0,Yes,2,2372.67,2,No Action,Not Recovered
C10323,21331.91,UPI,Temporary Failure,17,10,7,No,3,13603.47,1,No Action,Not Recovered
C10324,1788.68,Card,Authentication Failure,11,2,9,No,30,2017.22,1,No Action,Recovered
C10325,1514.29,UPI,Authentication Failure,4,3,1,Yes,34,1488.0,0,Reminder,Recovered
C10326,10102.5,UPI,Bank Declined,9,8,1,No,25,13832.9,0,Reminder,Recovered
C10327,7535.49,Card,Technical Error,16,6,10,No,35,8181.67,1,No Action,Not Recovered
C10328,6590.24,NetBanking,Technical Error,3,2,1,No,29,7160.83,3,No Action,Recovered
C10329,6612.56,NetBanking,Insufficient Funds,4,2,2,Yes,12,9226.14,1,Payment Link,Recovered
C10330,3961.0,UPI,Bank Declined,3,2,1,No,23,2673.16,2,No Action,Not Recovered
C10331,1951.29,Card,Technical Error,13,7,6,No,28,1602.11,2,No Action,Not Recovered
C10332,4250.08,UPI,Bank Declined,19,7,12,Yes,17,4780.76,2,No Action,Not Recovered
C10333,2326.97,UPI,Temporary Failure,1,1,0,No,16,1983.02,1,Retry,Recovered
C10334,8726.72,UPI,Insufficient Funds,6,3,3,No,9,7652.64,0,Payment Link,Not Recovered
C10335,3556.04,NetBanking,Temporary Failure,3,1,2,No,3,4673.05,2,No Action,Recovered
C10336,2066.58,UPI,Temporary Failure,3,1,2,No,22,2197.77,2,No Action,Not Recovered
C10337,3093.14,UPI,Authentication Failure,16,3,13,No,31,2110.43,1,No Action,Recovered
C10338,5565.79,UPI,Temporary Failure,10,1,9,No,14,4723.63,2,No Action,Not Recovered
C10339,2548.02,NetBanking,Temporary Failure,17,5,12,No,3,1683.85,1,No Action,Not Recovered
C10340,2072.01,Card,Insufficient Funds,7,2,5,Yes,23,2165.05,0,Payment Link,Not Recovered
C10341,4861.0,UPI,Bank Declined,13,0,13,No,21,3590.41,2,No Action,Not Recovered
C10342,4865.98,Card,Bank Declined,11,11,0,Yes,24,6256.15,2,No Action,Not Recovered
C10343,2666.43,Card,Temporary Failure,10,7,3,No,32,2831.35,2,No Action,Not Recovered
C10344,2744.13,Card,Temporary Failure,7,1,6,No,5,1776.83,1,No Action,Recovered
C10345,4815.95,UPI,Temporary Failure,6,5,1,Yes,33,4048.77,1,Retry,Recovered
C10346,1255.87,NetBanking,Bank Declined,1,1,0,No,19,1372.75,3,No Action,Not Recovered
C10347,1297.35,UPI,Temporary Failure,17,4,13,No,34,1126.62,0,No Action,Not Recovered
C10348,2251.37,Card,Authentication Failure,12,10,2,Yes,3,2275.1,3,No Action,Recovered
C10349,3372.1,UPI,Insufficient Funds,4,4,0,Yes,28,4476.43,3,No Action,Recovered
C10350,5129.56,UPI,Temporary Failure,3,2,1,Yes,11,4514.16,3,No Action,Not Recovered
C10351,13021.21,UPI,Technical Error,6,5,1,No,10,11311.5,1,Retry,Not Recovered
C10352,7944.04,Card,Insufficient Funds,16,0,16,No,2,9976.17,2,No Action,Not Recovered
C10353,3519.59,UPI,Bank Declined,13,0,13,No,27,3009.27,2,No Action,Not Recovered
C10354,3939.61,NetBanking,Temporary Failure,9,7,2,Yes,9,2609.47,1,Retry,Recovered
C10355,1793.68,UPI,Bank Declined,11,6,5,No,1,1335.85,3,No Action,Not Recovered
C10356,3941.19,Card,Technical Error,20,15,5,Yes,33,5356.24,0,Retry,Recovered
C10357,3175.19,NetBanking,Authentication Failure,13,9,4,Yes,33,4275.82,1,Reminder,Recovered
C10358,5178.26,Card,Temporary Failure,19,10,9,No,3,4038.26,3,No Action,Not Recovered
C10359,2063.72,Card,Insufficient Funds,3,2,1,No,32,2152.05,1,Payment Link,Not Recovered
C10360,6060.37,Card,Insufficient Funds,12,2,10,No,13,4302.22,2,No Action,Recovered
C10361,13632.89,UPI,Authentication Failure,19,10,9,No,21,15537.98,2,No Action,Not Recovered
C10362,3666.68,NetBanking,Authentication Failure,8,7,1,No,4,2743.57,2,No Action,Not Recovered
C10363,5516.06,UPI,Temporary Failure,14,13,1,Yes,17,3529.35,3,No Action,Not Recovered
C10364,6947.69,Card,Temporary Failure,9,0,9,No,4,8753.52,1,No Action,Recovered
C10365,2901.76,Card,Insufficient Funds,17,9,8,Yes,20,2496.44,3,No Action,Not Recovered
C10366,4785.39,UPI,Temporary Failure,6,6,0,Yes,12,3286.69,1,Retry,Recovered
C10367,4040.5,UPI,Insufficient Funds,4,1,3,No,26,5119.81,0,Payment Link,Not Recovered
C10368,4325.1,Card,Temporary Failure,4,3,1,Yes,36,5233.02,2,No Action,Recovered
C10369,2155.21,NetBanking,Bank Declined,19,1,18,Yes,16,2472.04,0,No Action,Not Recovered
C10370,4079.21,Wallet,Authentication Failure,12,1,11,No,7,5421.27,2,No Action,Recovered
C10371,5957.75,Card,Authentication Failure,2,0,2,Yes,33,5906.4,0,No Action,Not Recovered
C10372,12771.41,Card,Insufficient Funds,17,6,11,No,2,8971.22,3,No Action,Not Recovered
C10373,8616.78,Wallet,Bank Declined,15,3,12,No,33,5592.95,2,No Action,Not Recovered
C10374,22395.06,UPI,Authentication Failure,10,10,0,No,14,19142.24,3,No Action,Recovered
C10375,2164.99,UPI,Temporary Failure,3,3,0,Yes,20,1449.38,3,No Action,Not Recovered
C10376,8037.76,Card,Bank Declined,20,19,1,Yes,27,8266.09,1,Reminder,Recovered
C10377,4631.9,NetBanking,Insufficient Funds,4,0,4,Yes,21,2832.87,2,No Action,Not Recovered
C10378,23060.86,NetBanking,Temporary Failure,1,1,0,Yes,2,22023.37,0,Retry,Recovered
C10379,2095.21,UPI,Insufficient Funds,1,1,0,No,16,1556.26,0,Payment Link,Not Recovered
C10380,2043.2,UPI,Temporary Failure,18,8,10,No,19,1827.88,2,No Action,Not Recovered
C10381,2476.34,UPI,Bank Declined,4,1,3,No,4,2823.1,1,No Action,Not Recovered
C10382,731.38,UPI,Temporary Failure,15,14,1,Yes,10,644.18,2,No Action,Recovered
C10383,2626.6,UPI,Insufficient Funds,10,3,7,Yes,22,2293.21,3,No Action,Not Recovered
C10384,2179.27,NetBanking,Temporary Failure,17,9,8,Yes,12,3034.85,1,No Action,Not Recovered
C10385,4511.41,UPI,Authentication Failure,12,2,10,Yes,2,5301.14,3,No Action,Not Recovered
C10386,5257.73,NetBanking,Insufficient Funds,20,18,2,Yes,2,5316.03,2,No Action,Recovered
C10387,17943.56,UPI,Bank Declined,12,11,1,No,34,19082.99,1,Reminder,Not Recovered
C10388,8556.01,Card,Bank Declined,16,11,5,Yes,18,9378.64,2,No Action,Not Recovered
C10389,2521.29,UPI,Insufficient Funds,5,0,5,No,16,1562.34,2,No Action,Not Recovered
C10390,1949.48,UPI,Temporary Failure,16,3,13,No,19,1294.87,1,No Action,Not Recovered
C10391,5928.85,UPI,Technical Error,17,0,17,No,25,6636.47,1,No Action,Not Recovered
C10392,1391.12,Wallet,Temporary Failure,15,15,0,Yes,30,1240.29,2,No Action,Not Recovered
C10393,17313.06,NetBanking,Temporary Failure,13,0,13,Yes,6,11155.76,0,No Action,Not Recovered
C10394,10276.36,Card,Technical Error,8,2,6,No,27,8611.7,1,No Action,Not Recovered
C10395,2748.22,UPI,Temporary Failure,2,0,2,No,15,1935.37,0,No Action,Not Recovered
C10396,1015.91,Wallet,Insufficient Funds,8,6,2,Yes,31,1354.26,0,Payment Link,Recovered
C10397,11815.26,UPI,Insufficient Funds,10,8,2,No,22,9007.25,0,Payment Link,Recovered
C10398,3649.76,UPI,Insufficient Funds,7,3,4,No,12,2609.41,0,Payment Link,Not Recovered
C10399,10767.66,Card,Technical Error,10,1,9,No,10,11854.49,3,No Action,Not Recovered
C10400,1117.12,Wallet,Bank Declined,4,0,4,No,21,1136.7,2,No Action,Not Recovered
C10401,2476.37,UPI,Bank Declined,11,3,8,No,31,2626.8,1,No Action,Recovered
C10402,4016.82,UPI,Technical Error,9,7,2,Yes,36,3810.99,2,No Action,Not Recovered
C10403,4153.2,Wallet,Temporary Failure,4,4,0,Yes,10,4044.12,2,No Action,Not Recovered
C10404,2790.56,UPI,Insufficient Funds,3,1,2,No,19,3412.96,2,No Action,Not Recovered
C10405,6583.55,UPI,Insufficient Funds,11,2,9,No,23,5108.42,2,No Action,Not Recovered
C10406,1702.67,Card,Insufficient Funds,3,1,2,No,10,1561.73,2,No Action,Not Recovered
C10407,3569.38,NetBanking,Authentication Failure,18,8,10,No,27,4876.7,1,No Action,Recovered
C10408,4404.08,Card,Technical Error,19,14,5,Yes,2,3311.82,2,No Action,Not Recovered
C10409,6036.63,Wallet,Temporary Failure,14,5,9,No,11,5040.7,2,No Action,Not Recovered
C10410,7068.06,Card,Temporary Failure,11,10,1,No,8,5324.04,2,No Action,Not Recovered
C10411,1626.74,UPI,Temporary Failure,2,2,0,No,19,1002.72,3,No Action,Recovered
C10412,1172.34,Wallet,Temporary Failure,2,1,1,No,16,956.47,0,No Action,Recovered
C10413,11116.56,UPI,Temporary Failure,2,0,2,No,4,7083.18,3,No Action,Recovered
C10414,5218.16,UPI,Bank Declined,10,0,10,Yes,14,3776.63,2,No Action,Recovered
C10415,2197.91,Card,Authentication Failure,15,12,3,Yes,22,1956.46,3,No Action,Not Recovered
C10416,13835.2,UPI,Technical Error,12,0,12,No,17,8530.47,1,No Action,Not Recovered
C10417,4387.83,UPI,Temporary Failure,11,10,1,No,26,5275.77,1,Retry,Recovered
C10418,10275.19,UPI,Insufficient Funds,17,4,13,No,35,12704.98,1,Payment Link,Not Recovered
C10419,4222.0,UPI,Bank Declined,18,8,10,No,36,3922.79,0,No Action,Not Recovered
C10420,20798.75,NetBanking,Technical Error,14,6,8,No,30,28863.11,1,No Action,Not Recovered
C10421,16290.25,Card,Technical Error,17,6,11,No,21,18622.93,0,No Action,Not Recovered
C10422,3277.64,Wallet,Authentication Failure,15,1,14,Yes,20,3916.71,1,No Action,Not Recovered
C10423,8701.98,UPI,Bank Declined,12,2,10,No,26,6559.9,3,No Action,Not Recovered
C10424,6703.27,UPI,Bank Declined,16,9,7,No,12,8512.82,3,No Action,Recovered
C10425,11955.6,UPI,Temporary Failure,6,0,6,No,8,16212.24,3,No Action,Not Recovered
C10426,1848.47,UPI,Bank Declined,2,0,2,No,35,1458.53,3,No Action,Not Recovered
C10427,6924.98,UPI,Temporary Failure,2,0,2,No,29,7957.99,0,No Action,Not Recovered
C10428,9328.12,NetBanking,Insufficient Funds,16,4,12,No,7,11170.92,1,Payment Link,Not Recovered
C10429,979.52,Wallet,Bank Declined,2,2,0,No,10,826.85,2,No Action,Not Recovered
C10430,1552.22,Wallet,Temporary Failure,8,5,3,Yes,20,1521.19,3,No Action,Recovered
C10431,782.63,UPI,Temporary Failure,7,7,0,No,28,530.65,1,Retry,Recovered
C10432,3224.47,NetBanking,Temporary Failure,1,1,0,Yes,14,2381.19,1,Retry,Recovered
C10433,7101.66,UPI,Temporary Failure,4,0,4,Yes,12,4610.8,1,No Action,Not Recovered
C10434,13305.53,UPI,Temporary Failure,11,0,11,No,8,13945.96,2,No Action,Not Recovered
C10435,4244.27,NetBanking,Temporary Failure,20,20,0,Yes,7,4669.59,3,No Action,Not Recovered
C10436,14719.7,Card,Temporary Failure,7,7,0,Yes,5,19619.82,0,Retry,Recovered
C10437,1326.06,UPI,Temporary Failure,18,8,10,No,1,1370.81,0,No Action,Not Recovered
C10438,1023.87,UPI,Authentication Failure,4,1,3,No,9,827.79,2,No Action,Not Recovered
C10439,3826.14,UPI,Insufficient Funds,17,10,7,Yes,18,2477.73,2,No Action,Not Recovered
C10440,5438.74,Card,Temporary Failure,11,2,9,Yes,10,7113.67,0,No Action,Recovered
C10441,3896.73,Card,Bank Declined,11,7,4,No,1,3830.82,0,Reminder,Recovered
C10442,765.17,Wallet,Authentication Failure,20,15,5,Yes,20,910.44,3,No Action,Recovered
C10443,3724.74,UPI,Bank Declined,11,4,7,No,29,2278.5,0,No Action,Not Recovered
C10444,1408.77,UPI,Temporary Failure,15,2,13,No,2,1395.4,0,No Action,Not Recovered
C10445,6834.84,Card,Bank Declined,14,5,9,Yes,26,5881.91,0,No Action,Not Recovered
C10446,5363.27,Card,Technical Error,17,5,12,No,11,3348.1,2,No Action,Not Recovered
C10447,1885.87,UPI,Technical Error,2,1,1,No,25,2301.78,0,No Action,Not Recovered
C10448,2651.7,Card,Bank Declined,18,4,14,No,34,2679.07,0,No Action,Not Recovered
C10449,1714.16,NetBanking,Authentication Failure,16,4,12,No,1,1485.4,3,No Action,Not Recovered
C10450,3804.37,Wallet,Authentication Failure,12,5,7,No,31,4735.07,1,No Action,Not Recovered
C10451,8588.36,NetBanking,Bank Declined,10,1,9,Yes,22,8223.69,2,No Action,Not Recovered
C10452,1817.96,NetBanking,Insufficient Funds,16,1,15,No,2,1095.86,2,No Action,Not Recovered
C10453,5986.65,Card,Bank Declined,3,3,0,Yes,1,8115.25,3,No Action,Recovered
C10454,2617.16,NetBanking,Technical Error,8,0,8,No,24,2105.63,0,No Action,Not Recovered
C10455,2121.23,UPI,Temporary Failure,2,0,2,No,36,2682.21,1,No Action,Recovered
C10456,3671.76,UPI,Authentication Failure,1,0,1,No,36,4601.2,3,No Action,Not Recovered
C10457,1747.35,UPI,Temporary Failure,14,12,2,Yes,34,1275.39,1,Retry,Recovered
C10458,2568.64,Card,Insufficient Funds,4,3,1,No,9,2515.22,0,Payment Link,Recovered
C10459,1534.17,UPI,Authentication Failure,4,4,0,Yes,12,969.84,1,Reminder,Recovered
C10460,19260.85,Wallet,Temporary Failure,9,9,0,Yes,20,17019.68,3,No Action,Recovered
C10461,4114.45,UPI,Insufficient Funds,3,1,2,No,4,4874.73,0,Payment Link,Not Recovered
C10462,2285.34,UPI,Temporary Failure,5,1,4,No,15,1804.63,2,No Action,Not Recovered
C10463,4746.84,Card,Insufficient Funds,1,1,0,No,4,3292.89,1,Payment Link,Recovered
C10464,3656.23,UPI,Temporary Failure,19,9,10,Yes,5,3677.07,0,No Action,Recovered
C10465,3351.87,UPI,Insufficient Funds,1,0,1,Yes,10,3451.05,0,Payment Link,Not Recovered
C10466,6537.98,UPI,Insufficient Funds,10,3,7,No,36,7457.63,3,No Action,Not Recovered
C10467,7332.38,Card,Authentication Failure,12,9,3,No,35,8852.46,0,Reminder,Recovered
C10468,2616.65,UPI,Authentication Failure,10,9,1,Yes,1,3026.54,3,No Action,Recovered
C10469,2523.48,NetBanking,Temporary Failure,2,0,2,No,18,3220.79,2,No Action,Recovered
C10470,3209.94,Card,Technical Error,16,12,4,No,31,2498.38,1,Retry,Recovered
C10471,634.29,UPI,Temporary Failure,8,0,8,Yes,6,669.69,2,No Action,Not Recovered
C10472,1190.22,UPI,Temporary Failure,14,7,7,No,6,1057.01,3,No Action,Not Recovered
C10473,11938.8,UPI,Temporary Failure,15,3,12,No,19,16352.45,2,No Action,Not Recovered
C10474,14913.53,NetBanking,Authentication Failure,16,2,14,Yes,32,14201.02,1,No Action,Not Recovered
C10475,3277.45,UPI,Authentication Failure,11,10,1,No,30,4482.8,2,No Action,Not Recovered
C10476,6344.19,UPI,Temporary Failure,12,11,1,No,26,7709.79,0,Retry,Recovered
C10477,5130.97,NetBanking,Temporary Failure,2,0,2,No,3,6027.72,1,No Action,Not Recovered
C10478,46964.83,Card,Temporary Failure,4,4,0,Yes,33,46647.86,2,No Action,Recovered
C10479,9795.81,UPI,Bank Declined,3,0,3,Yes,31,9352.08,1,No Action,Not Recovered
C10480,3610.91,UPI,Bank Declined,9,4,5,No,20,3687.6,2,No Action,Not Recovered
C10481,1862.39,Wallet,Temporary Failure,18,18,0,Yes,4,1554.92,0,Retry,Recovered
C10482,1106.43,NetBanking,Technical Error,19,10,9,No,32,1464.48,3,No Action,Recovered
C10483,4707.07,Card,Insufficient Funds,7,0,7,No,18,5815.42,2,No Action,Not Recovered
C10484,2184.12,Card,Authentication Failure,4,2,2,Yes,10,2710.75,1,No Action,Not Recovered
C10485,1282.09,Card,Bank Declined,6,1,5,No,22,1213.53,2,No Action,Not Recovered
C10486,2384.61,Wallet,Insufficient Funds,19,12,7,Yes,17,1566.38,3,No Action,Not Recovered
C10487,1683.8,Wallet,Technical Error,1,0,1,No,4,1930.41,0,No Action,Not Recovered
C10488,15425.28,UPI,Technical Error,16,11,5,Yes,7,13875.52,0,Reminder,Recovered
C10489,8097.91,NetBanking,Temporary Failure,11,8,3,Yes,8,10497.68,3,No Action,Recovered
C10490,3974.57,UPI,Insufficient Funds,4,1,3,No,1,4865.95,0,Payment Link,Not Recovered
C10491,13069.09,UPI,Authentication Failure,18,12,6,No,8,9360.9,2,No Action,Recovered
C10492,4255.4,Card,Temporary Failure,5,3,2,No,19,4601.67,1,Reminder,Recovered
C10493,2008.26,UPI,Temporary Failure,6,3,3,No,17,2317.07,2,No Action,Not Recovered
C10494,13528.43,Wallet,Insufficient Funds,2,0,2,No,9,14265.87,3,No Action,Not Recovered
C10495,6155.97,UPI,Technical Error,12,10,2,Yes,16,6225.12,2,No Action,Recovered
C10496,1744.55,Card,Technical Error,9,9,0,Yes,27,1364.74,2,No Action,Recovered
C10497,3435.02,Wallet,Authentication Failure,20,8,12,Yes,2,2709.29,3,No Action,Recovered
C10498,1985.36,Wallet,Bank Declined,12,7,5,No,36,2411.03,1,No Action,Not Recovered
C10499,1323.2,UPI,Temporary Failure,13,9,4,Yes,12,813.7,0,Reminder,Recovered
C10500,8391.64,UPI,Bank Declined,17,5,12,Yes,35,10264.05,3,No Action,Not Recovered
C10501,18427.2,Card,Technical Error,5,4,1,Yes,31,18822.26,0,Retry,Recovered
C10502,1306.62,UPI,Temporary Failure,20,6,14,No,19,1762.6,0,No Action,Recovered
C10503,6275.6,Wallet,Temporary Failure,13,5,8,No,26,8772.39,3,No Action,Not Recovered
C10504,2376.86,Wallet,Temporary Failure,13,2,11,Yes,36,2687.72,1,No Action,Not Recovered
C10505,2709.04,UPI,Bank Declined,10,8,2,Yes,4,2518.88,3,No Action,Not Recovered
C10506,2490.24,UPI,Authentication Failure,15,3,12,No,31,2440.61,3,No Action,Recovered
C10507,2003.91,UPI,Bank Declined,15,1,14,No,13,1529.73,2,No Action,Not Recovered
C10508,4158.32,Wallet,Authentication Failure,18,8,10,Yes,4,2825.11,2,No Action,Not Recovered
C10509,2057.59,UPI,Temporary Failure,18,2,16,Yes,13,2187.24,3,No Action,Not Recovered
C10510,4966.22,UPI,Authentication Failure,2,1,1,No,9,6179.94,2,No Action,Not Recovered
C10511,3842.43,UPI,Technical Error,11,4,7,No,2,3110.11,1,No Action,Recovered
C10512,3304.01,Card,Insufficient Funds,13,13,0,Yes,35,3091.64,2,No Action,Recovered
C10513,1935.26,UPI,Authentication Failure,11,1,10,No,12,2020.06,1,No Action,Not Recovered
C10514,2521.56,UPI,Temporary Failure,4,0,4,Yes,17,3344.39,0,No Action,Not Recovered
C10515,7319.98,Wallet,Authentication Failure,15,8,7,No,4,5203.81,0,No Action,Not Recovered
C10516,5971.68,Wallet,Authentication Failure,11,2,9,No,14,4714.68,1,No Action,Not Recovered
C10517,1829.88,NetBanking,Technical Error,18,8,10,Yes,21,2442.57,0,No Action,Recovered
C10518,4330.83,UPI,Bank Declined,16,15,1,Yes,8,2735.48,1,Reminder,Recovered
C10519,7296.57,UPI,Temporary Failure,10,9,1,Yes,33,8207.86,3,No Action,Not Recovered
C10520,1052.08,Card,Bank Declined,12,5,7,Yes,28,1169.51,2,No Action,Recovered
C10521,6177.93,UPI,Insufficient Funds,13,7,6,Yes,3,5600.93,0,Payment Link,Not Recovered
C10522,2354.19,Wallet,Technical Error,9,8,1,No,14,2294.23,0,Retry,Recovered
C10523,6314.02,Card,Technical Error,13,2,11,No,19,8106.79,3,No Action,Not Recovered
C10524,2172.08,UPI,Authentication Failure,6,5,1,Yes,6,1589.93,2,No Action,Recovered
C10525,944.02,Wallet,Temporary Failure,6,4,2,Yes,36,741.3,2,No Action,Not Recovered
C10526,1087.91,Wallet,Technical Error,11,6,5,No,20,1098.66,1,No Action,Recovered
C10527,4156.87,UPI,Authentication Failure,19,0,19,No,1,3856.73,0,No Action,Not Recovered
C10528,4923.76,Card,Technical Error,11,5,6,Yes,10,5216.71,2,No Action,Not Recovered
C10529,1940.3,UPI,Temporary Failure,10,4,6,No,13,2593.54,0,No Action,Not Recovered
C10530,6666.99,UPI,Temporary Failure,15,3,12,Yes,12,8891.64,0,No Action,Not Recovered
C10531,1058.74,UPI,Temporary Failure,13,9,4,Yes,11,830.07,0,Reminder,Recovered
C10532,3794.04,Card,Bank Declined,8,0,8,No,36,3193.5,0,No Action,Not Recovered
C10533,1518.13,Wallet,Bank Declined,5,3,2,No,17,1107.71,1,Reminder,Not Recovered
C10534,2374.59,Card,Authentication Failure,2,1,1,No,29,3187.25,2,No Action,Not Recovered
C10535,4154.59,UPI,Insufficient Funds,16,10,6,Yes,3,3815.12,0,Payment Link,Recovered
C10536,2009.66,Card,Insufficient Funds,13,6,7,No,29,1928.8,2,No Action,Not Recovered
C10537,2940.71,UPI,Bank Declined,19,3,16,No,10,3652.69,3,No Action,Not Recovered
C10538,8947.09,NetBanking,Technical Error,9,0,9,No,19,9039.95,3,No Action,Not Recovered
C10539,2521.32,UPI,Authentication Failure,15,9,6,Yes,4,1754.35,2,No Action,Recovered
C10540,7805.65,UPI,Technical Error,6,0,6,Yes,12,7417.55,1,No Action,Not Recovered
C10541,1620.17,UPI,Insufficient Funds,8,0,8,No,31,1789.35,1,Payment Link,Recovered
C10542,6111.29,NetBanking,Bank Declined,14,10,4,Yes,2,7183.01,3,No Action,Not Recovered
C10543,12673.96,UPI,Authentication Failure,5,1,4,No,1,14147.71,0,No Action,Not Recovered
C10544,553.76,NetBanking,Insufficient Funds,17,4,13,No,17,385.05,3,No Action,Not Recovered
C10545,2114.41,UPI,Temporary Failure,7,6,1,Yes,25,1783.45,0,Retry,Recovered
C10546,6346.81,UPI,Temporary Failure,9,8,1,No,5,7532.72,3,No Action,Not Recovered
C10547,3400.28,Card,Temporary Failure,16,7,9,No,14,4434.48,3,No Action,Not Recovered
C10548,5382.81,Wallet,Technical Error,18,1,17,No,10,3432.88,1,No Action,Recovered
C10549,2467.26,Wallet,Temporary Failure,13,8,5,Yes,21,1563.71,2,No Action,Recovered
C10550,4286.91,UPI,Temporary Failure,18,3,15,Yes,25,4778.72,2,No Action,Recovered
C10551,3531.61,UPI,Temporary Failure,10,9,1,Yes,35,3667.35,3,No Action,Not Recovered
C10552,10180.97,UPI,Bank Declined,1,0,1,No,3,7373.78,1,No Action,Not Recovered
C10553,4902.92,Card,Insufficient Funds,18,10,8,Yes,18,5092.34,0,Payment Link,Recovered
C10554,5240.29,Card,Bank Declined,19,4,15,No,36,7229.45,3,No Action,Recovered
C10555,2877.13,Wallet,Temporary Failure,2,2,0,Yes,33,3178.42,0,Retry,Recovered
C10556,2708.0,Wallet,Temporary Failure,4,4,0,No,17,2597.82,0,Retry,Recovered
C10557,2829.92,UPI,Insufficient Funds,11,3,8,No,6,3571.43,1,Payment Link,Not Recovered
C10558,5484.12,Card,Insufficient Funds,3,0,3,No,34,4224.19,1,Payment Link,Not Recovered
C10559,2856.24,NetBanking,Temporary Failure,9,5,4,No,26,2660.48,2,No Action,Not Recovered
C10560,5043.57,NetBanking,Temporary Failure,10,0,10,No,31,5155.61,1,No Action,Recovered
C10561,21043.99,UPI,Authentication Failure,2,1,1,No,28,21120.42,3,No Action,Not Recovered
C10562,8030.08,UPI,Bank Declined,7,3,4,Yes,36,10734.43,3,No Action,Recovered
C10563,3081.68,UPI,Temporary Failure,15,3,12,No,13,2570.54,0,No Action,Recovered
C10564,10456.94,UPI,Temporary Failure,19,7,12,No,21,6746.85,2,No Action,Not Recovered
C10565,2885.89,UPI,Authentication Failure,10,8,2,Yes,26,3847.19,0,Reminder,Recovered
C10566,783.33,UPI,Bank Declined,20,19,1,Yes,31,606.03,0,Reminder,Not Recovered
C10567,1785.73,Card,Insufficient Funds,14,5,9,No,16,1612.91,2,No Action,Not Recovered
C10568,895.53,UPI,Technical Error,4,3,1,Yes,31,917.66,0,Retry,Recovered
C10569,3019.48,UPI,Technical Error,11,3,8,No,13,4169.01,2,No Action,Not Recovered
C10570,4059.38,UPI,Technical Error,3,3,0,Yes,30,4173.91,0,Retry,Recovered
C10571,15293.75,NetBanking,Insufficient Funds,17,10,7,Yes,32,14654.39,0,Payment Link,Recovered
C10572,5195.73,NetBanking,Insufficient Funds,7,3,4,No,5,5543.38,2,No Action,Not Recovered
C10573,3356.89,Card,Temporary Failure,11,8,3,Yes,12,4621.25,3,No Action,Recovered
C10574,7766.49,UPI,Authentication Failure,18,13,5,Yes,4,9741.94,0,Reminder,Recovered
C10575,682.08,Wallet,Bank Declined,14,3,11,No,29,501.45,0,No Action,Not Recovered
C10576,4829.71,UPI,Temporary Failure,14,12,2,Yes,5,6001.44,3,No Action,Recovered
C10577,7411.16,UPI,Authentication Failure,6,5,1,Yes,11,9433.51,2,No Action,Recovered
C10578,1225.59,UPI,Authentication Failure,9,8,1,Yes,30,1412.56,2,No Action,Recovered
C10579,9987.13,UPI,Authentication Failure,3,2,1,No,9,11243.38,3,No Action,Not Recovered
C10580,5244.04,UPI,Authentication Failure,17,6,11,No,28,4996.01,2,No Action,Not Recovered
C10581,2869.29,Wallet,Authentication Failure,12,0,12,No,22,3194.54,1,No Action,Not Recovered
C10582,6636.07,Card,Temporary Failure,4,2,2,Yes,11,7897.32,0,No Action,Not Recovered
C10583,24602.51,UPI,Technical Error,20,1,19,No,21,17178.86,2,No Action,Not Recovered
C10584,4626.44,Wallet,Technical Error,16,4,12,No,6,3728.28,3,No Action,Not Recovered
C10585,4878.66,UPI,Temporary Failure,10,7,3,Yes,26,3684.68,0,Retry,Recovered
C10586,2769.88,UPI,Temporary Failure,7,5,2,Yes,16,3525.97,3,No Action,Recovered
C10587,2026.72,Card,Authentication Failure,10,6,4,No,14,2318.57,2,No Action,Not Recovered
C10588,7772.28,Card,Temporary Failure,7,6,1,No,35,7466.23,3,No Action,Not Recovered
C10589,2016.63,UPI,Authentication Failure,18,2,16,No,36,2542.66,3,No Action,Not Recovered
C10590,4235.69,UPI,Temporary Failure,9,5,4,No,22,4970.26,0,No Action,Recovered
C10591,2729.64,Card,Temporary Failure,18,8,10,No,2,3632.81,0,No Action,Not Recovered
C10592,5867.79,Card,Insufficient Funds,17,2,15,Yes,13,3881.22,2,No Action,Not Recovered
C10593,5223.79,Card,Temporary Failure,11,5,6,No,11,5262.06,3,No Action,Not Recovered
C10594,9173.57,UPI,Bank Declined,1,0,1,No,12,10690.86,3,No Action,Not Recovered
C10595,2659.88,UPI,Bank Declined,17,4,13,No,33,2037.45,2,No Action,Recovered
C10596,3223.26,UPI,Temporary Failure,4,1,3,No,22,2777.49,3,No Action,Recovered
C10597,1828.11,UPI,Temporary Failure,4,4,0,Yes,9,1709.61,3,No Action,Not Recovered
C10598,2803.48,Wallet,Insufficient Funds,14,7,7,Yes,7,3463.59,3,No Action,Not Recovered
C10599,5409.38,Card,Temporary Failure,9,7,2,Yes,17,5381.58,3,No Action,Recovered
C10600,7329.34,UPI,Technical Error,13,5,8,Yes,10,7287.53,1,No Action,Not Recovered
C10601,1912.79,NetBanking,Insufficient Funds,16,6,10,Yes,25,1807.03,2,No Action,Not Recovered
C10602,8020.33,Card,Temporary Failure,1,0,1,Yes,27,6278.89,2,No Action,Recovered
C10603,11831.96,UPI,Insufficient Funds,3,0,3,No,30,15836.57,3,No Action,Not Recovered
C10604,5568.04,NetBanking,Temporary Failure,19,6,13,No,30,4756.45,2,No Action,Not Recovered
C10605,17952.53,NetBanking,Temporary Failure,8,6,2,Yes,34,18921.47,1,Retry,Recovered
C10606,2153.86,Card,Temporary Failure,18,3,15,No,33,1548.68,3,No Action,Not Recovered
C10607,1477.82,UPI,Authentication Failure,6,1,5,No,32,1400.08,0,No Action,Not Recovered
C10608,963.98,Card,Authentication Failure,20,12,8,Yes,12,1275.39,1,Reminder,Recovered
C10609,13238.51,NetBanking,Technical Error,6,3,3,No,23,18485.89,0,No Action,Not Recovered
C10610,6751.65,UPI,Insufficient Funds,5,5,0,Yes,29,6004.93,2,No Action,Recovered
C10611,3826.03,UPI,Temporary Failure,12,2,10,No,1,2766.96,2,No Action,Not Recovered
C10612,5004.16,NetBanking,Bank Declined,9,9,0,Yes,20,4261.35,2,No Action,Recovered
C10613,1625.64,UPI,Technical Error,9,6,3,Yes,10,1400.97,3,No Action,Recovered
C10614,28300.97,NetBanking,Authentication Failure,17,4,13,No,19,31572.76,1,No Action,Not Recovered
C10615,4435.64,Card,Temporary Failure,19,2,17,No,23,4422.0,1,No Action,Not Recovered
C10616,4365.84,UPI,Temporary Failure,17,1,16,No,21,5303.48,3,No Action,Not Recovered
C10617,7148.54,UPI,Bank Declined,16,10,6,Yes,35,8299.76,3,No Action,Not Recovered
C10618,5877.33,NetBanking,Technical Error,12,9,3,No,32,4708.02,2,No Action,Not Recovered
C10619,4784.6,UPI,Technical Error,3,3,0,Yes,10,5872.64,1,Retry,Recovered
C10620,2125.3,Card,Bank Declined,14,6,8,Yes,2,2716.07,2,No Action,Not Recovered
C10621,5832.64,Card,Authentication Failure,17,12,5,Yes,36,6291.74,1,Reminder,Recovered
C10622,18027.78,Card,Bank Declined,16,6,10,Yes,6,24195.7,3,No Action,Not Recovered
C10623,11735.64,Wallet,Authentication Failure,12,9,3,Yes,17,14392.1,2,No Action,Recovered
C10624,14308.36,Card,Authentication Failure,2,2,0,Yes,15,15400.33,1,Reminder,Recovered
C10625,2657.33,UPI,Technical Error,8,5,3,Yes,36,3520.78,3,No Action,Recovered
C10626,1812.32,Wallet,Insufficient Funds,12,3,9,No,24,1957.83,0,Payment Link,Not Recovered
C10627,3617.07,Card,Temporary Failure,16,15,1,Yes,29,3678.39,2,No Action,Not Recovered
C10628,4182.35,UPI,Bank Declined,8,3,5,No,14,3701.41,1,No Action,Recovered
C10629,9598.89,UPI,Insufficient Funds,16,5,11,Yes,2,12538.94,1,Payment Link,Not Recovered
C10630,1032.85,NetBanking,Authentication Failure,10,8,2,No,22,721.12,2,No Action,Not Recovered
C10631,13598.16,UPI,Temporary Failure,20,12,8,No,6,13309.91,1,Reminder,Recovered
C10632,3525.03,Card,Temporary Failure,15,14,1,Yes,9,3630.54,0,Retry,Recovered
C10633,2842.8,Card,Technical Error,4,1,3,No,12,2967.31,0,No Action,Not Recovered
C10634,1780.0,UPI,Temporary Failure,15,13,2,Yes,5,1996.29,1,Retry,Recovered
C10635,1064.4,Card,Insufficient Funds,4,4,0,Yes,1,1069.34,2,No Action,Not Recovered
C10636,7727.85,UPI,Insufficient Funds,11,5,6,No,10,6224.43,1,Payment Link,Recovered
C10637,4241.63,UPI,Bank Declined,6,4,2,No,11,5452.85,1,Reminder,Recovered
C10638,1425.22,Card,Temporary Failure,4,2,2,No,27,1604.83,0,No Action,Not Recovered
C10639,1419.4,UPI,Authentication Failure,9,8,1,Yes,23,1826.13,3,No Action,Not Recovered
C10640,3057.71,Card,Insufficient Funds,9,5,4,No,20,2509.87,3,No Action,Not Recovered
C10641,15203.29,NetBanking,Authentication Failure,3,2,1,No,5,16870.26,1,Reminder,Not Recovered
C10642,3249.89,NetBanking,Insufficient Funds,5,0,5,No,13,3806.72,2,No Action,Not Recovered
C10643,1201.75,UPI,Temporary Failure,15,14,1,No,10,1089.66,0,Retry,Not Recovered
C10644,3286.09,UPI,Temporary Failure,9,6,3,No,36,4106.94,3,No Action,Recovered
C10645,3215.93,Card,Temporary Failure,2,1,1,No,16,1936.01,1,No Action,Not Recovered
C10646,462.45,Wallet,Bank Declined,3,0,3,Yes,7,497.57,2,No Action,Not Recovered
C10647,3829.98,NetBanking,Temporary Failure,12,0,12,No,32,4177.95,0,No Action,Not Recovered
C10648,3325.26,NetBanking,Insufficient Funds,16,12,4,Yes,25,3415.29,3,No Action,Recovered
C10649,6981.47,UPI,Bank Declined,5,0,5,No,26,7707.81,3,No Action,Not Recovered
C10650,17557.11,UPI,Temporary Failure,10,2,8,Yes,36,12883.08,3,No Action,Recovered
C10651,9850.74,Card,Temporary Failure,15,12,3,Yes,28,11306.93,2,No Action,Recovered
C10652,3225.81,UPI,Technical Error,14,8,6,No,12,2802.04,2,No Action,Not Recovered
C10653,1650.49,UPI,Authentication Failure,14,0,14,Yes,26,1587.18,2,No Action,Not Recovered
C10654,31342.73,Wallet,Temporary Failure,13,0,13,No,4,27158.08,1,No Action,Recovered
C10655,4194.06,UPI,Temporary Failure,16,4,12,No,23,4106.61,0,No Action,Not Recovered
C10656,4044.82,UPI,Authentication Failure,8,7,1,No,24,4438.2,1,Reminder,Not Recovered
C10657,3923.54,UPI,Temporary Failure,8,1,7,No,31,4985.54,0,No Action,Not Recovered
C10658,4686.86,Wallet,Authentication Failure,17,3,14,No,30,4624.75,2,No Action,Not Recovered
C10659,3563.72,Card,Temporary Failure,17,0,17,No,3,3059.74,3,No Action,Not Recovered
C10660,2527.84,Card,Authentication Failure,3,2,1,No,16,2503.46,2,No Action,Recovered
C10661,2582.63,Wallet,Insufficient Funds,1,1,0,No,34,2972.72,1,Payment Link,Recovered
C10662,3896.55,UPI,Authentication Failure,17,3,14,No,28,3418.68,2,No Action,Not Recovered
C10663,2589.73,Card,Insufficient Funds,16,8,8,No,7,2412.14,2,No Action,Not Recovered
C10664,2261.48,UPI,Bank Declined,17,9,8,No,8,2375.17,2,No Action,Not Recovered
C10665,4355.5,UPI,Temporary Failure,2,2,0,No,7,3637.75,3,No Action,Recovered
C10666,3261.91,NetBanking,Temporary Failure,14,2,12,Yes,7,2502.76,0,No Action,Recovered
C10667,13322.96,NetBanking,Technical Error,7,1,6,No,18,9490.13,0,No Action,Not Recovered
C10668,479.75,UPI,Bank Declined,19,4,15,Yes,21,423.18,1,No Action,Not Recovered
C10669,9578.3,UPI,Authentication Failure,1,1,0,No,34,6117.41,0,Reminder,Recovered
C10670,10839.13,Card,Insufficient Funds,17,0,17,No,27,11563.03,2,No Action,Not Recovered
C10671,761.54,UPI,Authentication Failure,10,10,0,Yes,8,564.09,3,No Action,Recovered
C10672,3040.87,UPI,Insufficient Funds,6,3,3,No,34,2742.61,2,No Action,Not Recovered
C10673,2971.72,UPI,Authentication Failure,7,1,6,No,18,2423.08,2,No Action,Not Recovered
C10674,1297.3,UPI,Authentication Failure,6,2,4,Yes,12,1432.62,1,No Action,Recovered
C10675,2146.93,NetBanking,Insufficient Funds,5,4,1,Yes,22,2748.66,2,No Action,Recovered
C10676,1645.15,UPI,Authentication Failure,2,1,1,No,22,1820.59,2,No Action,Not Recovered
C10677,16250.29,UPI,Technical Error,18,13,5,No,8,16802.86,1,Retry,Recovered
C10678,8455.67,Card,Temporary Failure,17,11,6,Yes,28,9599.44,0,Reminder,Recovered
C10679,11062.25,NetBanking,Bank Declined,7,3,4,No,32,6902.76,0,No Action,Not Recovered
C10680,7125.16,UPI,Temporary Failure,19,15,4,Yes,11,4975.33,0,Retry,Recovered
C10681,1621.02,UPI,Technical Error,7,4,3,No,21,1095.72,1,No Action,Not Recovered
C10682,2629.2,UPI,Temporary Failure,7,7,0,Yes,26,1784.06,1,Retry,Recovered
C10683,5916.79,Card,Temporary Failure,16,16,0,No,14,4783.06,3,No Action,Not Recovered
C10684,1504.7,Card,Insufficient Funds,12,0,12,Yes,15,1543.28,3,No Action,Not Recovered
C10685,7075.89,NetBanking,Bank Declined,15,11,4,Yes,14,4894.71,2,No Action,Not Recovered
C10686,3300.37,Wallet,Authentication Failure,15,6,9,Yes,12,4449.21,2,No Action,Recovered
C10687,2963.7,NetBanking,Authentication Failure,11,11,0,Yes,36,3803.63,1,Reminder,Recovered
C10688,7064.36,Card,Insufficient Funds,2,0,2,Yes,3,9729.85,1,Payment Link,Not Recovered
C10689,5707.07,Card,Temporary Failure,3,3,0,Yes,7,3618.28,3,No Action,Recovered
C10690,2996.73,UPI,Technical Error,19,7,12,Yes,1,3839.18,2,No Action,Not Recovered
C10691,10112.36,Wallet,Bank Declined,20,9,11,No,25,12569.53,2,No Action,Not Recovered
C10692,1684.46,UPI,Insufficient Funds,15,14,1,Yes,31,2226.32,2,No Action,Recovered
C10693,6547.24,UPI,Insufficient Funds,16,13,3,Yes,22,6693.61,0,Payment Link,Recovered
C10694,6428.72,Card,Bank Declined,1,0,1,No,10,7909.33,3,No Action,Not Recovered
C10695,3122.57,UPI,Insufficient Funds,15,8,7,No,18,2001.66,0,Payment Link,Not Recovered
C10696,5192.42,Card,Technical Error,12,12,0,Yes,13,3430.64,2,No Action,Recovered
C10697,1470.21,Card,Bank Declined,7,4,3,No,8,1021.54,1,No Action,Not Recovered
C10698,8377.22,UPI,Authentication Failure,7,0,7,No,9,11157.04,3,No Action,Not Recovered
C10699,3449.99,NetBanking,Bank Declined,11,2,9,No,15,2238.82,0,No Action,Not Recovered
C10700,2632.98,UPI,Temporary Failure,20,10,10,No,8,1790.74,2,No Action,Not Recovered
C10701,9258.13,UPI,Authentication Failure,11,11,0,No,33,12445.97,0,Reminder,Recovered
C10702,2276.91,Card,Bank Declined,17,2,15,No,35,1561.76,1,No Action,Not Recovered
C10703,1296.31,Card,Temporary Failure,3,1,2,No,19,1679.77,3,No Action,Recovered
C10704,1151.41,NetBanking,Bank Declined,16,14,2,Yes,30,1417.87,1,Reminder,Recovered
C10705,6495.45,UPI,Insufficient Funds,5,4,1,Yes,9,4106.59,1,Payment Link,Recovered
C10706,1436.13,Card,Technical Error,2,2,0,No,19,886.78,3,No Action,Recovered
C10707,16283.13,UPI,Insufficient Funds,7,3,4,No,26,16731.09,2,No Action,Not Recovered
C10708,756.35,Wallet,Technical Error,10,4,6,No,1,1057.18,2,No Action,Not Recovered
C10709,15540.65,UPI,Temporary Failure,5,0,5,No,3,20250.46,0,No Action,Not Recovered
C10710,4735.6,Card,Insufficient Funds,15,15,0,Yes,34,4015.89,2,No Action,Not Recovered
C10711,3702.19,UPI,Authentication Failure,12,10,2,Yes,25,3365.47,2,No Action,Recovered
C10712,2586.64,UPI,Technical Error,10,8,2,Yes,30,2354.68,2,No Action,Recovered
C10713,5504.71,Card,Temporary Failure,17,3,14,No,1,6535.98,0,No Action,Not Recovered
C10714,3881.36,NetBanking,Temporary Failure,20,5,15,No,18,3388.06,3,No Action,Recovered
C10715,9669.11,Card,Insufficient Funds,20,17,3,Yes,33,6944.72,2,No Action,Recovered
C10716,4382.75,Wallet,Bank Declined,11,2,9,No,9,5249.16,1,No Action,Not Recovered
C10717,4511.08,Card,Technical Error,8,8,0,Yes,7,4359.56,2,No Action,Recovered
C10718,2990.39,Card,Technical Error,15,5,10,No,30,1977.91,2,No Action,Not Recovered
C10719,3821.86,UPI,Bank Declined,2,2,0,Yes,13,4708.69,3,No Action,Recovered
C10720,5116.83,NetBanking,Technical Error,17,4,13,Yes,17,5466.05,1,No Action,Recovered
C10721,1018.33,UPI,Insufficient Funds,6,1,5,No,13,1009.67,0,Payment Link,Not Recovered
C10722,1360.36,NetBanking,Temporary Failure,13,6,7,Yes,13,1549.01,2,No Action,Recovered
C10723,7249.31,Wallet,Bank Declined,8,5,3,Yes,10,7280.44,2,No Action,Recovered
C10724,4585.9,Wallet,Authentication Failure,11,10,1,Yes,14,5130.41,2,No Action,Recovered
C10725,3452.53,Card,Technical Error,15,14,1,Yes,5,4467.54,2,No Action,Not Recovered
C10726,4059.43,Card,Bank Declined,13,1,12,Yes,36,4428.07,1,No Action,Not Recovered
C10727,5282.29,NetBanking,Bank Declined,18,5,13,No,35,5956.73,3,No Action,Not Recovered
C10728,2597.34,UPI,Authentication Failure,18,12,6,No,23,2833.92,3,No Action,Not Recovered
C10729,2146.1,Card,Insufficient Funds,17,12,5,Yes,5,2199.63,2,No Action,Recovered
C10730,4678.47,UPI,Insufficient Funds,13,0,13,No,28,3450.74,0,Payment Link,Not Recovered
C10731,1828.68,Card,Authentication Failure,3,3,0,Yes,23,1588.29,1,Reminder,Recovered
C10732,5545.0,UPI,Authentication Failure,7,3,4,No,34,6401.63,1,No Action,Not Recovered
C10733,1024.52,UPI,Insufficient Funds,12,0,12,No,31,963.44,0,Payment Link,Not Recovered
C10734,9112.24,UPI,Insufficient Funds,4,1,3,Yes,7,8427.94,2,No Action,Not Recovered
C10735,5837.91,UPI,Insufficient Funds,11,0,11,No,7,7048.78,2,No Action,Not Recovered
C10736,4909.24,Card,Temporary Failure,14,5,9,Yes,4,2967.42,2,No Action,Not Recovered
C10737,8779.74,UPI,Authentication Failure,18,10,8,Yes,32,10036.96,0,No Action,Not Recovered
C10738,15160.21,Card,Insufficient Funds,7,5,2,Yes,28,15029.55,1,Payment Link,Recovered
C10739,9005.09,UPI,Authentication Failure,5,0,5,No,4,8117.28,3,No Action,Not Recovered
C10740,917.22,Card,Temporary Failure,16,3,13,Yes,8,800.21,2,No Action,Not Recovered
C10741,1437.11,Card,Bank Declined,11,3,8,Yes,14,1061.02,0,No Action,Not Recovered
C10742,2426.47,Card,Temporary Failure,3,3,0,Yes,30,2104.72,0,Retry,Recovered
C10743,4084.37,Card,Technical Error,16,1,15,No,3,3729.58,2,No Action,Not Recovered
C10744,6052.2,UPI,Bank Declined,11,4,7,No,2,5749.34,0,No Action,Not Recovered
C10745,2238.26,NetBanking,Bank Declined,10,3,7,No,10,2546.78,2,No Action,Not Recovered
C10746,4644.61,UPI,Temporary Failure,2,1,1,No,6,4472.09,2,No Action,Not Recovered
C10747,2185.81,Card,Temporary Failure,16,2,14,No,7,2703.91,2,No Action,Not Recovered
C10748,2452.43,Card,Temporary Failure,17,15,2,Yes,16,2726.59,1,Retry,Recovered
C10749,1298.18,UPI,Temporary Failure,10,9,1,Yes,6,975.81,0,Retry,Recovered
C10750,1911.15,Card,Bank Declined,18,14,4,Yes,16,1570.47,3,No Action,Not Recovered
C10751,1356.55,Card,Bank Declined,12,3,9,No,27,899.93,1,No Action,Not Recovered
C10752,1832.34,UPI,Bank Declined,8,0,8,No,12,2485.71,2,No Action,Not Recovered
C10753,9292.5,UPI,Bank Declined,3,1,2,No,22,12166.12,0,No Action,Not Recovered
C10754,1871.57,UPI,Temporary Failure,20,14,6,Yes,15,1249.9,3,No Action,Recovered
C10755,32858.16,Wallet,Temporary Failure,3,1,2,Yes,22,34805.36,2,No Action,Recovered
C10756,5935.48,Card,Temporary Failure,6,3,3,No,35,8121.64,0,No Action,Recovered
C10757,4637.44,UPI,Technical Error,2,1,1,Yes,15,5554.33,2,No Action,Recovered
C10758,2012.96,UPI,Bank Declined,3,1,2,No,23,1999.77,3,No Action,Recovered
C10759,7004.43,Card,Temporary Failure,17,15,2,No,2,5553.69,0,Retry,Recovered
C10760,2523.85,NetBanking,Temporary Failure,9,4,5,No,2,2077.71,3,No Action,Not Recovered
C10761,4410.12,UPI,Authentication Failure,4,2,2,No,19,5243.59,2,No Action,Recovered
C10762,31011.62,UPI,Technical Error,2,0,2,No,5,37972.5,2,No Action,Not Recovered
C10763,3704.12,NetBanking,Bank Declined,9,7,2,No,4,3789.15,3,No Action,Not Recovered
C10764,10031.33,UPI,Insufficient Funds,14,2,12,No,28,6989.42,1,Payment Link,Not Recovered
C10765,2279.04,UPI,Temporary Failure,11,0,11,No,18,3070.08,1,No Action,Recovered
C10766,3889.59,Wallet,Authentication Failure,2,1,1,No,31,4962.38,0,No Action,Recovered
C10767,16492.98,Card,Technical Error,2,2,0,Yes,22,11750.11,0,Retry,Recovered
C10768,2422.31,UPI,Insufficient Funds,5,2,3,No,11,1563.32,1,Payment Link,Not Recovered
C10769,17051.76,UPI,Technical Error,7,2,5,No,16,17541.05,3,No Action,Not Recovered
C10770,7046.25,UPI,Technical Error,4,4,0,Yes,4,5829.46,2,No Action,Recovered
C10771,2550.58,UPI,Temporary Failure,14,1,13,No,21,2108.31,2,No Action,Not Recovered
C10772,6634.08,NetBanking,Insufficient Funds,2,2,0,No,25,4443.36,0,Payment Link,Recovered
C10773,8708.83,UPI,Temporary Failure,12,0,12,No,20,11867.6,0,No Action,Not Recovered
C10774,6578.08,Card,Temporary Failure,10,10,0,No,8,8315.57,2,No Action,Not Recovered
C10775,1138.96,Wallet,Technical Error,1,1,0,No,9,787.1,1,Retry,Recovered
C10776,2235.77,UPI,Temporary Failure,19,1,18,No,18,2909.36,0,No Action,Not Recovered
C10777,3281.43,UPI,Technical Error,16,8,8,No,31,3761.72,2,No Action,Not Recovered
C10778,3768.77,Card,Authentication Failure,15,1,14,No,35,3242.47,0,No Action,Not Recovered
C10779,6572.09,Wallet,Temporary Failure,14,1,13,No,30,8524.0,1,No Action,Recovered
C10780,4611.05,NetBanking,Insufficient Funds,9,4,5,Yes,18,4972.64,3,No Action,Not Recovered
C10781,1374.4,UPI,Technical Error,15,8,7,No,19,1757.77,0,No Action,Not Recovered
C10782,5421.93,Card,Technical Error,7,3,4,No,24,5288.63,2,No Action,Not Recovered
C10783,6519.27,Card,Technical Error,4,1,3,No,22,6522.67,1,No Action,Not Recovered
C10784,6259.67,Wallet,Insufficient Funds,18,12,6,Yes,14,5213.1,2,No Action,Recovered
C10785,9496.46,UPI,Insufficient Funds,8,3,5,No,19,8643.24,1,Payment Link,Recovered
C10786,7794.61,Card,Bank Declined,12,11,1,Yes,29,8217.09,3,No Action,Not Recovered
C10787,5775.58,NetBanking,Authentication Failure,15,8,7,No,22,7841.2,3,No Action,Recovered
C10788,3781.66,UPI,Insufficient Funds,15,14,1,Yes,30,4084.55,2,No Action,Recovered
C10789,1059.21,Card,Authentication Failure,17,1,16,No,15,760.41,3,No Action,Not Recovered
C10790,5640.59,UPI,Temporary Failure,2,0,2,No,21,3415.92,0,No Action,Recovered
C10791,4723.0,UPI,Authentication Failure,12,3,9,No,26,6049.17,1,No Action,Recovered
C10792,4970.68,UPI,Bank Declined,3,2,1,No,36,4431.16,1,Reminder,Not Recovered
C10793,1440.36,Wallet,Insufficient Funds,7,3,4,No,12,1227.15,1,Payment Link,Not Recovered
C10794,1684.47,UPI,Bank Declined,6,0,6,No,7,2089.73,3,No Action,Not Recovered
C10795,9288.87,Card,Temporary Failure,14,3,11,No,11,12598.41,3,No Action,Not Recovered
C10796,3875.41,Card,Temporary Failure,5,2,3,No,20,4644.43,0,No Action,Recovered
C10797,6899.82,UPI,Temporary Failure,4,4,0,No,35,5099.5,3,No Action,Not Recovered
C10798,4091.65,Card,Temporary Failure,15,1,14,No,4,3736.1,1,No Action,Not Recovered
C10799,4096.36,Card,Insufficient Funds,7,4,3,No,2,4946.43,0,Payment Link,Not Recovered
C10800,8473.31,NetBanking,Technical Error,3,1,2,No,20,11231.72,0,No Action,Recovered
C10801,2647.08,Card,Bank Declined,13,3,10,No,20,3702.95,1,No Action,Not Recovered
C10802,4319.72,Card,Temporary Failure,10,7,3,Yes,12,4359.67,2,No Action,Recovered
C10803,2763.43,UPI,Authentication Failure,2,2,0,No,17,3476.45,3,No Action,Not Recovered
C10804,2825.53,Wallet,Bank Declined,12,8,4,No,18,1800.73,3,No Action,Not Recovered
C10805,3123.51,UPI,Authentication Failure,12,7,5,No,24,2588.33,1,No Action,Not Recovered
C10806,4777.9,NetBanking,Bank Declined,19,0,19,Yes,8,4286.78,2,No Action,Not Recovered
C10807,2727.25,UPI,Temporary Failure,19,17,2,No,30,3764.75,3,No Action,Recovered
C10808,10923.31,Wallet,Insufficient Funds,3,3,0,Yes,20,6583.64,2,No Action,Recovered
C10809,1955.43,Card,Bank Declined,6,1,5,No,23,1655.11,1,No Action,Not Recovered
C10810,3444.56,NetBanking,Temporary Failure,2,0,2,No,10,4630.62,1,No Action,Not Recovered
C10811,2813.73,UPI,Temporary Failure,13,1,12,No,33,2378.57,2,No Action,Recovered
C10812,12728.92,UPI,Temporary Failure,9,3,6,No,24,9929.24,1,No Action,Recovered
C10813,4681.12,Card,Temporary Failure,13,12,1,Yes,36,5542.78,1,Retry,Recovered
C10814,9131.87,NetBanking,Insufficient Funds,14,12,2,No,16,10924.19,0,Payment Link,Recovered
C10815,1218.77,UPI,Insufficient Funds,19,14,5,Yes,28,1191.64,2,No Action,Not Recovered
C10816,4952.71,Wallet,Temporary Failure,11,0,11,No,12,6723.47,3,No Action,Not Recovered
C10817,8149.85,NetBanking,Bank Declined,14,2,12,No,20,6211.54,3,No Action,Not Recovered
C10818,4272.17,UPI,Bank Declined,16,5,11,No,18,5685.12,0,No Action,Not Recovered
C10819,9380.93,NetBanking,Temporary Failure,10,8,2,Yes,26,11298.45,1,Retry,Recovered
C10820,2644.45,Card,Temporary Failure,20,16,4,No,7,2365.64,1,Retry,Recovered
C10821,12351.44,Card,Temporary Failure,16,14,2,Yes,21,15384.05,0,Retry,Recovered
C10822,25163.96,UPI,Insufficient Funds,2,0,2,No,32,17779.89,0,Payment Link,Not Recovered
C10823,2992.24,Card,Temporary Failure,16,3,13,No,7,2108.89,1,No Action,Not Recovered
C10824,2800.76,Card,Insufficient Funds,14,4,10,Yes,23,3764.08,2,No Action,Not Recovered
C10825,12794.33,UPI,Bank Declined,18,1,17,Yes,20,8646.72,0,No Action,Not Recovered
C10826,14153.36,Card,Bank Declined,6,2,4,No,20,8538.21,2,No Action,Not Recovered
C10827,2632.69,Card,Temporary Failure,7,2,5,No,32,2398.97,3,No Action,Recovered
C10828,2858.07,Card,Insufficient Funds,13,4,9,No,26,1952.29,1,Payment Link,Not Recovered
C10829,3192.7,UPI,Bank Declined,2,1,1,No,36,4119.95,2,No Action,Not Recovered
C10830,1364.43,NetBanking,Authentication Failure,15,3,12,No,24,1825.82,2,No Action,Not Recovered
C10831,1918.17,Card,Technical Error,17,4,13,No,1,1891.2,1,No Action,Not Recovered
C10832,1791.37,UPI,Bank Declined,13,2,11,No,28,1684.56,1,No Action,Not Recovered
C10833,2164.21,UPI,Insufficient Funds,7,7,0,No,26,2231.8,3,No Action,Not Recovered
C10834,3890.53,Card,Insufficient Funds,1,0,1,Yes,34,3038.33,1,Payment Link,Not Recovered
C10835,4824.3,NetBanking,Authentication Failure,3,3,0,Yes,26,4044.56,2,No Action,Not Recovered
C10836,13827.99,UPI,Temporary Failure,20,11,9,No,36,9413.84,0,No Action,Not Recovered
C10837,1799.68,Card,Authentication Failure,18,8,10,No,5,1722.58,1,No Action,Not Recovered
C10838,8791.21,UPI,Bank Declined,7,7,0,Yes,2,9576.73,1,Reminder,Recovered
C10839,3370.64,Card,Bank Declined,17,15,2,No,32,4530.74,0,Reminder,Not Recovered
C10840,3844.81,Wallet,Temporary Failure,12,5,7,Yes,34,4580.16,1,No Action,Recovered
C10841,6863.04,NetBanking,Bank Declined,16,0,16,No,30,8087.76,1,No Action,Not Recovered
C10842,1629.25,UPI,Insufficient Funds,10,3,7,No,24,1379.0,0,Payment Link,Not Recovered
C10843,5431.54,Card,Temporary Failure,16,3,13,No,28,7118.76,2,No Action,Not Recovered
C10844,4569.74,UPI,Temporary Failure,20,8,12,No,3,6203.72,3,No Action,Not Recovered
C10845,5931.37,UPI,Authentication Failure,18,18,0,No,10,7982.5,3,No Action,Not Recovered
C10846,5041.13,NetBanking,Bank Declined,15,13,2,Yes,6,3181.17,3,No Action,Not Recovered
C10847,28517.97,NetBanking,Insufficient Funds,11,5,6,No,34,30898.66,2,No Action,Not Recovered
C10848,2401.52,UPI,Temporary Failure,18,11,7,No,31,2676.69,3,No Action,Recovered
C10849,2615.61,Wallet,Technical Error,6,5,1,No,13,2186.79,2,No Action,Recovered
C10850,2429.73,Card,Technical Error,1,1,0,No,20,3386.87,1,Retry,Recovered
C10851,2564.88,UPI,Bank Declined,7,7,0,Yes,32,2136.42,3,No Action,Recovered
C10852,2402.2,Card,Bank Declined,12,11,1,Yes,10,1857.6,0,Reminder,Recovered
C10853,10355.39,Card,Insufficient Funds,20,3,17,Yes,26,10224.05,2,No Action,Not Recovered
C10854,12462.17,Card,Bank Declined,4,0,4,No,19,10699.0,3,No Action,Not Recovered
C10855,2533.74,Card,Temporary Failure,10,0,10,Yes,29,3393.24,0,No Action,Not Recovered
C10856,2055.28,Card,Authentication Failure,2,1,1,No,13,1956.75,3,No Action,Not Recovered
C10857,5832.39,UPI,Bank Declined,9,5,4,Yes,34,5413.16,2,No Action,Recovered
C10858,2571.57,NetBanking,Insufficient Funds,10,9,1,Yes,20,2830.5,2,No Action,Not Recovered
C10859,6636.87,Card,Insufficient Funds,20,12,8,Yes,18,4412.8,1,Payment Link,Recovered
C10860,4705.03,UPI,Technical Error,11,6,5,No,34,5671.38,2,No Action,Recovered
C10861,1189.7,NetBanking,Temporary Failure,14,12,2,Yes,8,1445.15,3,No Action,Recovered
C10862,13794.89,Wallet,Temporary Failure,3,0,3,No,16,13508.24,2,No Action,Not Recovered
C10863,16827.2,Wallet,Bank Declined,1,0,1,No,23,22961.7,0,No Action,Not Recovered
C10864,2449.94,UPI,Insufficient Funds,7,7,0,Yes,32,2605.44,1,Payment Link,Not Recovered
C10865,2933.31,UPI,Technical Error,4,0,4,No,13,3391.46,1,No Action,Not Recovered
C10866,5027.82,Card,Temporary Failure,7,1,6,No,26,6734.64,2,No Action,Not Recovered
C10867,5227.12,UPI,Technical Error,16,13,3,Yes,1,5922.73,3,No Action,Recovered
C10868,6774.26,Wallet,Temporary Failure,10,8,2,Yes,2,6404.8,1,Retry,Recovered
C10869,19974.53,UPI,Temporary Failure,15,13,2,Yes,13,12380.55,3,No Action,Recovered
C10870,3472.02,UPI,Authentication Failure,16,6,10,No,27,4106.15,3,No Action,Not Recovered
C10871,2112.04,UPI,Bank Declined,6,3,3,No,4,2897.49,0,No Action,Not Recovered
C10872,1326.89,UPI,Insufficient Funds,4,2,2,No,20,1295.29,1,Payment Link,Recovered
C10873,2228.99,NetBanking,Temporary Failure,4,2,2,No,3,1943.27,2,No Action,Not Recovered
C10874,3895.39,Card,Bank Declined,4,2,2,No,23,3955.41,3,No Action,Not Recovered
C10875,16809.44,UPI,Bank Declined,17,10,7,No,2,19881.36,1,No Action,Not Recovered
C10876,2643.77,UPI,Authentication Failure,13,4,9,No,16,1587.72,1,No Action,Not Recovered
C10877,4784.23,Card,Authentication Failure,2,2,0,No,10,6266.24,3,No Action,Recovered
C10878,3947.79,UPI,Bank Declined,20,12,8,Yes,28,5168.01,2,No Action,Recovered
C10879,10350.23,Card,Insufficient Funds,6,3,3,No,18,10692.18,1,Payment Link,Recovered
C10880,30199.95,Card,Insufficient Funds,1,1,0,No,2,21076.64,1,Payment Link,Recovered
C10881,2615.88,Card,Bank Declined,8,6,2,Yes,14,2975.42,2,No Action,Recovered
C10882,2704.03,Wallet,Temporary Failure,18,16,2,Yes,20,1920.61,3,No Action,Recovered
C10883,9222.29,Wallet,Insufficient Funds,4,0,4,No,23,9277.97,3,No Action,Not Recovered
C10884,6901.97,Wallet,Temporary Failure,5,4,1,No,7,4658.17,3,No Action,Recovered
C10885,17525.56,UPI,Temporary Failure,5,5,0,Yes,14,18774.3,3,No Action,Recovered
C10886,6381.72,UPI,Temporary Failure,15,10,5,Yes,8,5452.9,2,No Action,Recovered
C10887,3000.75,UPI,Insufficient Funds,10,3,7,No,5,3795.33,0,Payment Link,Recovered
C10888,6416.15,NetBanking,Technical Error,8,1,7,No,23,7955.75,2,No Action,Not Recovered
C10889,9710.98,Wallet,Insufficient Funds,7,4,3,No,10,13583.52,2,No Action,Not Recovered
C10890,7711.25,NetBanking,Insufficient Funds,12,5,7,No,27,6215.29,3,No Action,Not Recovered
C10891,6002.13,UPI,Temporary Failure,11,3,8,No,35,3898.03,1,No Action,Not Recovered
C10892,9389.9,Wallet,Bank Declined,13,13,0,Yes,1,8961.75,2,No Action,Recovered
C10893,10193.3,UPI,Temporary Failure,15,11,4,Yes,7,6796.1,3,No Action,Not Recovered
C10894,12085.68,UPI,Bank Declined,17,3,14,No,8,8977.24,1,No Action,Not Recovered
C10895,6721.17,UPI,Authentication Failure,18,6,12,No,11,7244.35,2,No Action,Not Recovered
C10896,3499.43,UPI,Temporary Failure,8,3,5,Yes,34,3757.35,0,No Action,Recovered
C10897,4498.15,Card,Temporary Failure,6,1,5,No,28,2854.8,0,No Action,Recovered
C10898,10501.33,UPI,Insufficient Funds,11,3,8,No,34,10021.67,3,No Action,Not Recovered
C10899,2080.79,Card,Authentication Failure,9,6,3,Yes,20,2131.09,1,Reminder,Recovered
C10900,5372.18,Card,Technical Error,5,0,5,Yes,28,4375.21,1,No Action,Not Recovered
C10901,2920.12,NetBanking,Authentication Failure,7,6,1,No,3,3789.25,3,No Action,Not Recovered
C10902,4093.05,Card,Insufficient Funds,15,3,12,Yes,9,2983.34,3,No Action,Not Recovered
C10903,11123.45,UPI,Authentication Failure,4,4,0,Yes,22,8933.48,1,Reminder,Not Recovered
C10904,4660.74,NetBanking,Temporary Failure,19,4,15,No,25,3381.81,0,No Action,Not Recovered
C10905,4151.39,Wallet,Temporary Failure,13,13,0,Yes,2,2877.9,0,Retry,Recovered
C10906,1347.71,UPI,Authentication Failure,1,1,0,No,23,1756.31,2,No Action,Recovered
C10907,7266.66,Card,Authentication Failure,1,0,1,No,17,5975.28,2,No Action,Not Recovered
C10908,6703.85,UPI,Temporary Failure,14,1,13,No,25,7897.26,1,No Action,Not Recovered
C10909,22576.24,UPI,Temporary Failure,9,8,1,Yes,12,21275.53,0,Retry,Recovered
C10910,3126.99,Card,Temporary Failure,12,5,7,No,27,3466.89,2,No Action,Recovered
C10911,4766.51,NetBanking,Temporary Failure,18,15,3,Yes,20,6399.23,0,Retry,Recovered
C10912,4883.2,UPI,Temporary Failure,9,0,9,No,9,6229.43,0,No Action,Not Recovered
C10913,14129.39,NetBanking,Authentication Failure,8,2,6,No,23,9257.42,1,No Action,Not Recovered
C10914,3706.39,NetBanking,Bank Declined,14,6,8,No,36,4729.95,0,No Action,Not Recovered
C10915,5000.37,Wallet,Technical Error,9,6,3,Yes,28,4807.65,1,Reminder,Recovered
C10916,6505.26,UPI,Technical Error,20,4,16,Yes,29,5725.39,2,No Action,Not Recovered
C10917,4644.03,Wallet,Bank Declined,2,2,0,No,32,5284.49,3,No Action,Not Recovered
C10918,2798.68,UPI,Technical Error,1,0,1,No,12,3806.67,0,No Action,Not Recovered
C10919,4671.9,Card,Bank Declined,13,6,7,No,30,3154.97,3,No Action,Not Recovered
C10920,9442.3,UPI,Insufficient Funds,10,4,6,No,11,11467.31,3,No Action,Not Recovered
C10921,1759.59,UPI,Bank Declined,8,5,3,Yes,20,1342.23,1,Reminder,Recovered
C10922,4448.96,Card,Bank Declined,7,2,5,No,11,4022.34,0,No Action,Not Recovered
C10923,2284.62,UPI,Technical Error,12,5,7,No,16,2967.85,0,No Action,Not Recovered
C10924,10405.47,UPI,Authentication Failure,17,13,4,Yes,35,10786.72,2,No Action,Recovered
C10925,1182.63,UPI,Insufficient Funds,12,7,5,No,1,773.4,3,No Action,Not Recovered
C10926,2557.82,Card,Technical Error,16,1,15,No,25,2574.29,3,No Action,Not Recovered
C10927,5409.0,UPI,Temporary Failure,10,1,9,No,27,6662.34,1,No Action,Not Recovered
C10928,13995.19,NetBanking,Technical Error,12,5,7,No,32,14318.54,0,No Action,Not Recovered
C10929,3795.04,UPI,Insufficient Funds,11,7,4,Yes,6,2783.71,0,Payment Link,Recovered
C10930,2565.45,UPI,Temporary Failure,14,4,10,No,36,2452.65,3,No Action,Not Recovered
C10931,18015.28,UPI,Insufficient Funds,20,13,7,Yes,23,24131.04,2,No Action,Recovered
C10932,1255.94,Card,Bank Declined,13,0,13,Yes,29,1414.9,3,No Action,Not Recovered
C10933,688.84,UPI,Temporary Failure,2,2,0,No,30,815.52,0,Retry,Recovered
C10934,5687.7,UPI,Authentication Failure,20,0,20,No,22,6988.76,1,No Action,Not Recovered
C10935,2676.88,Wallet,Temporary Failure,7,1,6,No,11,1800.35,1,No Action,Not Recovered
C10936,1767.04,Card,Authentication Failure,1,0,1,Yes,26,1882.3,1,No Action,Not Recovered
C10937,7049.66,UPI,Technical Error,3,3,0,No,23,6349.86,0,Retry,Recovered
C10938,4861.44,UPI,Insufficient Funds,20,11,9,No,3,3458.08,0,Payment Link,Not Recovered
C10939,2547.29,NetBanking,Insufficient Funds,12,9,3,Yes,6,1941.46,1,Payment Link,Recovered
C10940,1436.27,UPI,Technical Error,5,0,5,No,7,1759.33,0,No Action,Not Recovered
C10941,8038.64,UPI,Bank Declined,12,10,2,Yes,22,5861.71,2,No Action,Recovered
C10942,6729.19,NetBanking,Bank Declined,3,3,0,Yes,33,5719.37,1,Reminder,Recovered
C10943,3694.9,Card,Insufficient Funds,20,17,3,No,3,3059.0,2,No Action,Not Recovered
C10944,17524.57,Card,Insufficient Funds,5,3,2,No,30,11196.52,2,No Action,Not Recovered
C10945,1699.32,UPI,Authentication Failure,1,1,0,No,24,1647.88,0,Reminder,Recovered
C10946,1180.42,UPI,Temporary Failure,16,0,16,No,3,1431.55,0,No Action,Not Recovered
C10947,2299.68,Card,Insufficient Funds,9,0,9,No,2,1420.56,1,Payment Link,Not Recovered
C10948,3856.75,UPI,Temporary Failure,10,8,2,Yes,19,2661.32,0,Retry,Recovered
C10949,4859.65,Card,Technical Error,10,0,10,No,24,5715.67,2,No Action,Not Recovered
C10950,3297.96,Card,Technical Error,13,5,8,No,20,3544.86,0,No Action,Not Recovered
C10951,5301.23,UPI,Temporary Failure,16,11,5,Yes,31,6214.09,1,Reminder,Recovered
C10952,1469.71,Wallet,Temporary Failure,20,6,14,No,31,1152.37,3,No Action,Not Recovered
C10953,12696.24,NetBanking,Temporary Failure,4,3,1,Yes,29,15781.62,3,No Action,Recovered
C10954,3745.57,Card,Insufficient Funds,14,4,10,No,4,3685.25,0,Payment Link,Recovered
C10955,9777.96,UPI,Insufficient Funds,17,3,14,No,10,10640.78,3,No Action,Not Recovered
C10956,5261.81,UPI,Authentication Failure,5,1,4,No,36,3545.0,2,No Action,Not Recovered
C10957,5764.38,Card,Insufficient Funds,13,0,13,No,35,4404.13,3,No Action,Not Recovered
C10958,6309.83,UPI,Temporary Failure,3,1,2,No,21,7689.7,3,No Action,Not Recovered
C10959,5722.82,Wallet,Authentication Failure,5,5,0,No,1,4458.8,2,No Action,Recovered
C10960,6689.05,UPI,Insufficient Funds,16,13,3,Yes,12,4508.58,1,Payment Link,Recovered
C10961,11583.9,Card,Bank Declined,19,9,10,No,24,12484.69,3,No Action,Not Recovered
C10962,4681.0,UPI,Temporary Failure,19,6,13,No,2,4860.51,3,No Action,Not Recovered
C10963,7053.31,Card,Insufficient Funds,17,11,6,Yes,20,7662.12,3,No Action,Not Recovered
C10964,3722.91,UPI,Authentication Failure,18,18,0,Yes,16,4075.26,1,Reminder,Not Recovered
C10965,12659.25,UPI,Bank Declined,18,8,10,Yes,34,12661.25,0,No Action,Not Recovered
C10966,2328.4,UPI,Insufficient Funds,8,2,6,No,13,2316.8,0,Payment Link,Not Recovered
C10967,16895.49,NetBanking,Bank Declined,18,3,15,Yes,18,22628.68,1,No Action,Not Recovered
C10968,3873.54,UPI,Authentication Failure,9,9,0,Yes,29,3978.53,2,No Action,Not Recovered
C10969,1273.38,Wallet,Temporary Failure,19,13,6,Yes,14,1392.87,0,Reminder,Recovered
C10970,4431.68,NetBanking,Bank Declined,10,5,5,No,30,3605.51,1,No Action,Not Recovered
C10971,2319.74,UPI,Authentication Failure,2,1,1,No,35,3008.41,1,No Action,Not Recovered
C10972,7836.63,NetBanking,Temporary Failure,17,7,10,Yes,9,4854.75,2,No Action,Recovered
C10973,2373.1,UPI,Technical Error,13,2,11,Yes,12,2481.74,1,No Action,Not Recovered
C10974,2799.24,Wallet,Bank Declined,11,9,2,Yes,21,2539.14,0,Reminder,Not Recovered
C10975,882.2,Card,Bank Declined,16,4,12,No,18,955.53,0,No Action,Not Recovered
C10976,2785.56,UPI,Insufficient Funds,20,4,16,Yes,11,2473.96,1,Payment Link,Not Recovered
C10977,575.33,UPI,Insufficient Funds,7,4,3,Yes,27,675.52,1,Payment Link,Recovered
C10978,1126.56,UPI,Bank Declined,3,0,3,No,24,694.26,2,No Action,Not Recovered
C10979,7349.45,Wallet,Temporary Failure,16,8,8,Yes,34,6796.12,2,No Action,Recovered
C10980,7500.24,UPI,Insufficient Funds,19,14,5,No,20,9487.89,3,No Action,Not Recovered
C10981,5621.85,Card,Temporary Failure,20,8,12,No,13,4498.38,1,No Action,Recovered
C10982,1845.43,UPI,Temporary Failure,16,13,3,Yes,8,1185.14,3,No Action,Not Recovered
C10983,3850.2,Wallet,Authentication Failure,2,1,1,Yes,5,3839.49,3,No Action,Not Recovered
C10984,3988.49,UPI,Insufficient Funds,14,13,1,No,7,5509.01,3,No Action,Recovered
C10985,1583.44,Card,Authentication Failure,20,19,1,Yes,12,1031.34,3,No Action,Recovered
C10986,13316.62,Card,Temporary Failure,10,7,3,Yes,4,8736.3,0,Retry,Recovered
C10987,8070.25,Card,Bank Declined,19,1,18,No,19,8684.34,2,No Action,Recovered
C10988,3351.89,UPI,Temporary Failure,11,4,7,No,1,2681.69,1,No Action,Not Recovered
C10989,4086.97,UPI,Technical Error,18,16,2,Yes,13,3793.46,2,No Action,Recovered
C10990,4725.63,UPI,Technical Error,11,9,2,No,25,5975.11,2,No Action,Not Recovered
C10991,781.07,Card,Temporary Failure,9,1,8,No,34,592.89,2,No Action,Not Recovered
C10992,3282.33,UPI,Authentication Failure,19,0,19,Yes,35,3858.18,2,No Action,Not Recovered
C10993,2318.01,Card,Temporary Failure,20,1,19,No,17,2326.33,2,No Action,Not Recovered
C10994,1794.99,UPI,Bank Declined,10,3,7,No,26,2376.51,2,No Action,Not Recovered
C10995,3194.45,NetBanking,Authentication Failure,3,0,3,No,21,4403.13,0,No Action,Not Recovered
C10996,16851.57,Wallet,Authentication Failure,3,3,0,Yes,12,16648.82,2,No Action,Not Recovered
C10997,6679.0,Card,Authentication Failure,8,4,4,No,16,7131.29,1,No Action,Not Recovered
C10998,2532.87,UPI,Insufficient Funds,6,6,0,Yes,20,3031.02,1,Payment Link,Recovered
C10999,6324.05,UPI,Temporary Failure,20,9,11,No,10,5406.68,3,No Action,Not Recovered
C11000,12253.1,UPI,Temporary Failure,1,0,1,No,23,9574.48,3,No Action,Recovered
C11001,8381.29,UPI,Bank Declined,20,10,10,No,30,11497.02,2,No Action,Not Recovered
C11002,4195.44,Card,Technical Error,6,4,2,Yes,8,3969.27,3,No Action,Not Recovered
C11003,2383.92,Card,Temporary Failure,2,2,0,Yes,5,1433.39,3,No Action,Not Recovered
C11004,6992.74,Wallet,Bank Declined,19,3,16,No,12,8882.0,2,No Action,Not Recovered
C11005,5479.88,UPI,Insufficient Funds,7,6,1,No,14,5916.8,3,No Action,Recovered
C11006,8186.19,Card,Insufficient Funds,11,9,2,Yes,12,6015.6,1,Payment Link,Recovered
C11007,6648.77,Card,Bank Declined,11,6,5,Yes,24,4149.58,2,No Action,Recovered
C11008,9262.15,Card,Insufficient Funds,4,3,1,Yes,17,7717.09,1,Payment Link,Recovered
C11009,2606.76,UPI,Technical Error,20,19,1,Yes,1,3499.08,1,Retry,Recovered
C11010,11475.45,Card,Temporary Failure,16,4,12,No,11,15455.05,0,No Action,Not Recovered
C11011,4685.04,Card,Technical Error,5,4,1,Yes,6,3976.68,0,Retry,Recovered
C11012,21041.63,Card,Temporary Failure,7,2,5,No,15,26696.46,3,No Action,Not Recovered
C11013,2304.69,Wallet,Temporary Failure,16,4,12,Yes,23,2197.47,1,No Action,Recovered
C11014,16039.68,UPI,Bank Declined,15,4,11,No,23,18020.19,3,No Action,Not Recovered
C11015,4686.2,UPI,Authentication Failure,5,4,1,No,12,4065.54,2,No Action,Not Recovered
C11016,2375.39,Card,Temporary Failure,1,0,1,No,7,2405.74,1,No Action,Not Recovered
C11017,2716.07,Card,Insufficient Funds,20,17,3,Yes,16,2267.98,3,No Action,Recovered
C11018,3095.71,UPI,Bank Declined,9,7,2,Yes,35,2008.78,1,Reminder,Recovered
C11019,5616.04,NetBanking,Temporary Failure,5,0,5,No,29,3995.83,3,No Action,Not Recovered
C11020,6077.31,Wallet,Technical Error,6,1,5,No,17,5059.6,2,No Action,Not Recovered
C11021,2527.76,Wallet,Technical Error,3,3,0,No,26,3490.84,0,Retry,Recovered
C11022,3922.82,UPI,Temporary Failure,6,5,1,Yes,20,5384.22,1,Retry,Recovered
C11023,22200.41,NetBanking,Insufficient Funds,8,0,8,No,25,28019.82,3,No Action,Not Recovered
C11024,15931.99,Card,Technical Error,6,3,3,No,19,12522.62,0,No Action,Recovered
C11025,5670.93,Card,Insufficient Funds,16,5,11,Yes,21,5405.99,2,No Action,Recovered
C11026,4123.48,Card,Bank Declined,16,2,14,Yes,32,3924.84,0,No Action,Not Recovered
C11027,4403.15,NetBanking,Temporary Failure,3,0,3,Yes,28,4005.01,2,No Action,Not Recovered
C11028,6534.58,Card,Bank Declined,17,12,5,Yes,12,4155.37,3,No Action,Not Recovered
C11029,1764.84,UPI,Temporary Failure,6,5,1,Yes,15,1813.59,2,No Action,Recovered
C11030,3255.65,Card,Technical Error,6,3,3,No,28,2143.03,0,No Action,Not Recovered
C11031,1052.77,Card,Insufficient Funds,19,7,12,No,21,1307.05,3,No Action,Not Recovered
C11032,5505.09,UPI,Temporary Failure,20,5,15,No,16,6347.62,3,No Action,Not Recovered
C11033,6713.03,Wallet,Technical Error,15,11,4,Yes,23,5922.17,1,Retry,Recovered
C11034,2717.59,Card,Temporary Failure,19,15,4,Yes,26,3037.48,3,No Action,Recovered
C11035,14090.26,Card,Insufficient Funds,2,1,1,Yes,15,11081.0,3,No Action,Recovered
C11036,1500.33,UPI,Insufficient Funds,8,0,8,No,12,1218.57,3,No Action,Not Recovered
C11037,1239.61,Card,Temporary Failure,7,4,3,No,4,1055.29,1,No Action,Recovered
C11038,4786.77,UPI,Authentication Failure,8,2,6,Yes,35,5924.15,2,No Action,Not Recovered
C11039,9243.98,UPI,Technical Error,13,6,7,No,31,7104.49,0,No Action,Not Recovered
C11040,15385.67,Card,Temporary Failure,15,11,4,Yes,27,16158.41,3,No Action,Not Recovered
C11041,2770.94,UPI,Technical Error,12,8,4,Yes,32,2106.95,0,Reminder,Recovered
C11042,9480.52,Card,Bank Declined,15,15,0,Yes,33,7850.15,0,Reminder,Recovered
C11043,3878.65,UPI,Authentication Failure,14,12,2,No,13,3057.87,3,No Action,Recovered
C11044,3484.04,UPI,Insufficient Funds,7,2,5,No,2,3888.2,0,Payment Link,Not Recovered
C11045,8111.01,UPI,Bank Declined,17,5,12,No,5,8284.45,2,No Action,Not Recovered
C11046,6740.63,Wallet,Bank Declined,5,4,1,Yes,18,7933.99,0,Reminder,Recovered
C11047,1133.35,Card,Insufficient Funds,20,6,14,No,17,879.43,0,Payment Link,Recovered
C11048,13033.55,Card,Insufficient Funds,10,10,0,Yes,2,7915.52,1,Payment Link,Recovered
C11049,12065.71,UPI,Temporary Failure,19,8,11,No,35,13808.09,2,No Action,Not Recovered
C11050,2425.03,UPI,Technical Error,18,15,3,Yes,14,1677.84,0,Retry,Recovered
C11051,5490.05,Wallet,Insufficient Funds,10,4,6,No,12,4375.81,3,No Action,Not Recovered
C11052,5938.87,UPI,Authentication Failure,2,2,0,No,33,5015.67,0,Reminder,Recovered
C11053,4927.51,UPI,Temporary Failure,6,4,2,No,7,5900.41,3,No Action,Not Recovered
C11054,2575.52,Card,Bank Declined,3,1,2,No,9,2834.91,2,No Action,Not Recovered
C11055,2337.3,UPI,Authentication Failure,19,3,16,No,5,1746.93,2,No Action,Not Recovered
C11056,3919.06,NetBanking,Bank Declined,5,4,1,Yes,4,4225.96,1,Reminder,Not Recovered
C11057,10221.34,Card,Authentication Failure,7,6,1,No,32,11923.38,3,No Action,Not Recovered
C11058,6179.11,UPI,Technical Error,7,2,5,Yes,5,5629.9,3,No Action,Not Recovered
C11059,2973.69,UPI,Insufficient Funds,10,3,7,No,8,2369.32,2,No Action,Not Recovered
C11060,7416.1,UPI,Bank Declined,1,0,1,No,13,8477.98,3,No Action,Not Recovered
C11061,409.61,NetBanking,Temporary Failure,11,11,0,No,4,445.95,3,No Action,Not Recovered
C11062,10027.26,Card,Bank Declined,7,1,6,No,11,6641.35,0,No Action,Not Recovered
C11063,994.54,UPI,Temporary Failure,6,0,6,Yes,15,1127.16,1,No Action,Not Recovered
C11064,2993.2,UPI,Technical Error,6,4,2,Yes,18,2965.71,0,Reminder,Recovered
C11065,1633.23,Card,Bank Declined,13,6,7,Yes,20,1964.28,2,No Action,Not Recovered
C11066,1419.85,Card,Insufficient Funds,16,16,0,Yes,1,1068.54,3,No Action,Not Recovered
C11067,10124.48,UPI,Temporary Failure,13,7,6,Yes,1,8166.13,3,No Action,Not Recovered
C11068,2751.46,UPI,Authentication Failure,2,0,2,No,11,2846.8,2,No Action,Recovered
C11069,5277.74,UPI,Temporary Failure,19,9,10,No,29,5200.62,3,No Action,Recovered
C11070,3852.64,Card,Temporary Failure,19,10,9,No,29,3502.41,2,No Action,Recovered
C11071,5858.7,Wallet,Temporary Failure,19,0,19,No,24,7011.85,1,No Action,Not Recovered
C11072,4253.54,UPI,Authentication Failure,18,14,4,Yes,20,4473.88,3,No Action,Not Recovered
C11073,1433.19,Card,Authentication Failure,6,2,4,No,30,1674.28,0,No Action,Not Recovered
C11074,8875.62,UPI,Bank Declined,2,1,1,No,5,6413.56,0,No Action,Not Recovered
C11075,2694.71,UPI,Authentication Failure,19,9,10,Yes,10,3188.36,1,No Action,Not Recovered
C11076,1151.46,UPI,Temporary Failure,6,4,2,Yes,6,1116.02,2,No Action,Not Recovered
C11077,2839.99,NetBanking,Authentication Failure,20,6,14,No,4,1780.71,3,No Action,Not Recovered
C11078,13288.54,Card,Temporary Failure,15,6,9,No,4,10465.96,3,No Action,Not Recovered
C11079,7896.91,Card,Temporary Failure,6,6,0,Yes,7,4900.86,0,Retry,Recovered
C11080,3026.4,UPI,Temporary Failure,3,0,3,Yes,33,2921.99,2,No Action,Not Recovered
C11081,3024.93,UPI,Bank Declined,11,5,6,No,9,2603.57,2,No Action,Recovered
C11082,3092.52,UPI,Technical Error,8,5,3,Yes,26,4298.48,3,No Action,Recovered
C11083,21066.68,Card,Insufficient Funds,18,8,10,No,21,27277.21,3,No Action,Not Recovered
C11084,5429.48,UPI,Authentication Failure,17,14,3,No,22,6844.06,0,Reminder,Recovered
C11085,5642.5,Card,Insufficient Funds,19,5,14,No,33,5647.54,2,No Action,Not Recovered
C11086,9120.47,UPI,Temporary Failure,19,15,4,Yes,33,11361.1,3,No Action,Not Recovered
C11087,4841.99,UPI,Insufficient Funds,17,6,11,No,5,3938.94,3,No Action,Not Recovered
C11088,3251.32,Card,Bank Declined,4,1,3,No,21,3409.07,0,No Action,Not Recovered
C11089,3418.54,UPI,Technical Error,7,4,3,No,27,3125.69,0,No Action,Not Recovered
C11090,3777.31,UPI,Insufficient Funds,5,3,2,No,1,2784.16,3,No Action,Recovered
C11091,3882.64,UPI,Bank Declined,16,7,9,Yes,16,2555.13,1,No Action,Not Recovered
C11092,7159.2,Card,Temporary Failure,6,3,3,Yes,35,7492.64,0,No Action,Recovered
C11093,4169.73,Card,Bank Declined,14,10,4,No,36,2827.54,3,No Action,Not Recovered
C11094,7187.95,UPI,Authentication Failure,20,5,15,No,32,8441.55,1,No Action,Recovered
C11095,3749.87,Card,Temporary Failure,2,2,0,No,29,5014.23,3,No Action,Recovered
C11096,4259.72,UPI,Authentication Failure,18,12,6,Yes,23,3108.25,2,No Action,Not Recovered
C11097,808.75,UPI,Bank Declined,18,15,3,Yes,15,789.95,1,Reminder,Recovered
C11098,8325.78,UPI,Temporary Failure,13,7,6,No,26,9916.17,2,No Action,Not Recovered
C11099,5277.67,NetBanking,Authentication Failure,18,16,2,Yes,25,4377.68,3,No Action,Recovered
C11100,8888.0,UPI,Insufficient Funds,17,12,5,Yes,2,11879.8,1,Payment Link,Recovered
C11101,394.27,UPI,Insufficient Funds,13,3,10,No,12,516.8,2,No Action,Not Recovered
C11102,21263.55,UPI,Temporary Failure,12,3,9,No,19,14523.08,0,No Action,Not Recovered
C11103,3577.35,UPI,Temporary Failure,3,1,2,Yes,32,2224.82,1,No Action,Not Recovered
C11104,9706.94,Card,Technical Error,7,7,0,Yes,23,13406.9,0,Retry,Not Recovered
C11105,1740.84,UPI,Bank Declined,1,0,1,No,5,2376.56,0,No Action,Not Recovered
C11106,6530.7,UPI,Authentication Failure,5,4,1,No,25,6124.68,2,No Action,Recovered
C11107,1722.13,Card,Temporary Failure,1,1,0,No,35,1102.94,3,No Action,Not Recovered
C11108,2428.51,UPI,Temporary Failure,4,3,1,Yes,29,2659.46,2,No Action,Not Recovered
C11109,18495.35,Card,Temporary Failure,1,1,0,Yes,20,15438.59,3,No Action,Recovered
C11110,3434.08,Card,Bank Declined,13,12,1,Yes,36,4633.87,2,No Action,Recovered
C11111,4759.97,UPI,Authentication Failure,14,0,14,Yes,7,5882.04,2,No Action,Not Recovered
C11112,8023.29,Card,Bank Declined,15,7,8,No,22,8983.48,1,No Action,Not Recovered
C11113,5946.72,UPI,Insufficient Funds,17,10,7,Yes,18,4921.52,3,No Action,Not Recovered
C11114,4511.5,Card,Authentication Failure,12,8,4,Yes,21,5237.92,0,Reminder,Recovered
C11115,5356.24,UPI,Technical Error,7,4,3,No,22,4452.83,3,No Action,Recovered
C11116,27358.49,UPI,Temporary Failure,19,15,4,Yes,12,17238.72,3,No Action,Recovered
C11117,3819.8,Card,Technical Error,3,3,0,Yes,11,3845.57,2,No Action,Recovered
C11118,4698.17,NetBanking,Insufficient Funds,18,7,11,Yes,12,4655.64,0,Payment Link,Recovered
C11119,9270.32,Wallet,Temporary Failure,4,4,0,Yes,26,11220.84,1,Retry,Recovered
C11120,9686.33,Card,Temporary Failure,3,3,0,Yes,30,12519.96,2,No Action,Not Recovered
C11121,10338.95,UPI,Insufficient Funds,12,3,9,No,15,9135.24,1,Payment Link,Not Recovered
C11122,6667.72,UPI,Insufficient Funds,12,5,7,Yes,8,6398.2,1,Payment Link,Not Recovered
C11123,1603.02,UPI,Temporary Failure,17,7,10,No,18,1565.06,3,No Action,Recovered
C11124,14776.52,Card,Temporary Failure,6,0,6,No,10,12698.63,0,No Action,Not Recovered
C11125,1598.74,UPI,Technical Error,15,12,3,No,8,1910.03,3,No Action,Recovered
C11126,5095.73,Wallet,Authentication Failure,2,0,2,No,35,5185.83,0,No Action,Recovered
C11127,2187.75,UPI,Technical Error,8,8,0,No,20,2912.26,1,Retry,Recovered
C11128,3799.93,UPI,Temporary Failure,14,12,2,Yes,12,4256.87,3,No Action,Recovered
C11129,5203.36,UPI,Temporary Failure,5,0,5,No,3,4004.08,1,No Action,Not Recovered
C11130,5172.62,NetBanking,Temporary Failure,3,1,2,No,20,3785.57,2,No Action,Not Recovered
C11131,5605.96,Card,Temporary Failure,10,10,0,Yes,12,5033.63,0,Retry,Recovered
C11132,14545.23,Card,Bank Declined,7,1,6,No,24,12764.04,1,No Action,Not Recovered
C11133,5749.55,UPI,Bank Declined,11,4,7,No,16,5322.39,1,No Action,Not Recovered
C11134,3290.27,NetBanking,Technical Error,15,6,9,No,10,2457.41,0,No Action,Recovered
C11135,8650.04,UPI,Bank Declined,2,2,0,Yes,19,11959.36,1,Reminder,Recovered
C11136,10359.16,NetBanking,Temporary Failure,5,0,5,No,14,7423.04,2,No Action,Not Recovered
C11137,1498.12,Card,Insufficient Funds,11,8,3,Yes,14,1681.07,1,Payment Link,Not Recovered
C11138,6450.87,UPI,Bank Declined,8,2,6,No,22,3937.97,1,No Action,Not Recovered
C11139,7009.26,Card,Insufficient Funds,13,12,1,Yes,4,6487.55,0,Payment Link,Recovered
C11140,3152.65,Card,Temporary Failure,11,7,4,No,34,2671.39,0,Reminder,Recovered
C11141,12023.46,UPI,Insufficient Funds,17,16,1,Yes,18,10888.68,2,No Action,Not Recovered
C11142,3547.52,NetBanking,Temporary Failure,15,6,9,Yes,34,3542.06,1,No Action,Not Recovered
C11143,4422.72,UPI,Temporary Failure,1,1,0,No,18,4777.86,3,No Action,Not Recovered
C11144,3482.8,UPI,Technical Error,19,15,4,No,31,3715.48,2,No Action,Not Recovered
C11145,4050.16,UPI,Authentication Failure,16,14,2,Yes,20,4473.69,3,No Action,Not Recovered
C11146,1664.08,UPI,Temporary Failure,19,12,7,Yes,36,2122.76,1,Reminder,Recovered
C11147,1263.97,Card,Temporary Failure,13,1,12,No,10,1655.01,1,No Action,Not Recovered
C11148,14323.46,UPI,Technical Error,4,1,3,No,3,17042.06,0,No Action,Recovered
C11149,2031.4,Card,Temporary Failure,11,7,4,Yes,21,1347.13,2,No Action,Not Recovered
C11150,1809.74,UPI,Insufficient Funds,18,4,14,Yes,36,2477.6,3,No Action,Not Recovered
C11151,714.32,Wallet,Temporary Failure,18,13,5,Yes,10,969.99,1,Retry,Recovered
C11152,2399.18,Card,Temporary Failure,10,10,0,Yes,7,2805.51,1,Retry,Recovered
C11153,1387.94,NetBanking,Technical Error,17,2,15,No,22,1407.3,0,No Action,Recovered
C11154,14878.34,UPI,Technical Error,13,0,13,No,23,11910.03,0,No Action,Not Recovered
C11155,8972.35,UPI,Temporary Failure,14,10,4,Yes,12,10812.41,0,Retry,Not Recovered
C11156,2306.6,UPI,Insufficient Funds,7,6,1,No,13,3003.86,2,No Action,Not Recovered
C11157,24245.79,Card,Temporary Failure,10,10,0,Yes,13,27449.87,2,No Action,Recovered
C11158,8773.25,NetBanking,Temporary Failure,3,3,0,Yes,33,9679.16,1,Retry,Recovered
C11159,3084.62,UPI,Authentication Failure,2,2,0,No,31,2327.05,3,No Action,Not Recovered
C11160,541.6,UPI,Bank Declined,19,1,18,No,28,479.99,2,No Action,Not Recovered
C11161,25004.32,NetBanking,Bank Declined,7,3,4,No,19,29467.82,0,No Action,Not Recovered
C11162,1316.05,UPI,Technical Error,5,1,4,Yes,21,807.42,0,No Action,Recovered
C11163,1072.48,Card,Technical Error,3,3,0,Yes,32,1193.68,2,No Action,Recovered
C11164,9064.36,Card,Technical Error,2,0,2,Yes,26,10998.12,1,No Action,Not Recovered
C11165,28165.46,NetBanking,Temporary Failure,6,6,0,Yes,13,24440.96,1,Retry,Recovered
C11166,12106.14,UPI,Temporary Failure,14,13,1,Yes,29,8001.36,1,Retry,Recovered
C11167,6280.32,UPI,Bank Declined,7,7,0,Yes,7,7883.66,1,Reminder,Recovered
C11168,6437.23,Card,Insufficient Funds,2,1,1,No,26,4592.77,0,Payment Link,Not Recovered
C11169,7917.11,Wallet,Authentication Failure,11,9,2,Yes,6,7098.8,2,No Action,Not Recovered
C11170,7340.72,UPI,Bank Declined,3,2,1,No,32,8557.84,0,Reminder,Not Recovered
C11171,5009.06,UPI,Authentication Failure,9,9,0,Yes,36,6279.3,3,No Action,Recovered
C11172,4347.74,Card,Temporary Failure,8,4,4,No,23,5608.17,1,No Action,Not Recovered
C11173,3804.63,Wallet,Authentication Failure,11,10,1,No,11,3897.21,1,Reminder,Not Recovered
C11174,2188.29,NetBanking,Insufficient Funds,18,8,10,No,21,2146.05,3,No Action,Not Recovered
C11175,3195.53,Wallet,Authentication Failure,1,1,0,No,19,4085.98,3,No Action,Not Recovered
C11176,1032.44,UPI,Temporary Failure,15,9,6,No,34,1084.54,0,Reminder,Not Recovered
C11177,3697.37,UPI,Bank Declined,4,2,2,No,35,3930.01,3,No Action,Not Recovered
C11178,1813.8,Card,Technical Error,4,4,0,Yes,31,1717.99,1,Retry,Recovered
C11179,1654.37,NetBanking,Insufficient Funds,10,8,2,No,29,1486.04,3,No Action,Not Recovered
C11180,4619.15,UPI,Insufficient Funds,11,3,8,No,6,4547.24,0,Payment Link,Recovered
C11181,12181.23,UPI,Authentication Failure,18,4,14,Yes,36,10864.17,3,No Action,Not Recovered
C11182,8339.04,NetBanking,Insufficient Funds,15,14,1,Yes,31,7295.3,3,No Action,Recovered
C11183,1138.71,UPI,Bank Declined,3,0,3,No,32,1588.42,0,No Action,Not Recovered
C11184,1812.29,UPI,Temporary Failure,7,3,4,No,20,1574.83,0,No Action,Not Recovered
C11185,8490.19,Card,Technical Error,7,4,3,No,22,6835.51,0,No Action,Not Recovered
C11186,1822.67,Card,Bank Declined,17,3,14,No,3,1609.67,1,No Action,Not Recovered
C11187,3342.06,Card,Insufficient Funds,20,19,1,No,8,3584.78,1,Payment Link,Not Recovered
C11188,6211.09,UPI,Temporary Failure,16,6,10,No,19,8253.25,3,No Action,Not Recovered
C11189,1843.41,Card,Bank Declined,16,14,2,Yes,31,2267.93,1,Reminder,Not Recovered
C11190,4351.82,Card,Temporary Failure,8,5,3,Yes,32,5543.32,2,No Action,Recovered
C11191,1375.85,Card,Temporary Failure,3,2,1,No,15,1771.0,0,Reminder,Not Recovered
C11192,2472.43,Card,Bank Declined,20,16,4,Yes,31,3304.21,2,No Action,Recovered
C11193,5166.11,UPI,Temporary Failure,15,14,1,No,3,4071.19,0,Retry,Recovered
C11194,1118.4,UPI,Temporary Failure,1,1,0,Yes,32,1081.15,3,No Action,Recovered
C11195,5689.79,UPI,Bank Declined,10,6,4,No,10,5167.23,0,Reminder,Not Recovered
C11196,3937.65,UPI,Temporary Failure,2,1,1,No,28,3565.55,1,No Action,Not Recovered
C11197,6223.21,Card,Insufficient Funds,7,2,5,No,27,6981.36,3,No Action,Not Recovered
C11198,4784.71,NetBanking,Temporary Failure,14,11,3,Yes,31,4408.83,0,Retry,Recovered
C11199,11912.72,Card,Bank Declined,16,9,7,No,34,13021.37,3,No Action,Not Recovered
C11200,4421.48,NetBanking,Bank Declined,15,10,5,Yes,5,4005.08,3,No Action,Recovered
C11201,2837.06,UPI,Technical Error,7,4,3,Yes,11,2408.39,3,No Action,Recovered
C11202,4411.14,UPI,Temporary Failure,13,1,12,Yes,7,3892.66,2,No Action,Not Recovered
C11203,6177.62,UPI,Temporary Failure,10,5,5,Yes,8,7678.82,1,No Action,Not Recovered
C11204,4159.45,UPI,Temporary Failure,9,3,6,No,17,4495.7,3,No Action,Not Recovered
C11205,4132.03,UPI,Insufficient Funds,9,4,5,No,14,5698.89,1,Payment Link,Not Recovered
C11206,2281.2,Card,Authentication Failure,6,6,0,Yes,24,2888.28,0,Reminder,Not Recovered
C11207,2353.66,Wallet,Temporary Failure,12,5,7,No,30,2326.89,3,No Action,Not Recovered
C11208,1302.4,UPI,Temporary Failure,20,2,18,No,15,1033.98,1,No Action,Not Recovered
C11209,16215.31,UPI,Temporary Failure,20,0,20,No,4,18471.3,3,No Action,Not Recovered
C11210,1478.76,NetBanking,Bank Declined,14,2,12,No,13,1746.88,2,No Action,Not Recovered
C11211,2297.84,UPI,Bank Declined,20,2,18,No,5,2231.99,0,No Action,Not Recovered
C11212,2251.44,NetBanking,Bank Declined,7,5,2,Yes,31,1764.99,2,No Action,Not Recovered
C11213,8184.43,Card,Authentication Failure,8,3,5,No,12,8559.2,3,No Action,Not Recovered
C11214,3159.25,Wallet,Insufficient Funds,8,6,2,Yes,30,2537.08,1,Payment Link,Not Recovered
C11215,10853.5,UPI,Temporary Failure,8,1,7,No,10,14673.92,3,No Action,Not Recovered
C11216,2333.81,Card,Temporary Failure,2,2,0,Yes,30,2574.44,3,No Action,Recovered
C11217,5000.26,Card,Bank Declined,14,5,9,Yes,26,4167.94,3,No Action,Recovered
C11218,2050.36,Card,Bank Declined,10,9,1,Yes,6,1584.08,2,No Action,Recovered
C11219,22251.59,UPI,Bank Declined,18,18,0,No,27,26109.54,2,No Action,Not Recovered
C11220,1546.84,UPI,Bank Declined,18,17,1,Yes,20,1803.98,1,Reminder,Recovered
C11221,5125.1,Card,Bank Declined,18,14,4,Yes,28,5523.35,0,Reminder,Recovered
C11222,6641.35,Card,Authentication Failure,16,2,14,No,20,7248.64,0,No Action,Not Recovered
C11223,5569.66,NetBanking,Bank Declined,20,16,4,Yes,12,6032.47,1,Reminder,Recovered
C11224,3448.93,Card,Technical Error,5,0,5,Yes,21,3062.94,3,No Action,Recovered
C11225,3605.42,Card,Temporary Failure,20,1,19,Yes,30,4867.07,0,No Action,Not Recovered
C11226,4142.68,UPI,Bank Declined,5,5,0,Yes,10,4074.01,2,No Action,Not Recovered
C11227,3556.2,Card,Authentication Failure,20,18,2,Yes,5,2191.55,1,Reminder,Recovered
C11228,8648.6,Card,Insufficient Funds,10,8,2,No,8,7599.43,1,Payment Link,Not Recovered
C11229,23446.3,NetBanking,Technical Error,17,7,10,No,30,16511.5,3,No Action,Not Recovered
C11230,2560.75,Wallet,Technical Error,13,11,2,No,17,2280.88,0,Retry,Not Recovered
C11231,1337.03,UPI,Temporary Failure,17,14,3,Yes,3,1452.83,0,Retry,Recovered
C11232,3727.24,NetBanking,Bank Declined,18,6,12,Yes,21,2303.92,3,No Action,Recovered
C11233,31502.34,UPI,Temporary Failure,13,4,9,No,16,40832.09,1,No Action,Recovered
C11234,2102.98,UPI,Authentication Failure,17,15,2,Yes,32,2288.56,1,Reminder,Recovered
C11235,14843.88,Card,Technical Error,15,6,9,No,27,12413.9,1,No Action,Recovered
C11236,15309.22,UPI,Temporary Failure,12,3,9,Yes,6,12996.98,1,No Action,Recovered
C11237,2568.76,Card,Temporary Failure,10,4,6,No,16,2498.21,2,No Action,Recovered
C11238,6305.87,UPI,Bank Declined,13,11,2,Yes,3,5035.07,2,No Action,Not Recovered
C11239,14717.12,UPI,Insufficient Funds,11,0,11,No,20,8881.39,1,Payment Link,Not Recovered
C11240,2953.5,Card,Temporary Failure,3,2,1,Yes,7,1834.85,1,Reminder,Recovered
C11241,3398.83,Card,Bank Declined,10,3,7,No,11,3012.02,1,No Action,Not Recovered
C11242,2511.67,Wallet,Insufficient Funds,11,2,9,No,29,1756.61,2,No Action,Recovered
C11243,1776.22,Card,Temporary Failure,6,1,5,Yes,3,1097.51,3,No Action,Not Recovered
C11244,2379.46,Card,Technical Error,1,1,0,No,21,3063.35,0,Retry,Not Recovered
C11245,1502.52,UPI,Authentication Failure,6,0,6,No,32,1231.03,2,No Action,Not Recovered
C11246,4110.57,UPI,Technical Error,5,0,5,No,30,4120.84,1,No Action,Not Recovered
C11247,2160.45,UPI,Technical Error,7,5,2,Yes,11,1606.35,1,Retry,Recovered
C11248,4822.65,Card,Temporary Failure,12,0,12,Yes,17,3073.86,1,No Action,Not Recovered
C11249,1152.09,Card,Temporary Failure,12,9,3,Yes,25,1377.78,1,Retry,Recovered
C11250,5212.18,UPI,Temporary Failure,7,3,4,No,25,3648.35,3,No Action,Not Recovered
C11251,7792.16,Card,Technical Error,2,2,0,No,9,4835.61,2,No Action,Recovered
C11252,811.64,Card,Authentication Failure,1,0,1,No,29,868.28,0,No Action,Not Recovered
C11253,5395.36,UPI,Technical Error,18,14,4,No,15,3295.35,1,Retry,Recovered
C11254,10680.61,UPI,Authentication Failure,12,8,4,Yes,19,10136.21,3,No Action,Recovered
C11255,1519.8,NetBanking,Bank Declined,7,6,1,No,15,1263.06,3,No Action,Not Recovered
C11256,15246.54,Card,Insufficient Funds,19,1,18,No,35,13043.94,1,Payment Link,Not Recovered
C11257,5592.97,NetBanking,Insufficient Funds,3,1,2,No,13,3373.23,1,Payment Link,Not Recovered
C11258,2275.69,UPI,Temporary Failure,10,3,7,No,16,3121.06,0,No Action,Recovered
C11259,3825.46,Wallet,Temporary Failure,11,1,10,Yes,3,3877.37,2,No Action,Not Recovered
C11260,6252.34,UPI,Bank Declined,5,0,5,No,31,6615.04,0,No Action,Not Recovered
C11261,4250.76,UPI,Insufficient Funds,2,1,1,No,1,4815.68,2,No Action,Not Recovered
C11262,6155.21,Wallet,Bank Declined,8,1,7,No,35,7620.26,3,No Action,Not Recovered
C11263,1915.07,UPI,Bank Declined,14,1,13,No,16,2080.39,3,No Action,Not Recovered
C11264,4580.38,Card,Temporary Failure,8,0,8,No,1,5541.15,1,No Action,Not Recovered
C11265,1290.88,UPI,Insufficient Funds,6,0,6,No,14,1237.94,0,Payment Link,Not Recovered
C11266,3659.45,Card,Insufficient Funds,1,1,0,No,7,3282.6,0,Payment Link,Not Recovered
C11267,1940.93,Wallet,Insufficient Funds,1,1,0,No,23,2442.67,1,Payment Link,Recovered
C11268,2220.81,UPI,Technical Error,8,1,7,No,35,2869.84,0,No Action,Not Recovered
C11269,10752.83,Card,Insufficient Funds,11,4,7,No,29,7637.15,3,No Action,Not Recovered
C11270,9576.79,UPI,Bank Declined,18,11,7,Yes,22,9903.63,3,No Action,Recovered
C11271,6511.73,Card,Authentication Failure,10,3,7,No,16,7468.39,1,No Action,Not Recovered
C11272,1669.37,UPI,Authentication Failure,12,1,11,Yes,29,1113.27,1,No Action,Recovered
C11273,3105.48,UPI,Authentication Failure,20,7,13,Yes,6,4172.76,2,No Action,Not Recovered
C11274,10556.82,UPI,Temporary Failure,16,3,13,No,18,10726.66,3,No Action,Not Recovered
C11275,4480.2,UPI,Temporary Failure,5,5,0,No,29,5001.54,3,No Action,Not Recovered
C11276,25578.65,Wallet,Temporary Failure,16,8,8,No,25,18994.56,3,No Action,Recovered
C11277,5479.14,UPI,Temporary Failure,12,3,9,No,2,4446.58,3,No Action,Recovered
C11278,4664.28,UPI,Authentication Failure,6,6,0,Yes,32,3250.07,3,No Action,Not Recovered
C11279,3123.65,UPI,Bank Declined,5,1,4,No,36,2533.9,2,No Action,Not Recovered
C11280,4450.99,UPI,Temporary Failure,1,0,1,No,32,4423.92,1,No Action,Not Recovered
C11281,3540.68,Card,Temporary Failure,19,18,1,Yes,20,4485.7,1,Retry,Recovered
C11282,7048.26,Wallet,Temporary Failure,10,1,9,Yes,33,7238.41,0,No Action,Not Recovered
C11283,8599.09,UPI,Bank Declined,14,14,0,No,5,6841.19,3,No Action,Recovered
C11284,2132.94,NetBanking,Technical Error,3,3,0,Yes,6,1355.9,3,No Action,Recovered
C11285,1378.93,Card,Authentication Failure,6,2,4,Yes,22,1513.48,1,No Action,Recovered
C11286,920.65,UPI,Authentication Failure,5,3,2,No,21,861.85,3,No Action,Not Recovered
C11287,6005.57,Card,Temporary Failure,17,2,15,Yes,19,8332.63,3,No Action,Not Recovered
C11288,1654.67,Card,Insufficient Funds,18,12,6,Yes,15,2025.0,3,No Action,Not Recovered
C11289,714.61,Card,Temporary Failure,12,1,11,No,34,890.9,1,No Action,Recovered
C11290,5458.41,NetBanking,Insufficient Funds,5,4,1,No,7,3328.47,0,Payment Link,Recovered
C11291,29391.16,UPI,Authentication Failure,9,7,2,Yes,17,35922.94,1,Reminder,Recovered
C11292,3980.62,Wallet,Bank Declined,12,7,5,No,5,3008.12,3,No Action,Not Recovered
C11293,7823.15,NetBanking,Technical Error,20,20,0,Yes,2,8360.11,1,Retry,Recovered
C11294,4270.62,Card,Insufficient Funds,9,8,1,Yes,27,4090.99,2,No Action,Not Recovered
C11295,3695.75,Card,Temporary Failure,3,2,1,Yes,24,3907.45,3,No Action,Recovered
C11296,8344.11,UPI,Temporary Failure,1,1,0,No,28,5897.24,1,Retry,Recovered
C11297,3171.09,Wallet,Bank Declined,15,4,11,Yes,1,3061.73,1,No Action,Recovered
C11298,4954.06,Card,Technical Error,10,2,8,No,21,3118.86,0,No Action,Not Recovered
C11299,5174.03,UPI,Temporary Failure,14,6,8,No,28,3274.12,3,No Action,Not Recovered
C11300,2343.91,UPI,Technical Error,7,5,2,Yes,3,2639.69,2,No Action,Recovered
C11301,8845.67,Card,Technical Error,4,0,4,No,30,12042.13,2,No Action,Recovered
C11302,3477.54,UPI,Insufficient Funds,5,3,2,Yes,1,4249.26,3,No Action,Not Recovered
C11303,2185.18,UPI,Technical Error,20,10,10,No,18,2131.26,1,No Action,Not Recovered
C11304,6144.16,Card,Insufficient Funds,16,6,10,No,33,3961.12,2,No Action,Not Recovered
C11305,1949.4,UPI,Bank Declined,3,3,0,Yes,15,1239.85,3,No Action,Recovered
C11306,4091.2,UPI,Technical Error,17,17,0,Yes,24,2971.5,2,No Action,Recovered
C11307,3970.93,UPI,Authentication Failure,13,12,1,Yes,36,5482.46,3,No Action,Recovered
C11308,9535.4,UPI,Insufficient Funds,6,2,4,No,34,8762.35,2,No Action,Not Recovered
C11309,5847.73,Card,Insufficient Funds,5,0,5,No,26,7454.25,0,Payment Link,Not Recovered
C11310,3920.71,Card,Temporary Failure,16,5,11,Yes,22,4564.15,3,No Action,Recovered
C11311,7694.51,UPI,Temporary Failure,11,4,7,No,16,8343.49,0,No Action,Recovered
C11312,12163.75,UPI,Bank Declined,17,1,16,No,16,16521.55,3,No Action,Not Recovered
C11313,6249.76,Card,Authentication Failure,5,4,1,Yes,5,4901.87,2,No Action,Not Recovered
C11314,4033.27,UPI,Insufficient Funds,6,4,2,Yes,6,3887.72,2,No Action,Recovered
C11315,1400.49,UPI,Temporary Failure,10,2,8,No,24,1809.12,1,No Action,Not Recovered
C11316,1706.09,UPI,Temporary Failure,1,0,1,No,30,1776.74,2,No Action,Not Recovered
C11317,3133.39,NetBanking,Insufficient Funds,10,2,8,Yes,32,2497.8,0,Payment Link,Not Recovered
C11318,2456.37,NetBanking,Temporary Failure,17,0,17,No,19,1884.36,1,No Action,Not Recovered
C11319,3444.29,NetBanking,Temporary Failure,3,2,1,Yes,28,4141.09,0,Reminder,Recovered
C11320,4185.45,Card,Technical Error,2,0,2,No,8,2554.09,0,No Action,Not Recovered
C11321,6110.74,Card,Temporary Failure,17,7,10,Yes,1,8135.56,0,No Action,Recovered
C11322,3780.65,Card,Bank Declined,4,1,3,Yes,4,2324.1,0,No Action,Not Recovered
C11323,5903.21,Card,Technical Error,2,1,1,No,22,6521.81,0,No Action,Recovered
C11324,4211.73,UPI,Temporary Failure,5,4,1,No,22,4564.67,3,No Action,Not Recovered
C11325,823.59,Card,Bank Declined,10,3,7,No,30,875.25,3,No Action,Not Recovered
C11326,1886.69,NetBanking,Bank Declined,1,0,1,Yes,27,1847.96,1,No Action,Not Recovered
C11327,3564.5,Card,Bank Declined,1,1,0,Yes,27,4569.49,0,Reminder,Recovered
C11328,1519.74,UPI,Insufficient Funds,4,2,2,No,13,1713.46,3,No Action,Recovered
C11329,6463.93,UPI,Insufficient Funds,7,0,7,No,27,7921.48,2,No Action,Not Recovered
C11330,13611.23,Card,Technical Error,14,14,0,No,8,9424.65,1,Retry,Recovered
C11331,10604.77,Card,Technical Error,14,2,12,No,12,6786.19,3,No Action,Not Recovered
C11332,3372.11,NetBanking,Insufficient Funds,18,3,15,No,24,2100.23,2,No Action,Not Recovered
C11333,13182.3,UPI,Temporary Failure,2,2,0,No,18,9461.79,1,Retry,Recovered
C11334,4505.18,NetBanking,Temporary Failure,1,1,0,No,15,5107.1,2,No Action,Not Recovered
C11335,3054.53,Card,Temporary Failure,16,13,3,Yes,16,3039.92,0,Retry,Recovered
C11336,2448.74,NetBanking,Bank Declined,18,14,4,No,33,2942.9,2,No Action,Not Recovered
C11337,3140.3,Card,Temporary Failure,16,7,9,No,10,2365.85,0,No Action,Not Recovered
C11338,2932.2,Card,Insufficient Funds,6,3,3,No,24,2620.13,1,Payment Link,Not Recovered
C11339,4584.25,Card,Technical Error,10,9,1,No,19,6009.03,0,Retry,Recovered
C11340,4548.3,Card,Temporary Failure,2,0,2,No,27,6133.71,2,No Action,Not Recovered
C11341,4009.76,Wallet,Technical Error,7,0,7,Yes,31,5362.59,0,No Action,Not Recovered
C11342,5673.72,UPI,Technical Error,17,7,10,No,21,7118.5,0,No Action,Not Recovered
C11343,10368.9,UPI,Temporary Failure,3,3,0,Yes,16,11930.34,1,Retry,Recovered
C11344,8550.05,Wallet,Technical Error,20,16,4,Yes,23,11379.62,0,Retry,Recovered
C11345,1219.42,Card,Technical Error,12,8,4,Yes,14,1428.36,3,No Action,Not Recovered
C11346,518.49,Card,Insufficient Funds,2,0,2,No,23,706.78,1,Payment Link,Not Recovered
C11347,8446.48,Card,Temporary Failure,7,5,2,No,18,5235.39,2,No Action,Recovered
C11348,1340.16,UPI,Bank Declined,17,13,4,Yes,36,1792.21,1,Reminder,Recovered
C11349,3341.71,NetBanking,Authentication Failure,19,4,15,No,12,3490.72,2,No Action,Not Recovered
C11350,1568.63,Card,Bank Declined,12,8,4,Yes,11,1081.47,2,No Action,Recovered
C11351,946.21,UPI,Temporary Failure,9,8,1,Yes,5,730.41,0,Retry,Recovered
C11352,6168.55,UPI,Bank Declined,14,9,5,Yes,21,7906.4,1,Reminder,Recovered
C11353,7342.05,NetBanking,Insufficient Funds,2,1,1,Yes,32,7377.98,2,No Action,Recovered
C11354,2522.09,UPI,Bank Declined,4,2,2,No,29,3496.26,3,No Action,Not Recovered
C11355,503.31,NetBanking,Technical Error,19,6,13,No,7,349.31,0,No Action,Not Recovered
C11356,2583.9,UPI,Bank Declined,16,11,5,Yes,36,2403.03,0,Reminder,Not Recovered
C11357,5472.51,Card,Technical Error,17,1,16,Yes,27,4736.45,2,No Action,Not Recovered
C11358,1225.27,Wallet,Technical Error,2,1,1,Yes,6,1241.09,3,No Action,Not Recovered
C11359,4631.97,Card,Bank Declined,17,17,0,Yes,4,5126.43,0,Reminder,Recovered
C11360,3951.31,UPI,Temporary Failure,19,15,4,Yes,35,4462.23,1,Retry,Recovered
C11361,6358.09,Card,Technical Error,8,1,7,Yes,10,3821.45,2,No Action,Not Recovered
C11362,4401.56,UPI,Authentication Failure,20,13,7,Yes,30,2954.19,3,No Action,Recovered
C11363,1836.46,UPI,Temporary Failure,6,3,3,No,9,1153.39,2,No Action,Recovered
C11364,10418.17,Wallet,Insufficient Funds,12,6,6,No,16,13456.93,0,Payment Link,Recovered
C11365,3523.56,NetBanking,Temporary Failure,18,1,17,Yes,4,2997.26,3,No Action,Not Recovered
C11366,3913.57,Card,Technical Error,2,0,2,Yes,26,3497.36,2,No Action,Not Recovered
C11367,1895.87,UPI,Technical Error,19,13,6,Yes,29,1820.6,2,No Action,Not Recovered
C11368,2805.74,UPI,Temporary Failure,10,6,4,No,28,3589.79,2,No Action,Not Recovered
C11369,1970.82,UPI,Authentication Failure,3,0,3,Yes,11,1204.83,1,No Action,Not Recovered
C11370,3483.15,Card,Temporary Failure,12,7,5,No,28,2420.42,1,No Action,Not Recovered
C11371,15731.44,NetBanking,Technical Error,16,8,8,Yes,32,18061.75,1,No Action,Recovered
C11372,1334.79,Card,Insufficient Funds,12,6,6,Yes,24,1830.15,1,Payment Link,Not Recovered
C11373,1100.15,NetBanking,Insufficient Funds,8,2,6,No,7,1225.82,0,Payment Link,Recovered
C11374,12977.68,UPI,Temporary Failure,5,0,5,Yes,18,10497.63,2,No Action,Not Recovered
C11375,3383.25,UPI,Temporary Failure,11,9,2,Yes,3,3437.02,1,Retry,Recovered
C11376,2342.07,UPI,Bank Declined,10,6,4,No,20,3232.02,0,Reminder,Recovered
C11377,9190.94,UPI,Bank Declined,3,0,3,No,34,9397.38,1,No Action,Not Recovered
C11378,2464.04,UPI,Temporary Failure,9,5,4,No,30,2214.69,0,No Action,Not Recovered
C11379,17237.76,Wallet,Temporary Failure,12,1,11,Yes,9,15630.17,3,No Action,Recovered
C11380,6880.11,UPI,Temporary Failure,6,0,6,No,10,9450.7,1,No Action,Not Recovered
C11381,2707.34,Wallet,Technical Error,19,15,4,No,6,3181.49,1,Retry,Not Recovered
C11382,22469.1,UPI,Technical Error,16,9,7,No,17,25833.58,2,No Action,Not Recovered
C11383,2463.84,Wallet,Temporary Failure,14,3,11,No,15,1935.7,1,No Action,Not Recovered
C11384,7242.53,Card,Bank Declined,4,3,1,Yes,33,7587.19,1,Reminder,Recovered
C11385,5082.12,Wallet,Temporary Failure,18,10,8,Yes,13,4499.69,0,No Action,Recovered
C11386,11332.64,UPI,Authentication Failure,10,4,6,Yes,22,8977.28,2,No Action,Recovered
C11387,13950.33,Card,Authentication Failure,18,7,11,Yes,16,18364.8,2,No Action,Not Recovered
C11388,4103.74,Wallet,Bank Declined,12,8,4,Yes,34,3720.14,3,No Action,Recovered
C11389,2189.25,UPI,Authentication Failure,19,15,4,Yes,3,1808.82,0,Reminder,Not Recovered
C11390,5779.24,UPI,Technical Error,8,6,2,Yes,8,7775.25,1,Retry,Recovered
C11391,2325.93,UPI,Technical Error,1,0,1,No,20,1762.77,0,No Action,Not Recovered
C11392,20025.45,Wallet,Bank Declined,14,2,12,No,24,23958.53,1,No Action,Not Recovered
C11393,4461.67,Card,Insufficient Funds,6,0,6,No,18,5006.88,3,No Action,Not Recovered
C11394,2986.31,Card,Temporary Failure,14,1,13,No,23,3990.87,1,No Action,Not Recovered
C11395,4636.87,UPI,Insufficient Funds,2,0,2,No,1,5868.6,2,No Action,Not Recovered
C11396,1361.51,UPI,Bank Declined,9,5,4,No,2,1585.12,3,No Action,Recovered
C11397,1838.6,NetBanking,Temporary Failure,12,3,9,No,5,1565.86,1,No Action,Not Recovered
C11398,10450.25,UPI,Temporary Failure,5,3,2,No,18,10413.21,3,No Action,Recovered
C11399,2365.0,Card,Insufficient Funds,2,1,1,No,16,3205.99,2,No Action,Not Recovered
C11400,1731.11,Wallet,Temporary Failure,19,10,9,No,10,1070.8,2,No Action,Not Recovered
C11401,6144.86,UPI,Bank Declined,7,1,6,No,29,7591.76,0,No Action,Not Recovered
C11402,10327.99,Card,Authentication Failure,7,4,3,No,35,8277.35,1,No Action,Not Recovered
C11403,7109.68,UPI,Technical Error,10,9,1,No,25,5318.14,3,No Action,Recovered
C11404,8874.06,Card,Bank Declined,17,2,15,No,24,6973.06,0,No Action,Recovered
C11405,2183.35,UPI,Bank Declined,14,4,10,Yes,13,1414.38,3,No Action,Recovered
C11406,1282.54,Card,Insufficient Funds,11,8,3,Yes,21,1787.33,0,Payment Link,Not Recovered
C11407,13294.64,UPI,Temporary Failure,20,6,14,No,34,17228.46,0,No Action,Not Recovered
C11408,3089.94,Card,Authentication Failure,6,2,4,No,19,3141.99,0,No Action,Not Recovered
C11409,3272.74,Card,Temporary Failure,8,2,6,Yes,28,3835.92,2,No Action,Not Recovered
C11410,11575.02,UPI,Temporary Failure,19,12,7,Yes,27,12099.09,2,No Action,Not Recovered
C11411,6241.86,Card,Technical Error,19,3,16,No,26,7797.73,2,No Action,Not Recovered
C11412,5760.39,UPI,Temporary Failure,17,13,4,Yes,11,7349.18,2,No Action,Recovered
C11413,22607.83,Card,Insufficient Funds,18,11,7,Yes,35,17775.01,3,No Action,Not Recovered
C11414,2390.45,UPI,Temporary Failure,12,10,2,No,20,2313.47,1,Retry,Not Recovered
C11415,8402.81,Card,Temporary Failure,9,1,8,No,12,9309.29,2,No Action,Not Recovered
C11416,4186.67,UPI,Temporary Failure,16,7,9,Yes,28,5789.13,1,No Action,Recovered
C11417,4958.82,UPI,Temporary Failure,18,18,0,Yes,2,5683.56,0,Retry,Not Recovered
C11418,13586.4,UPI,Bank Declined,16,12,4,Yes,1,17908.34,1,Reminder,Recovered
C11419,6004.82,Card,Technical Error,16,0,16,Yes,9,7667.49,2,No Action,Not Recovered
C11420,6152.95,UPI,Insufficient Funds,4,4,0,Yes,22,6556.89,3,No Action,Recovered
C11421,9433.81,NetBanking,Authentication Failure,7,4,3,No,27,12404.75,2,No Action,Not Recovered
C11422,2987.19,NetBanking,Temporary Failure,1,1,0,No,9,2694.26,3,No Action,Recovered
C11423,2044.04,UPI,Insufficient Funds,20,10,10,No,7,1846.64,2,No Action,Not Recovered
C11424,1734.03,Card,Temporary Failure,1,0,1,No,36,2123.79,0,No Action,Recovered
C11425,829.62,UPI,Bank Declined,8,1,7,No,2,587.07,3,No Action,Not Recovered
C11426,20723.33,UPI,Insufficient Funds,8,2,6,No,5,17504.17,0,Payment Link,Not Recovered
C11427,1654.88,Card,Bank Declined,10,9,1,Yes,17,1798.62,2,No Action,Not Recovered
C11428,3351.11,Card,Technical Error,1,0,1,No,35,3136.81,0,No Action,Not Recovered
C11429,3205.42,Card,Bank Declined,14,13,1,Yes,8,4335.58,1,Reminder,Not Recovered
C11430,5115.22,UPI,Bank Declined,14,12,2,Yes,3,6991.51,1,Reminder,Recovered
C11431,7682.03,UPI,Authentication Failure,10,2,8,No,3,7697.89,3,No Action,Not Recovered
C11432,7961.94,UPI,Temporary Failure,19,4,15,Yes,1,8210.75,1,No Action,Not Recovered
C11433,2508.87,Card,Insufficient Funds,16,8,8,No,24,2959.72,1,Payment Link,Not Recovered
C11434,3499.42,Card,Technical Error,9,7,2,Yes,30,3379.78,2,No Action,Recovered
C11435,5014.62,Card,Bank Declined,20,11,9,No,26,3771.39,2,No Action,Not Recovered
C11436,3278.35,UPI,Temporary Failure,16,15,1,No,3,3926.07,1,Retry,Recovered
C11437,14471.35,UPI,Insufficient Funds,20,18,2,Yes,13,17224.22,3,No Action,Recovered
C11438,5924.37,UPI,Insufficient Funds,8,0,8,Yes,36,4715.71,1,Payment Link,Not Recovered
C11439,7200.83,UPI,Insufficient Funds,7,5,2,Yes,12,9118.65,2,No Action,Not Recovered
C11440,6797.8,UPI,Temporary Failure,11,2,9,No,20,7415.85,0,No Action,Recovered
C11441,10227.43,NetBanking,Authentication Failure,6,0,6,No,8,8069.86,3,No Action,Not Recovered
C11442,4623.31,NetBanking,Technical Error,15,12,3,Yes,2,5185.65,3,No Action,Recovered
C11443,1417.41,Card,Insufficient Funds,19,8,11,No,11,1115.34,1,Payment Link,Not Recovered
C11444,5507.14,Card,Bank Declined,14,11,3,Yes,21,4472.82,0,Reminder,Recovered
C11445,2375.5,UPI,Authentication Failure,15,12,3,Yes,6,3036.86,3,No Action,Recovered
C11446,2620.59,NetBanking,Temporary Failure,6,2,4,No,19,3521.01,3,No Action,Not Recovered
C11447,6394.16,UPI,Temporary Failure,10,7,3,No,30,5150.54,2,No Action,Not Recovered
C11448,10771.68,Wallet,Bank Declined,14,5,9,No,36,14460.34,1,No Action,Not Recovered
C11449,4068.65,Card,Technical Error,16,2,14,No,20,3218.46,1,No Action,Not Recovered
C11450,5121.06,UPI,Temporary Failure,13,6,7,No,10,3553.06,3,No Action,Not Recovered
C11451,15612.41,Wallet,Authentication Failure,11,4,7,No,24,10094.66,0,No Action,Recovered
C11452,4849.6,UPI,Insufficient Funds,3,1,2,No,33,3849.08,0,Payment Link,Not Recovered
C11453,32061.02,Card,Insufficient Funds,8,7,1,Yes,29,29117.73,0,Payment Link,Not Recovered
C11454,6288.37,Card,Temporary Failure,3,0,3,No,30,8439.24,0,No Action,Recovered
C11455,977.93,UPI,Temporary Failure,2,2,0,No,36,776.21,1,Retry,Recovered
C11456,7307.99,UPI,Technical Error,14,12,2,Yes,6,6521.45,2,No Action,Recovered
C11457,5426.1,Card,Authentication Failure,20,10,10,No,14,6442.54,0,No Action,Not Recovered
C11458,11224.47,Card,Insufficient Funds,15,11,4,Yes,3,9447.18,0,Payment Link,Not Recovered
C11459,6854.05,UPI,Authentication Failure,3,0,3,No,24,7864.98,2,No Action,Not Recovered
C11460,3580.6,Wallet,Technical Error,1,1,0,No,19,3386.04,1,Retry,Recovered
C11461,1502.09,UPI,Insufficient Funds,15,12,3,Yes,34,1137.32,2,No Action,Not Recovered
C11462,3384.06,UPI,Bank Declined,20,13,7,Yes,9,4017.72,2,No Action,Not Recovered
C11463,2025.62,UPI,Insufficient Funds,2,0,2,No,30,1259.19,0,Payment Link,Not Recovered
C11464,2514.0,UPI,Bank Declined,18,3,15,Yes,32,2096.34,2,No Action,Not Recovered
C11465,6405.5,UPI,Temporary Failure,1,0,1,No,13,5668.52,2,No Action,Not Recovered
C11466,15214.03,Wallet,Bank Declined,9,6,3,Yes,18,14705.5,1,Reminder,Recovered
C11467,5485.08,UPI,Temporary Failure,3,1,2,No,22,6274.36,0,No Action,Not Recovered
C11468,1536.62,UPI,Technical Error,2,2,0,No,4,1486.72,0,Retry,Not Recovered
C11469,5708.62,UPI,Technical Error,4,1,3,No,23,6139.39,3,No Action,Not Recovered
C11470,10418.67,Card,Temporary Failure,16,9,7,No,7,11216.98,0,No Action,Not Recovered
C11471,2455.84,NetBanking,Insufficient Funds,1,0,1,Yes,11,2206.86,1,Payment Link,Recovered
C11472,3593.33,UPI,Insufficient Funds,9,4,5,Yes,34,4840.85,1,Payment Link,Not Recovered
C11473,4047.28,UPI,Bank Declined,8,7,1,No,5,5523.25,1,Reminder,Not Recovered
C11474,2134.81,UPI,Temporary Failure,6,1,5,No,25,2274.6,3,No Action,Not Recovered
C11475,6718.86,UPI,Bank Declined,20,7,13,Yes,28,4416.66,3,No Action,Not Recovered
C11476,3631.1,UPI,Temporary Failure,18,13,5,No,14,3605.33,1,Retry,Not Recovered
C11477,5595.26,UPI,Temporary Failure,16,8,8,No,27,4182.66,0,No Action,Recovered
C11478,1966.59,UPI,Temporary Failure,8,5,3,Yes,16,1940.18,3,No Action,Recovered
C11479,2818.85,Card,Temporary Failure,4,0,4,Yes,27,2116.35,0,No Action,Not Recovered
C11480,7129.2,UPI,Technical Error,3,1,2,No,2,8291.86,3,No Action,Not Recovered
C11481,2968.41,Wallet,Authentication Failure,15,3,12,No,19,1972.04,2,No Action,Not Recovered
C11482,15924.61,Wallet,Insufficient Funds,6,2,4,No,23,21699.56,1,Payment Link,Recovered
C11483,2905.44,Card,Bank Declined,1,1,0,No,14,2197.39,2,No Action,Recovered
C11484,4787.66,UPI,Temporary Failure,18,13,5,No,26,5402.99,1,Retry,Recovered
C11485,8434.81,UPI,Bank Declined,11,4,7,Yes,8,11248.41,2,No Action,Recovered
C11486,1286.08,UPI,Temporary Failure,3,3,0,No,27,1026.69,0,Retry,Recovered
C11487,977.9,Card,Bank Declined,13,4,9,No,28,1317.66,0,No Action,Not Recovered
C11488,1180.3,Card,Authentication Failure,17,14,3,Yes,4,1075.18,1,Reminder,Recovered
C11489,10983.14,NetBanking,Temporary Failure,18,8,10,No,11,15029.6,0,No Action,Recovered
C11490,2572.32,Wallet,Technical Error,14,6,8,No,24,3542.32,1,No Action,Not Recovered
C11491,30964.88,UPI,Temporary Failure,7,4,3,Yes,28,23238.03,2,No Action,Recovered
C11492,2546.95,Card,Insufficient Funds,7,4,3,No,18,3221.56,1,Payment Link,Not Recovered
C11493,4636.39,UPI,Temporary Failure,14,6,8,No,21,3499.25,3,No Action,Not Recovered
C11494,13735.48,UPI,Insufficient Funds,15,7,8,Yes,26,10729.5,2,No Action,Not Recovered
C11495,19908.94,UPI,Temporary Failure,12,11,1,Yes,3,13285.26,2,No Action,Recovered
C11496,20811.32,UPI,Insufficient Funds,12,3,9,No,13,15092.98,1,Payment Link,Not Recovered
C11497,10516.94,NetBanking,Insufficient Funds,8,5,3,No,28,11629.37,3,No Action,Not Recovered
C11498,9075.19,UPI,Insufficient Funds,16,4,12,No,14,8706.76,3,No Action,Not Recovered
C11499,6425.77,Card,Bank Declined,9,0,9,No,1,7921.4,0,No Action,Not Recovered
C11500,7455.73,Card,Authentication Failure,2,2,0,No,28,6453.66,2,No Action,Not Recovered
C11501,2573.7,Card,Insufficient Funds,14,13,1,Yes,36,3538.58,0,Payment Link,Recovered
C11502,2078.68,UPI,Temporary Failure,16,8,8,No,11,1330.14,2,No Action,Not Recovered
C11503,3989.22,NetBanking,Temporary Failure,5,1,4,No,4,2594.38,2,No Action,Not Recovered
C11504,3490.85,Card,Authentication Failure,5,5,0,Yes,34,4053.23,2,No Action,Recovered
C11505,2783.51,UPI,Bank Declined,20,14,6,Yes,1,3646.48,2,No Action,Recovered
C11506,6982.48,UPI,Insufficient Funds,18,15,3,No,10,8633.14,1,Payment Link,Recovered
C11507,8589.48,Card,Temporary Failure,18,7,11,Yes,17,8519.51,3,No Action,Recovered
C11508,4293.15,NetBanking,Insufficient Funds,5,2,3,No,7,3501.98,2,No Action,Recovered
C11509,13043.87,Card,Temporary Failure,11,4,7,No,13,7966.69,0,No Action,Recovered
C11510,1604.71,NetBanking,Authentication Failure,13,13,0,Yes,22,1616.84,0,Reminder,Recovered
C11511,3425.91,Card,Authentication Failure,3,2,1,No,1,3359.14,1,Reminder,Not Recovered
C11512,2254.29,UPI,Temporary Failure,17,3,14,No,28,1973.4,3,No Action,Not Recovered
C11513,898.58,UPI,Bank Declined,18,0,18,No,33,954.7,2,No Action,Not Recovered
C11514,3743.98,UPI,Temporary Failure,14,3,11,No,13,4429.32,1,No Action,Not Recovered
C11515,3628.78,Card,Insufficient Funds,12,6,6,No,1,4211.96,0,Payment Link,Not Recovered
C11516,13424.13,NetBanking,Authentication Failure,14,11,3,Yes,25,10881.63,3,No Action,Not Recovered
C11517,6625.62,UPI,Bank Declined,18,6,12,No,21,7077.77,2,No Action,Recovered
C11518,1762.87,Card,Insufficient Funds,20,9,11,No,33,1267.54,3,No Action,Not Recovered
C11519,17629.41,UPI,Temporary Failure,2,1,1,No,34,12292.66,0,No Action,Not Recovered
C11520,10624.06,UPI,Technical Error,7,3,4,No,3,13053.62,1,No Action,Not Recovered
C11521,6372.38,UPI,Bank Declined,15,11,4,Yes,30,7360.08,1,Reminder,Recovered
C11522,3337.12,UPI,Insufficient Funds,10,5,5,Yes,3,4052.41,0,Payment Link,Not Recovered
C11523,1856.59,UPI,Temporary Failure,15,12,3,Yes,18,1340.4,2,No Action,Recovered
C11524,2969.9,UPI,Insufficient Funds,17,0,17,No,23,3955.0,2,No Action,Not Recovered
C11525,9557.19,UPI,Authentication Failure,11,7,4,Yes,8,6752.05,3,No Action,Not Recovered
C11526,18064.77,UPI,Bank Declined,2,2,0,Yes,9,23412.48,0,Reminder,Recovered
C11527,13747.94,Card,Insufficient Funds,18,15,3,Yes,2,12124.36,0,Payment Link,Not Recovered
C11528,2705.31,UPI,Bank Declined,4,4,0,Yes,2,1851.37,2,No Action,Recovered
C11529,1633.3,Wallet,Technical Error,9,9,0,Yes,27,1354.68,0,Retry,Recovered
C11530,4477.22,UPI,Insufficient Funds,17,6,11,No,36,3336.24,1,Payment Link,Not Recovered
C11531,971.94,UPI,Temporary Failure,17,2,15,No,5,964.69,2,No Action,Not Recovered
C11532,5180.12,UPI,Bank Declined,17,1,16,No,1,7043.91,2,No Action,Not Recovered
C11533,3554.49,UPI,Bank Declined,16,1,15,No,22,3065.03,1,No Action,Not Recovered
C11534,2755.13,NetBanking,Technical Error,20,19,1,Yes,10,3002.21,0,Retry,Recovered
C11535,1116.87,UPI,Authentication Failure,8,6,2,Yes,24,1466.87,2,No Action,Not Recovered
C11536,6032.58,Wallet,Insufficient Funds,15,13,2,Yes,15,6660.33,2,No Action,Recovered
C11537,2612.05,NetBanking,Temporary Failure,1,1,0,No,33,2324.1,2,No Action,Not Recovered
C11538,1568.88,Card,Authentication Failure,19,19,0,Yes,23,2184.93,0,Reminder,Recovered
C11539,401.91,Card,Insufficient Funds,15,8,7,No,14,301.4,2,No Action,Not Recovered
C11540,3912.91,Card,Bank Declined,9,1,8,No,18,3985.71,0,No Action,Not Recovered
C11541,16512.14,UPI,Bank Declined,5,5,0,Yes,25,20431.53,3,No Action,Recovered
C11542,15109.17,Card,Bank Declined,16,5,11,No,22,9073.35,1,No Action,Not Recovered
C11543,2774.91,UPI,Temporary Failure,13,9,4,No,7,3223.43,0,Reminder,Recovered
C11544,2470.76,UPI,Technical Error,16,9,7,No,26,2009.22,0,No Action,Recovered
C11545,5820.08,Card,Technical Error,11,11,0,Yes,24,4282.31,1,Retry,Recovered
C11546,1799.64,Card,Bank Declined,13,8,5,Yes,13,1474.55,0,Reminder,Not Recovered
C11547,5092.29,NetBanking,Insufficient Funds,6,0,6,No,6,6994.02,1,Payment Link,Not Recovered
C11548,7382.84,UPI,Temporary Failure,20,8,12,Yes,21,9697.72,3,No Action,Not Recovered
C11549,10674.32,NetBanking,Temporary Failure,17,2,15,No,7,8229.94,2,No Action,Not Recovered
C11550,3692.01,UPI,Insufficient Funds,5,3,2,No,18,2560.86,1,Payment Link,Not Recovered
C11551,3398.57,UPI,Insufficient Funds,17,10,7,No,15,3029.22,1,Payment Link,Not Recovered
C11552,1981.61,UPI,Authentication Failure,1,1,0,No,8,2127.99,2,No Action,Not Recovered
C11553,2064.3,UPI,Technical Error,5,0,5,No,16,2670.62,2,No Action,Not Recovered
C11554,3337.13,UPI,Bank Declined,5,2,3,No,3,4581.45,0,No Action,Not Recovered
C11555,5366.56,Card,Bank Declined,7,1,6,No,9,6444.82,0,No Action,Not Recovered
C11556,8307.53,NetBanking,Temporary Failure,16,4,12,No,26,8965.53,0,No Action,Not Recovered
C11557,2103.81,UPI,Authentication Failure,18,8,10,Yes,26,1501.84,2,No Action,Not Recovered
C11558,13203.02,Card,Insufficient Funds,6,0,6,Yes,30,8703.73,2,No Action,Not Recovered
C11559,3220.05,NetBanking,Temporary Failure,2,2,0,No,27,3467.42,2,No Action,Not Recovered
C11560,3932.21,Card,Insufficient Funds,13,7,6,No,16,4055.1,0,Payment Link,Not Recovered
C11561,2200.15,Card,Authentication Failure,10,3,7,No,4,2809.31,2,No Action,Not Recovered
C11562,575.17,UPI,Authentication Failure,20,6,14,No,19,493.54,2,No Action,Recovered
C11563,8113.51,NetBanking,Temporary Failure,11,5,6,No,34,5125.73,3,No Action,Not Recovered
C11564,7212.17,Card,Authentication Failure,2,2,0,No,6,6771.99,1,Reminder,Not Recovered
C11565,3193.87,UPI,Temporary Failure,8,5,3,Yes,15,4392.68,1,Reminder,Recovered
C11566,4220.22,UPI,Temporary Failure,19,6,13,No,10,5218.13,2,No Action,Not Recovered
C11567,6043.88,NetBanking,Technical Error,20,19,1,Yes,36,3789.62,0,Retry,Recovered
C11568,1145.98,UPI,Authentication Failure,17,2,15,Yes,6,1489.48,3,No Action,Not Recovered
C11569,2619.68,Wallet,Bank Declined,16,12,4,No,6,2560.35,3,No Action,Not Recovered
C11570,7551.2,UPI,Bank Declined,10,1,9,Yes,15,6734.27,1,No Action,Not Recovered
C11571,1466.48,NetBanking,Technical Error,5,2,3,No,29,1286.68,3,No Action,Not Recovered
C11572,5058.86,UPI,Technical Error,14,12,2,Yes,25,5443.92,3,No Action,Recovered
C11573,1351.25,Card,Authentication Failure,19,8,11,No,19,1384.33,3,No Action,Not Recovered
C11574,5809.17,NetBanking,Bank Declined,4,2,2,No,14,6537.07,2,No Action,Not Recovered
C11575,3887.56,UPI,Authentication Failure,20,17,3,Yes,3,4116.59,1,Reminder,Recovered
C11576,1098.77,Card,Authentication Failure,16,4,12,No,14,785.79,1,No Action,Not Recovered
C11577,10156.22,UPI,Temporary Failure,15,9,6,No,21,8183.77,0,Reminder,Recovered
C11578,2222.47,UPI,Technical Error,9,4,5,No,11,2828.81,2,No Action,Not Recovered
C11579,2091.94,UPI,Insufficient Funds,3,0,3,Yes,10,2365.16,3,No Action,Recovered
C11580,4696.18,Card,Insufficient Funds,9,2,7,No,15,4502.32,2,No Action,Not Recovered
C11581,10026.23,UPI,Bank Declined,18,6,12,No,30,7480.38,3,No Action,Not Recovered
C11582,1774.71,UPI,Temporary Failure,4,0,4,No,17,1075.75,3,No Action,Not Recovered
C11583,4202.33,UPI,Bank Declined,19,4,15,No,29,3569.92,0,No Action,Not Recovered
C11584,5636.97,Card,Authentication Failure,4,3,1,Yes,17,3629.52,0,Reminder,Not Recovered
C11585,6964.17,Card,Temporary Failure,9,2,7,No,33,6865.47,0,No Action,Not Recovered
C11586,4606.4,UPI,Insufficient Funds,1,1,0,No,21,5792.28,3,No Action,Not Recovered
C11587,2982.23,UPI,Authentication Failure,1,0,1,No,14,2470.24,3,No Action,Recovered
C11588,2063.13,Wallet,Insufficient Funds,20,8,12,No,10,2637.1,2,No Action,Not Recovered
C11589,4285.38,UPI,Insufficient Funds,19,6,13,No,23,4986.69,1,Payment Link,Not Recovered
C11590,1696.53,NetBanking,Insufficient Funds,3,1,2,No,14,1187.93,3,No Action,Recovered
C11591,386.44,NetBanking,Bank Declined,10,7,3,Yes,22,431.13,2,No Action,Not Recovered
C11592,5672.0,NetBanking,Bank Declined,12,9,3,No,28,4091.46,2,No Action,Not Recovered
C11593,8243.64,UPI,Technical Error,18,0,18,No,9,9264.47,3,No Action,Recovered
C11594,604.08,NetBanking,Insufficient Funds,14,10,4,Yes,23,431.42,3,No Action,Not Recovered
C11595,1783.38,NetBanking,Technical Error,10,3,7,No,7,1630.03,0,No Action,Recovered
C11596,6564.12,Card,Bank Declined,10,4,6,No,24,6913.83,0,No Action,Not Recovered
C11597,20744.7,UPI,Insufficient Funds,18,0,18,No,9,13282.82,0,Payment Link,Not Recovered
C11598,4067.1,UPI,Bank Declined,1,0,1,No,7,2939.08,2,No Action,Not Recovered
C11599,2234.22,UPI,Technical Error,15,1,14,No,23,1913.22,0,No Action,Recovered
C11600,3455.53,Card,Bank Declined,8,6,2,Yes,25,3351.37,3,No Action,Recovered
C11601,12015.48,Card,Temporary Failure,3,3,0,Yes,22,15461.4,0,Retry,Recovered
C11602,2385.77,UPI,Temporary Failure,18,12,6,Yes,7,1788.89,3,No Action,Not Recovered
C11603,2110.53,Card,Temporary Failure,9,4,5,No,6,1853.0,3,No Action,Not Recovered
C11604,2718.55,UPI,Temporary Failure,16,2,14,No,36,2665.87,1,No Action,Recovered
C11605,1865.69,Card,Bank Declined,15,10,5,Yes,22,1560.88,1,Reminder,Recovered
C11606,4412.45,Wallet,Temporary Failure,5,0,5,Yes,35,4856.33,0,No Action,Not Recovered
C11607,14673.41,UPI,Technical Error,13,0,13,No,33,11816.23,3,No Action,Not Recovered
C11608,5179.76,UPI,Temporary Failure,20,13,7,Yes,21,6308.33,1,Reminder,Recovered
C11609,3268.76,UPI,Insufficient Funds,7,5,2,No,11,3282.24,2,No Action,Not Recovered
C11610,3167.19,Card,Bank Declined,16,16,0,Yes,13,2118.99,1,Reminder,Recovered
C11611,1145.39,Card,Temporary Failure,7,3,4,No,3,1261.76,0,No Action,Recovered
C11612,8107.44,Wallet,Authentication Failure,16,5,11,No,13,8556.55,2,No Action,Not Recovered
C11613,3758.52,UPI,Temporary Failure,13,0,13,Yes,34,3273.21,2,No Action,Not Recovered
C11614,3462.22,Wallet,Insufficient Funds,17,8,9,No,28,2108.23,3,No Action,Not Recovered
C11615,50000.0,UPI,Technical Error,9,3,6,Yes,34,38028.06,3,No Action,Not Recovered
C11616,5079.93,Card,Bank Declined,12,8,4,Yes,32,4696.74,3,No Action,Recovered
C11617,2192.1,UPI,Temporary Failure,13,8,5,Yes,23,1665.85,3,No Action,Recovered
C11618,2843.99,NetBanking,Insufficient Funds,9,5,4,Yes,24,3020.3,1,Payment Link,Recovered
C11619,10024.69,Card,Technical Error,5,4,1,No,1,11727.48,0,Retry,Recovered
C11620,4379.4,Card,Authentication Failure,7,6,1,Yes,24,5626.71,0,Reminder,Recovered
C11621,1265.76,NetBanking,Authentication Failure,1,0,1,Yes,3,1414.6,3,No Action,Not Recovered
C11622,8345.12,UPI,Insufficient Funds,4,4,0,No,17,9606.96,1,Payment Link,Not Recovered
C11623,2343.81,UPI,Authentication Failure,4,0,4,No,7,2547.14,1,No Action,Not Recovered
C11624,17902.36,NetBanking,Temporary Failure,16,2,14,No,10,24855.44,1,No Action,Not Recovered
C11625,9490.89,UPI,Temporary Failure,5,1,4,No,19,7676.24,0,No Action,Not Recovered
C11626,2796.69,UPI,Technical Error,4,1,3,No,24,2273.73,3,No Action,Not Recovered
C11627,11146.3,Card,Temporary Failure,6,4,2,No,9,7814.3,1,Reminder,Recovered
C11628,4223.14,Card,Temporary Failure,3,1,2,No,15,4174.77,1,No Action,Not Recovered
C11629,7913.05,UPI,Temporary Failure,8,3,5,No,22,5356.58,3,No Action,Not Recovered
C11630,5894.86,UPI,Insufficient Funds,17,14,3,Yes,17,4810.9,1,Payment Link,Recovered
C11631,2032.38,UPI,Technical Error,18,13,5,No,19,2004.22,0,Retry,Recovered
C11632,2390.39,UPI,Bank Declined,18,12,6,No,9,3265.46,2,No Action,Not Recovered
C11633,9118.11,NetBanking,Temporary Failure,12,8,4,No,19,12501.39,0,Reminder,Recovered
C11634,3060.18,Wallet,Bank Declined,1,0,1,No,8,3656.89,3,No Action,Not Recovered
C11635,2896.13,Card,Authentication Failure,12,3,9,Yes,6,2639.53,3,No Action,Not Recovered
C11636,1863.02,UPI,Technical Error,11,10,1,Yes,21,2407.26,0,Retry,Recovered
C11637,5613.5,Wallet,Insufficient Funds,13,5,8,Yes,29,7299.6,2,No Action,Not Recovered
C11638,20828.33,Card,Authentication Failure,3,1,2,No,34,27663.31,3,No Action,Not Recovered
C11639,1702.79,UPI,Technical Error,8,2,6,No,12,1893.54,3,No Action,Not Recovered
C11640,4078.26,Wallet,Temporary Failure,3,2,1,No,32,3105.33,0,Reminder,Recovered
C11641,12379.86,NetBanking,Temporary Failure,17,15,2,Yes,6,8329.97,2,No Action,Recovered
C11642,3753.1,Card,Temporary Failure,13,10,3,Yes,17,4998.46,2,No Action,Not Recovered
C11643,5744.21,Card,Technical Error,10,6,4,No,32,3701.78,2,No Action,Not Recovered
C11644,1709.81,UPI,Temporary Failure,17,10,7,Yes,8,1430.62,3,No Action,Recovered
C11645,5634.68,UPI,Bank Declined,3,3,0,No,29,5575.91,2,No Action,Not Recovered
C11646,3443.81,Card,Temporary Failure,13,3,10,No,31,2126.83,0,No Action,Recovered
C11647,8801.11,UPI,Authentication Failure,6,5,1,Yes,19,11666.13,3,No Action,Not Recovered
C11648,10341.9,UPI,Insufficient Funds,14,11,3,Yes,9,8580.64,2,No Action,Recovered
C11649,31751.67,NetBanking,Authentication Failure,10,9,1,No,28,19775.06,1,Reminder,Recovered
C11650,6359.83,NetBanking,Authentication Failure,20,15,5,Yes,31,8871.15,2,No Action,Recovered
C11651,5191.03,Card,Temporary Failure,16,6,10,No,19,4407.78,2,No Action,Not Recovered
C11652,4673.0,NetBanking,Insufficient Funds,18,12,6,Yes,33,6081.5,3,No Action,Recovered
C11653,3015.49,NetBanking,Temporary Failure,13,4,9,No,26,2903.25,0,No Action,Not Recovered
C11654,5243.98,Card,Authentication Failure,10,0,10,No,1,5928.32,1,No Action,Not Recovered
C11655,3158.11,UPI,Bank Declined,6,4,2,No,11,2503.98,3,No Action,Recovered
C11656,4577.09,UPI,Temporary Failure,10,5,5,No,2,4587.62,2,No Action,Not Recovered
C11657,11477.31,UPI,Temporary Failure,5,5,0,Yes,35,9252.1,3,No Action,Recovered
C11658,1787.93,UPI,Insufficient Funds,6,2,4,Yes,13,2433.14,3,No Action,Not Recovered
C11659,9956.22,UPI,Authentication Failure,7,1,6,Yes,34,6459.16,1,No Action,Not Recovered
C11660,11472.88,UPI,Bank Declined,11,7,4,Yes,34,9404.77,2,No Action,Recovered
C11661,3639.48,Card,Authentication Failure,16,14,2,Yes,35,4784.05,3,No Action,Recovered
C11662,732.57,Wallet,Insufficient Funds,12,8,4,Yes,32,720.87,0,Payment Link,Recovered
C11663,2459.69,UPI,Temporary Failure,12,12,0,No,12,2656.63,1,Retry,Recovered
C11664,11289.69,Card,Authentication Failure,20,1,19,No,33,12659.75,3,No Action,Not Recovered
C11665,3927.49,Card,Temporary Failure,5,2,3,No,18,2579.35,1,No Action,Not Recovered
C11666,1798.32,UPI,Authentication Failure,16,7,9,No,5,1104.51,3,No Action,Not Recovered
C11667,2671.06,Wallet,Insufficient Funds,6,2,4,Yes,19,3606.66,3,No Action,Recovered
C11668,7836.48,Card,Temporary Failure,9,5,4,No,31,6403.99,3,No Action,Not Recovered
C11669,6194.62,UPI,Bank Declined,5,0,5,No,27,5601.49,0,No Action,Not Recovered
C11670,3304.05,NetBanking,Authentication Failure,16,14,2,Yes,15,3785.37,0,Reminder,Not Recovered
C11671,2982.72,UPI,Authentication Failure,18,13,5,Yes,4,2353.49,0,Reminder,Recovered
C11672,2923.81,Card,Temporary Failure,19,2,17,No,19,3468.98,3,No Action,Not Recovered
C11673,1912.41,UPI,Temporary Failure,12,0,12,No,21,1848.52,0,No Action,Not Recovered
C11674,14564.61,NetBanking,Bank Declined,2,2,0,No,1,18719.72,1,Reminder,Not Recovered
C11675,3090.82,UPI,Bank Declined,10,8,2,No,20,2543.23,0,Reminder,Recovered
C11676,10591.18,Card,Technical Error,12,1,11,No,22,8081.68,1,No Action,Not Recovered
C11677,13508.88,UPI,Temporary Failure,14,0,14,Yes,13,17093.47,2,No Action,Recovered
C11678,8890.14,Card,Authentication Failure,18,6,12,Yes,1,7654.95,2,No Action,Recovered
C11679,2832.04,NetBanking,Bank Declined,19,4,15,No,15,2632.37,0,No Action,Not Recovered
C11680,5524.97,Card,Technical Error,6,1,5,No,15,6823.15,0,No Action,Not Recovered
C11681,3923.32,Card,Bank Declined,5,5,0,Yes,14,4348.85,1,Reminder,Recovered
C11682,1941.25,Card,Insufficient Funds,16,16,0,Yes,5,1850.75,3,No Action,Not Recovered
C11683,5185.06,NetBanking,Authentication Failure,14,12,2,Yes,6,4147.59,1,Reminder,Recovered
C11684,1557.47,Card,Bank Declined,13,4,9,No,31,1886.66,2,No Action,Not Recovered
C11685,10344.32,NetBanking,Authentication Failure,2,1,1,Yes,26,7699.74,3,No Action,Not Recovered
C11686,2758.26,NetBanking,Authentication Failure,2,0,2,Yes,25,3703.31,1,No Action,Not Recovered
C11687,4698.4,UPI,Bank Declined,12,4,8,No,15,3384.04,0,No Action,Not Recovered
C11688,5017.46,UPI,Bank Declined,1,0,1,Yes,6,6241.45,2,No Action,Not Recovered
C11689,3251.68,UPI,Temporary Failure,19,11,8,Yes,1,3054.63,2,No Action,Recovered
C11690,6395.85,NetBanking,Temporary Failure,16,11,5,No,7,4789.24,0,Reminder,Not Recovered
C11691,2735.66,UPI,Temporary Failure,7,1,6,No,4,2522.01,1,No Action,Not Recovered
C11692,8031.19,Card,Temporary Failure,7,3,4,Yes,1,6242.17,0,No Action,Recovered
C11693,1362.76,NetBanking,Temporary Failure,16,8,8,No,2,965.92,1,No Action,Recovered
C11694,4425.57,UPI,Insufficient Funds,6,2,4,Yes,34,3502.06,2,No Action,Not Recovered
C11695,18867.44,Card,Insufficient Funds,18,12,6,Yes,35,24412.93,0,Payment Link,Not Recovered
C11696,1796.84,UPI,Insufficient Funds,1,1,0,No,13,1230.39,2,No Action,Recovered
C11697,2325.88,UPI,Temporary Failure,1,0,1,No,17,3205.14,2,No Action,Not Recovered
C11698,6034.06,NetBanking,Temporary Failure,14,13,1,Yes,10,3644.56,3,No Action,Recovered
C11699,4617.99,UPI,Bank Declined,6,4,2,Yes,3,5202.58,0,Reminder,Not Recovered
C11700,5295.19,UPI,Bank Declined,6,2,4,Yes,4,6805.43,2,No Action,Not Recovered
C11701,5915.9,NetBanking,Insufficient Funds,4,3,1,Yes,25,7969.7,1,Payment Link,Not Recovered
C11702,6646.37,UPI,Bank Declined,12,9,3,No,29,4753.41,0,Reminder,Recovered
C11703,9718.72,Wallet,Technical Error,18,9,9,No,1,11259.79,1,No Action,Not Recovered
C11704,5551.95,Wallet,Insufficient Funds,10,7,3,Yes,30,3807.97,1,Payment Link,Not Recovered
C11705,3297.91,UPI,Bank Declined,3,0,3,No,10,2909.05,1,No Action,Not Recovered
C11706,6850.72,UPI,Authentication Failure,3,3,0,No,29,8121.81,0,Reminder,Not Recovered
C11707,18287.17,Card,Technical Error,8,0,8,No,32,16033.8,1,No Action,Not Recovered
C11708,3597.31,Card,Insufficient Funds,1,0,1,No,1,3060.23,0,Payment Link,Not Recovered
C11709,1834.31,UPI,Bank Declined,18,14,4,Yes,17,1270.89,3,No Action,Recovered
C11710,9698.38,Card,Temporary Failure,15,0,15,No,12,6334.5,1,No Action,Not Recovered
C11711,3632.75,UPI,Bank Declined,20,10,10,No,2,2514.67,0,No Action,Not Recovered
C11712,703.39,NetBanking,Authentication Failure,17,4,13,No,9,914.67,1,No Action,Not Recovered
C11713,7879.24,UPI,Bank Declined,11,3,8,No,12,4798.13,2,No Action,Not Recovered
C11714,2606.56,UPI,Authentication Failure,13,9,4,Yes,25,3008.73,1,Reminder,Recovered
C11715,3720.54,UPI,Insufficient Funds,20,20,0,No,36,4520.08,2,No Action,Not Recovered
C11716,5216.77,Wallet,Authentication Failure,10,7,3,Yes,35,5500.1,2,No Action,Not Recovered
C11717,4658.5,Card,Bank Declined,13,8,5,Yes,22,5518.55,1,Reminder,Not Recovered
C11718,7055.84,NetBanking,Temporary Failure,17,15,2,Yes,33,7915.35,1,Retry,Recovered
C11719,2823.3,UPI,Bank Declined,1,1,0,No,21,2722.92,2,No Action,Not Recovered
C11720,6030.19,UPI,Temporary Failure,20,11,9,No,22,5464.37,3,No Action,Not Recovered
C11721,3250.01,UPI,Temporary Failure,16,2,14,No,28,4397.48,0,No Action,Not Recovered
C11722,7223.52,Card,Technical Error,16,14,2,Yes,4,9950.76,1,Retry,Recovered
C11723,6544.26,Card,Temporary Failure,3,1,2,Yes,26,7336.23,2,No Action,Not Recovered
C11724,1892.58,Card,Technical Error,2,1,1,No,23,1434.27,0,No Action,Recovered
C11725,9536.06,UPI,Temporary Failure,6,4,2,No,23,9138.59,1,Reminder,Recovered
C11726,2605.24,Wallet,Temporary Failure,11,0,11,No,8,2598.02,0,No Action,Not Recovered
C11727,7634.98,UPI,Authentication Failure,3,3,0,Yes,32,9210.66,2,No Action,Not Recovered
C11728,5366.22,Wallet,Insufficient Funds,1,1,0,No,1,6086.48,1,Payment Link,Not Recovered
C11729,17406.46,UPI,Bank Declined,11,2,9,Yes,30,17612.75,3,No Action,Not Recovered
C11730,3345.18,Card,Bank Declined,13,4,9,No,28,3827.86,0,No Action,Not Recovered
C11731,3024.79,UPI,Bank Declined,5,5,0,No,17,1873.09,1,Reminder,Recovered
C11732,3938.34,UPI,Authentication Failure,18,4,14,No,23,4809.93,0,No Action,Not Recovered
C11733,3138.52,Card,Bank Declined,15,10,5,No,24,2414.48,0,Reminder,Not Recovered
C11734,7585.57,UPI,Insufficient Funds,18,16,2,Yes,22,8534.73,1,Payment Link,Recovered
C11735,1097.73,UPI,Authentication Failure,15,0,15,No,5,758.73,1,No Action,Not Recovered
C11736,1721.76,Card,Temporary Failure,20,1,19,No,25,1190.72,1,No Action,Not Recovered
C11737,1702.42,Card,Bank Declined,20,0,20,Yes,7,1070.02,2,No Action,Not Recovered
C11738,8555.21,NetBanking,Authentication Failure,20,3,17,No,22,11362.91,1,No Action,Not Recovered
C11739,15717.66,UPI,Bank Declined,7,0,7,No,34,17032.4,0,No Action,Not Recovered
C11740,3679.35,Card,Technical Error,17,1,16,No,36,3273.04,1,No Action,Not Recovered
C11741,3494.66,Card,Bank Declined,8,2,6,No,20,4299.21,2,No Action,Not Recovered
C11742,4230.57,UPI,Technical Error,13,10,3,Yes,17,4657.29,2,No Action,Not Recovered
C11743,10133.0,Card,Authentication Failure,16,5,11,No,4,11106.42,1,No Action,Not Recovered
C11744,1904.87,UPI,Temporary Failure,10,10,0,Yes,18,1885.12,0,Retry,Recovered
C11745,4840.36,UPI,Temporary Failure,14,9,5,Yes,28,2934.91,2,No Action,Not Recovered
C11746,8727.27,UPI,Insufficient Funds,6,2,4,Yes,16,7040.9,0,Payment Link,Recovered
C11747,5972.52,UPI,Technical Error,20,19,1,Yes,8,4104.68,3,No Action,Recovered
C11748,4655.08,Card,Temporary Failure,7,0,7,No,18,5259.9,2,No Action,Recovered
C11749,8909.62,Card,Temporary Failure,6,0,6,No,29,7117.87,3,No Action,Not Recovered
C11750,460.11,Wallet,Insufficient Funds,17,9,8,No,16,441.77,2,No Action,Not Recovered
C11751,6879.83,Card,Authentication Failure,8,4,4,No,30,6073.13,0,No Action,Not Recovered
C11752,2370.34,UPI,Bank Declined,12,6,6,No,34,1693.75,3,No Action,Not Recovered
C11753,924.77,NetBanking,Insufficient Funds,4,0,4,No,30,1263.88,0,Payment Link,Not Recovered
C11754,6021.02,NetBanking,Temporary Failure,10,7,3,No,21,8108.72,2,No Action,Not Recovered
C11755,12003.78,UPI,Insufficient Funds,6,2,4,No,22,8014.76,0,Payment Link,Recovered
C11756,3583.48,Card,Temporary Failure,7,6,1,Yes,25,4521.97,3,No Action,Recovered
C11757,8572.8,Wallet,Temporary Failure,8,7,1,Yes,22,8493.06,1,Retry,Recovered
C11758,14528.57,Card,Authentication Failure,3,0,3,Yes,28,17710.16,1,No Action,Not Recovered
C11759,11452.7,Wallet,Authentication Failure,8,4,4,No,33,8256.55,2,No Action,Not Recovered
C11760,14853.95,UPI,Temporary Failure,15,4,11,No,2,10484.2,1,No Action,Not Recovered
C11761,7242.72,UPI,Temporary Failure,1,1,0,Yes,4,9506.84,2,No Action,Recovered
C11762,4248.82,UPI,Insufficient Funds,13,0,13,Yes,16,5601.03,0,Payment Link,Recovered
C11763,1110.4,Card,Insufficient Funds,18,4,14,No,12,1080.12,0,Payment Link,Recovered
C11764,3285.26,NetBanking,Temporary Failure,15,7,8,No,17,4258.11,3,No Action,Not Recovered
C11765,2037.45,Wallet,Insufficient Funds,7,7,0,No,36,2310.4,3,No Action,Not Recovered
C11766,22715.52,UPI,Temporary Failure,15,1,14,No,16,16991.39,1,No Action,Not Recovered
C11767,3474.97,UPI,Technical Error,3,2,1,No,23,2999.47,0,Reminder,Recovered
C11768,4414.34,NetBanking,Technical Error,14,5,9,Yes,8,3129.1,3,No Action,Recovered
C11769,6218.21,Card,Bank Declined,20,9,11,Yes,9,7580.99,1,No Action,Not Recovered
C11770,4141.99,UPI,Insufficient Funds,4,1,3,No,14,5749.91,2,No Action,Not Recovered
C11771,15523.19,Card,Authentication Failure,4,2,2,No,9,16099.14,3,No Action,Not Recovered
C11772,2430.69,Card,Authentication Failure,3,0,3,No,26,2733.78,3,No Action,Not Recovered
C11773,4673.84,NetBanking,Temporary Failure,5,1,4,No,36,5594.0,1,No Action,Recovered
C11774,2208.51,Card,Temporary Failure,11,4,7,Yes,3,1721.33,3,No Action,Recovered
C11775,1391.35,UPI,Bank Declined,8,4,4,Yes,10,1208.81,1,No Action,Recovered
C11776,2451.94,Wallet,Temporary Failure,2,2,0,Yes,25,2279.95,3,No Action,Recovered
C11777,3883.22,Card,Insufficient Funds,16,4,12,No,4,4177.07,0,Payment Link,Not Recovered
C11778,2837.3,UPI,Bank Declined,10,4,6,No,30,3632.86,0,No Action,Recovered
C11779,2298.73,UPI,Bank Declined,18,0,18,No,11,1846.71,0,No Action,Not Recovered
C11780,1298.54,Card,Insufficient Funds,7,1,6,No,19,1268.3,3,No Action,Not Recovered
C11781,3742.71,UPI,Bank Declined,5,4,1,Yes,13,4495.84,1,Reminder,Recovered
C11782,1200.24,UPI,Authentication Failure,7,6,1,Yes,36,804.05,0,Reminder,Recovered
C11783,7347.35,Card,Temporary Failure,6,2,4,No,3,7423.14,2,No Action,Not Recovered
C11784,4272.7,UPI,Bank Declined,1,1,0,No,14,3057.13,3,No Action,Recovered
C11785,1246.39,Card,Temporary Failure,11,0,11,Yes,10,1285.43,1,No Action,Not Recovered
C11786,3123.42,UPI,Temporary Failure,13,10,3,Yes,27,3792.64,3,No Action,Recovered
C11787,2191.46,Card,Bank Declined,12,11,1,Yes,24,1730.28,1,Reminder,Recovered
C11788,5163.6,UPI,Temporary Failure,1,1,0,No,16,6607.25,1,Retry,Recovered
C11789,11689.08,UPI,Temporary Failure,15,2,13,No,10,10144.29,3,No Action,Not Recovered
C11790,892.4,UPI,Temporary Failure,1,1,0,No,27,671.65,2,No Action,Not Recovered
C11791,4385.55,Wallet,Bank Declined,3,3,0,Yes,7,4263.89,2,No Action,Recovered
C11792,3519.04,NetBanking,Technical Error,15,8,7,Yes,28,4577.78,3,No Action,Recovered
C11793,6843.96,UPI,Temporary Failure,9,7,2,Yes,26,4483.8,0,Retry,Recovered
C11794,4743.86,NetBanking,Bank Declined,14,14,0,Yes,18,4089.48,0,Reminder,Recovered
C11795,2191.79,Card,Temporary Failure,8,3,5,Yes,13,2460.35,1,No Action,Recovered
C11796,3098.91,Wallet,Bank Declined,4,4,0,Yes,8,2745.83,0,Reminder,Recovered
C11797,2115.89,UPI,Insufficient Funds,20,8,12,No,27,1389.42,3,No Action,Not Recovered
C11798,9460.26,Card,Bank Declined,20,2,18,No,14,8188.79,3,No Action,Not Recovered
C11799,4068.78,UPI,Authentication Failure,6,5,1,Yes,6,5113.51,2,No Action,Recovered
C11800,18306.33,UPI,Authentication Failure,1,1,0,No,20,25160.77,0,Reminder,Recovered
C11801,3810.52,Wallet,Temporary Failure,18,6,12,No,28,2407.58,0,No Action,Not Recovered
C11802,2269.52,Card,Authentication Failure,6,0,6,No,23,2395.31,1,No Action,Not Recovered
C11803,1191.63,UPI,Temporary Failure,14,6,8,No,12,815.36,3,No Action,Not Recovered
C11804,945.33,UPI,Authentication Failure,11,0,11,Yes,24,1081.76,3,No Action,Not Recovered
C11805,1126.35,Card,Temporary Failure,17,15,2,Yes,22,682.92,3,No Action,Recovered
C11806,4953.01,Card,Insufficient Funds,9,4,5,No,26,3030.22,2,No Action,Not Recovered
C11807,6009.1,UPI,Temporary Failure,7,5,2,Yes,22,7340.14,2,No Action,Recovered
C11808,1129.01,Wallet,Temporary Failure,14,1,13,No,7,744.64,2,No Action,Not Recovered
C11809,8185.18,UPI,Technical Error,17,15,2,No,15,6909.48,3,No Action,Not Recovered
C11810,2717.86,UPI,Authentication Failure,8,1,7,Yes,30,3713.77,3,No Action,Not Recovered
C11811,4498.43,Wallet,Bank Declined,16,3,13,No,4,6244.71,0,No Action,Not Recovered
C11812,14527.9,UPI,Technical Error,12,4,8,No,6,10592.62,3,No Action,Not Recovered
C11813,8196.98,UPI,Technical Error,12,6,6,No,2,8596.35,3,No Action,Not Recovered
C11814,3226.73,Card,Temporary Failure,5,4,1,Yes,31,3379.42,2,No Action,Recovered
C11815,1960.78,NetBanking,Temporary Failure,5,2,3,No,24,1886.08,0,No Action,Not Recovered
C11816,715.23,UPI,Temporary Failure,14,11,3,No,35,958.24,3,No Action,Not Recovered
C11817,2250.09,Wallet,Insufficient Funds,6,6,0,Yes,31,2707.37,1,Payment Link,Recovered
C11818,3378.36,NetBanking,Temporary Failure,7,0,7,No,25,4093.29,2,No Action,Not Recovered
C11819,1815.84,UPI,Temporary Failure,17,9,8,No,8,1481.1,1,No Action,Recovered
C11820,3601.28,Card,Temporary Failure,9,3,6,No,12,3412.05,0,No Action,Recovered
C11821,4253.64,UPI,Temporary Failure,13,12,1,Yes,2,4210.84,2,No Action,Recovered
C11822,3341.47,UPI,Authentication Failure,9,8,1,Yes,15,2803.93,0,Reminder,Not Recovered
C11823,2378.08,NetBanking,Temporary Failure,16,15,1,Yes,32,1607.24,3,No Action,Recovered
C11824,4577.8,Wallet,Bank Declined,4,2,2,No,11,3209.44,2,No Action,Not Recovered
C11825,5696.47,UPI,Bank Declined,2,1,1,No,17,4241.23,0,No Action,Not Recovered
C11826,1671.92,UPI,Bank Declined,13,10,3,Yes,21,1275.55,0,Reminder,Not Recovered
C11827,12367.11,Card,Temporary Failure,13,8,5,Yes,22,9817.13,0,Reminder,Recovered
C11828,3696.64,UPI,Insufficient Funds,19,7,12,No,33,2973.46,1,Payment Link,Recovered
C11829,4060.78,UPI,Temporary Failure,12,6,6,Yes,29,3916.92,2,No Action,Recovered
C11830,7048.86,UPI,Insufficient Funds,4,0,4,No,15,7102.84,0,Payment Link,Recovered
C11831,4820.45,Card,Temporary Failure,10,4,6,No,21,4083.42,2,No Action,Not Recovered
C11832,8574.59,UPI,Bank Declined,16,6,10,Yes,2,11368.51,3,No Action,Not Recovered
C11833,5032.89,UPI,Bank Declined,19,12,7,Yes,3,5246.85,3,No Action,Not Recovered
C11834,2450.63,NetBanking,Bank Declined,8,1,7,No,25,3014.23,0,No Action,Not Recovered
C11835,5341.45,NetBanking,Insufficient Funds,6,6,0,No,13,7154.29,2,No Action,Not Recovered
C11836,1602.1,Card,Insufficient Funds,4,1,3,No,24,1170.35,0,Payment Link,Recovered
C11837,4362.92,UPI,Technical Error,7,2,5,No,31,4111.18,0,No Action,Not Recovered
C11838,3895.07,Card,Temporary Failure,14,0,14,No,15,3686.95,1,No Action,Not Recovered
C11839,3386.51,UPI,Technical Error,13,2,11,No,6,2992.25,2,No Action,Not Recovered
C11840,3609.12,UPI,Technical Error,5,4,1,Yes,10,2191.19,1,Retry,Recovered
C11841,887.64,Card,Insufficient Funds,9,3,6,No,9,1112.02,0,Payment Link,Not Recovered
C11842,2578.77,UPI,Temporary Failure,3,2,1,No,5,1777.41,1,Reminder,Not Recovered
C11843,4308.42,UPI,Insufficient Funds,10,7,3,Yes,19,6016.21,1,Payment Link,Recovered
C11844,4545.69,UPI,Temporary Failure,15,7,8,No,20,5538.32,1,No Action,Not Recovered
C11845,1757.96,UPI,Temporary Failure,20,15,5,Yes,33,1870.48,3,No Action,Recovered
C11846,11010.62,UPI,Temporary Failure,17,0,17,Yes,31,7968.22,3,No Action,Not Recovered
C11847,2000.41,Wallet,Temporary Failure,6,0,6,Yes,13,2025.04,1,No Action,Recovered
C11848,8687.28,UPI,Bank Declined,3,3,0,Yes,6,7027.03,2,No Action,Not Recovered
C11849,5629.66,UPI,Technical Error,18,1,17,No,8,4514.19,3,No Action,Not Recovered
C11850,2385.27,UPI,Temporary Failure,5,1,4,No,10,3014.08,1,No Action,Not Recovered
C11851,16552.6,Wallet,Authentication Failure,13,7,6,No,4,14972.08,0,No Action,Not Recovered
C11852,1539.39,Card,Authentication Failure,1,1,0,No,14,1478.71,3,No Action,Not Recovered
C11853,8344.63,UPI,Authentication Failure,17,10,7,No,4,10634.16,0,No Action,Not Recovered
C11854,8906.31,NetBanking,Technical Error,3,1,2,No,24,5969.3,1,No Action,Recovered
C11855,2339.17,UPI,Insufficient Funds,19,18,1,Yes,21,2516.23,1,Payment Link,Not Recovered
C11856,12185.74,UPI,Temporary Failure,20,17,3,Yes,10,12948.23,1,Retry,Recovered
C11857,3274.8,UPI,Bank Declined,12,4,8,No,25,3078.87,0,No Action,Not Recovered
C11858,5039.21,UPI,Bank Declined,8,7,1,Yes,6,6368.65,3,No Action,Not Recovered
C11859,4926.12,UPI,Technical Error,8,5,3,Yes,16,6671.5,1,Reminder,Recovered
C11860,3592.5,Card,Authentication Failure,15,11,4,Yes,28,3492.88,2,No Action,Recovered
C11861,7651.8,UPI,Bank Declined,11,2,9,No,36,7383.36,1,No Action,Not Recovered
C11862,7546.51,Card,Insufficient Funds,20,11,9,No,33,7558.97,3,No Action,Not Recovered
C11863,987.55,UPI,Temporary Failure,1,1,0,No,30,1163.83,3,No Action,Recovered
C11864,11356.23,UPI,Temporary Failure,16,8,8,No,36,12883.06,2,No Action,Not Recovered
C11865,1057.92,UPI,Bank Declined,14,7,7,Yes,25,823.35,1,No Action,Recovered
C11866,9136.99,Wallet,Bank Declined,7,1,6,No,13,5949.24,3,No Action,Not Recovered
C11867,9851.84,UPI,Technical Error,6,5,1,Yes,15,13392.62,3,No Action,Recovered
C11868,1671.17,Card,Bank Declined,4,0,4,Yes,30,1351.74,3,No Action,Not Recovered
C11869,2879.58,UPI,Authentication Failure,8,1,7,No,14,3198.86,0,No Action,Recovered
C11870,1651.58,UPI,Bank Declined,19,15,4,Yes,4,2085.53,3,No Action,Not Recovered
C11871,3368.13,UPI,Technical Error,3,3,0,Yes,1,2829.97,3,No Action,Not Recovered
C11872,3126.35,UPI,Temporary Failure,4,1,3,No,3,3465.08,0,No Action,Not Recovered
C11873,7463.49,UPI,Authentication Failure,13,2,11,No,36,5122.34,1,No Action,Not Recovered
C11874,11410.58,UPI,Bank Declined,2,1,1,Yes,4,15700.33,2,No Action,Recovered
C11875,12217.16,NetBanking,Temporary Failure,11,7,4,Yes,14,7898.72,0,Reminder,Not Recovered
C11876,2551.19,UPI,Temporary Failure,16,8,8,No,25,2425.01,0,No Action,Recovered
C11877,3383.52,Card,Authentication Failure,10,5,5,Yes,3,3483.18,0,No Action,Not Recovered
C11878,1040.34,UPI,Temporary Failure,15,3,12,No,7,1282.1,3,No Action,Not Recovered
C11879,2099.29,Card,Insufficient Funds,10,10,0,Yes,8,1463.0,1,Payment Link,Recovered
C11880,8655.33,Card,Insufficient Funds,2,1,1,No,7,8245.47,1,Payment Link,Not Recovered
C11881,14567.03,UPI,Bank Declined,6,6,0,Yes,25,12232.94,1,Reminder,Recovered
C11882,1490.06,UPI,Technical Error,14,9,5,No,17,1265.97,2,No Action,Not Recovered
C11883,2490.1,Card,Insufficient Funds,2,2,0,No,26,3045.47,1,Payment Link,Recovered
C11884,3916.39,NetBanking,Insufficient Funds,10,6,4,No,4,2366.94,2,No Action,Not Recovered
C11885,5004.93,UPI,Authentication Failure,17,4,13,No,18,6002.25,3,No Action,Not Recovered
C11886,2093.03,UPI,Technical Error,8,3,5,No,4,2612.77,1,No Action,Recovered
C11887,5615.57,NetBanking,Authentication Failure,16,5,11,No,17,7418.67,2,No Action,Not Recovered
C11888,2737.99,UPI,Insufficient Funds,14,11,3,Yes,17,3015.91,3,No Action,Not Recovered
C11889,3954.02,Card,Temporary Failure,10,1,9,No,25,3427.2,3,No Action,Not Recovered
C11890,6192.39,UPI,Insufficient Funds,13,1,12,No,3,5831.92,2,No Action,Not Recovered
C11891,4020.6,UPI,Technical Error,1,1,0,No,12,5531.5,3,No Action,Not Recovered
C11892,2821.27,Card,Temporary Failure,10,8,2,No,27,3681.61,3,No Action,Recovered
C11893,3664.19,Card,Temporary Failure,12,6,6,Yes,17,3557.27,1,No Action,Recovered
C11894,3727.0,UPI,Temporary Failure,17,12,5,Yes,22,5048.04,2,No Action,Not Recovered
C11895,2975.12,Card,Insufficient Funds,14,4,10,No,36,3743.78,3,No Action,Not Recovered
C11896,3251.96,NetBanking,Technical Error,5,0,5,No,16,4295.42,0,No Action,Not Recovered
C11897,14371.0,Card,Temporary Failure,19,4,15,Yes,29,16474.65,0,No Action,Not Recovered
C11898,6265.32,UPI,Bank Declined,5,0,5,No,14,8057.97,3,No Action,Not Recovered
C11899,3157.91,Card,Authentication Failure,15,0,15,No,7,4147.64,1,No Action,Not Recovered
C11900,6985.65,Card,Temporary Failure,13,12,1,Yes,28,4705.63,0,Retry,Recovered
C11901,3062.52,NetBanking,Bank Declined,17,14,3,No,13,4202.31,1,Reminder,Not Recovered
C11902,10224.57,Card,Authentication Failure,1,1,0,Yes,16,8863.58,3,No Action,Not Recovered
C11903,5376.34,UPI,Authentication Failure,14,2,12,No,21,5117.84,2,No Action,Not Recovered
C11904,3670.96,Card,Temporary Failure,4,3,1,No,4,4528.21,3,No Action,Not Recovered
C11905,5722.86,Card,Temporary Failure,9,1,8,Yes,35,6477.8,3,No Action,Not Recovered
C11906,1138.37,UPI,Temporary Failure,17,2,15,Yes,15,1496.33,0,No Action,Recovered
C11907,1623.98,UPI,Technical Error,3,2,1,No,26,1494.81,2,No Action,Not Recovered
C11908,1539.03,UPI,Technical Error,13,7,6,No,7,1383.02,1,No Action,Recovered
C11909,4484.6,Card,Bank Declined,12,10,2,No,18,2804.45,1,Reminder,Not Recovered
C11910,15995.48,UPI,Insufficient Funds,16,8,8,No,25,15518.5,2,No Action,Not Recovered
C11911,23839.28,Card,Temporary Failure,4,3,1,No,21,28112.63,1,Retry,Recovered
C11912,6664.1,Wallet,Bank Declined,18,11,7,No,8,5604.13,0,Reminder,Not Recovered
C11913,5971.33,NetBanking,Insufficient Funds,3,0,3,Yes,20,5793.27,3,No Action,Not Recovered
C11914,946.91,Wallet,Technical Error,17,0,17,No,18,734.35,1,No Action,Not Recovered
C11915,2591.29,Wallet,Insufficient Funds,1,1,0,Yes,19,3156.79,0,Payment Link,Not Recovered
C11916,2129.88,UPI,Insufficient Funds,19,2,17,No,3,1381.03,1,Payment Link,Not Recovered
C11917,2434.2,Card,Temporary Failure,4,4,0,Yes,18,2834.15,0,Retry,Recovered
C11918,3496.56,UPI,Temporary Failure,17,14,3,No,27,3157.93,1,Retry,Not Recovered
C11919,2741.82,NetBanking,Temporary Failure,7,1,6,No,15,1736.33,1,No Action,Not Recovered
C11920,821.07,UPI,Temporary Failure,2,1,1,No,21,1053.25,2,No Action,Not Recovered
C11921,7276.3,Wallet,Insufficient Funds,12,9,3,Yes,22,7204.83,2,No Action,Not Recovered
C11922,1695.71,Card,Temporary Failure,5,2,3,Yes,8,1830.44,0,No Action,Recovered
C11923,4843.76,NetBanking,Temporary Failure,16,5,11,Yes,11,5742.88,2,No Action,Not Recovered
C11924,21021.81,UPI,Technical Error,8,4,4,No,12,23629.77,3,No Action,Not Recovered
C11925,1917.05,UPI,Insufficient Funds,8,7,1,Yes,27,2271.1,2,No Action,Not Recovered
C11926,528.38,NetBanking,Bank Declined,13,2,11,No,35,639.25,0,No Action,Not Recovered
C11927,3181.94,UPI,Technical Error,14,13,1,Yes,2,3408.88,2,No Action,Recovered
C11928,9651.01,NetBanking,Bank Declined,11,0,11,Yes,35,8613.63,0,No Action,Not Recovered
C11929,19162.83,UPI,Authentication Failure,6,3,3,No,31,15225.13,3,No Action,Recovered
C11930,1495.79,Card,Temporary Failure,16,8,8,Yes,8,1977.92,0,No Action,Not Recovered
C11931,5951.56,UPI,Technical Error,15,9,6,No,20,8188.99,0,Reminder,Recovered
C11932,2756.73,Card,Authentication Failure,16,2,14,No,8,2442.82,3,No Action,Recovered
C11933,3674.94,Card,Authentication Failure,13,1,12,No,4,2535.15,3,No Action,Not Recovered
C11934,33174.09,UPI,Temporary Failure,12,3,9,No,31,25810.43,0,No Action,Recovered
C11935,1201.92,UPI,Insufficient Funds,18,13,5,No,32,1366.02,1,Payment Link,Not Recovered
C11936,4900.25,UPI,Temporary Failure,18,5,13,No,13,3618.08,1,No Action,Recovered
C11937,5815.05,Card,Bank Declined,14,9,5,Yes,22,7118.19,0,Reminder,Recovered
C11938,9534.56,Card,Technical Error,2,2,0,No,26,12761.29,2,No Action,Recovered
C11939,4326.16,Card,Insufficient Funds,2,2,0,No,17,5930.82,0,Payment Link,Recovered
C11940,5117.85,Card,Bank Declined,3,0,3,No,29,3108.89,0,No Action,Not Recovered
C11941,2924.07,UPI,Bank Declined,8,7,1,Yes,27,3995.81,2,No Action,Recovered
C11942,4960.94,UPI,Insufficient Funds,11,4,7,No,22,5914.21,3,No Action,Recovered
C11943,3039.64,UPI,Authentication Failure,12,12,0,Yes,18,2028.17,0,Reminder,Recovered
C11944,6576.82,UPI,Technical Error,4,4,0,Yes,5,6130.86,1,Retry,Not Recovered
C11945,2976.08,Wallet,Temporary Failure,9,9,0,Yes,12,3452.36,3,No Action,Recovered
C11946,5408.52,NetBanking,Bank Declined,17,4,13,No,2,7384.51,3,No Action,Not Recovered
C11947,3907.45,UPI,Temporary Failure,16,13,3,Yes,7,2857.57,0,Retry,Not Recovered
C11948,9846.68,Card,Bank Declined,17,3,14,Yes,26,6914.21,1,No Action,Not Recovered
C11949,3838.88,NetBanking,Authentication Failure,15,4,11,No,15,3753.95,2,No Action,Recovered
C11950,968.38,UPI,Authentication Failure,20,10,10,No,33,1331.02,2,No Action,Not Recovered
C11951,10977.32,UPI,Insufficient Funds,7,2,5,No,3,15116.9,2,No Action,Recovered
C11952,1938.1,UPI,Temporary Failure,10,1,9,No,2,1516.24,1,No Action,Not Recovered
C11953,2370.93,Card,Temporary Failure,4,1,3,Yes,17,2028.28,3,No Action,Recovered
C11954,2483.74,Wallet,Bank Declined,14,3,11,Yes,1,3294.5,3,No Action,Not Recovered
C11955,12011.26,Card,Temporary Failure,14,11,3,No,36,14267.85,0,Retry,Recovered
C11956,724.52,UPI,Bank Declined,14,0,14,No,17,998.28,3,No Action,Not Recovered
C11957,49229.51,UPI,Temporary Failure,14,3,11,No,2,64713.11,3,No Action,Not Recovered
C11958,9310.47,NetBanking,Insufficient Funds,20,13,7,No,33,7188.4,2,No Action,Not Recovered
C11959,4782.13,NetBanking,Temporary Failure,18,6,12,Yes,29,5775.77,2,No Action,Recovered
C11960,3828.14,Card,Authentication Failure,15,14,1,Yes,6,2445.62,2,No Action,Recovered
C11961,5026.57,Card,Technical Error,19,15,4,Yes,36,6304.66,3,No Action,Not Recovered
C11962,6068.99,UPI,Insufficient Funds,13,7,6,Yes,24,6562.07,0,Payment Link,Recovered
C11963,6702.41,NetBanking,Temporary Failure,12,1,11,No,11,9147.99,3,No Action,Not Recovered
C11964,6238.74,NetBanking,Bank Declined,19,18,1,Yes,5,8534.76,0,Reminder,Recovered
C11965,4297.18,UPI,Temporary Failure,19,0,19,No,30,2753.0,3,No Action,Not Recovered
C11966,3415.84,Card,Bank Declined,20,3,17,No,10,2488.16,1,No Action,Not Recovered
C11967,3544.07,UPI,Technical Error,2,2,0,Yes,27,3499.29,3,No Action,Recovered
C11968,3422.49,UPI,Bank Declined,3,1,2,No,27,4461.54,1,No Action,Not Recovered
C11969,9907.68,UPI,Bank Declined,10,7,3,Yes,24,12400.02,0,Reminder,Recovered
C11970,6431.06,UPI,Bank Declined,5,4,1,Yes,3,8820.17,3,No Action,Not Recovered
C11971,380.6,UPI,Authentication Failure,12,8,4,No,26,416.55,3,No Action,Not Recovered
C11972,6759.95,UPI,Authentication Failure,7,5,2,Yes,18,5443.46,0,Reminder,Recovered
C11973,4674.32,Card,Bank Declined,9,9,0,Yes,3,2898.48,2,No Action,Not Recovered
C11974,3940.58,Card,Insufficient Funds,2,1,1,No,25,3067.12,2,No Action,Not Recovered
C11975,2931.4,UPI,Insufficient Funds,10,0,10,No,13,3342.44,1,Payment Link,Recovered
C11976,9831.43,UPI,Temporary Failure,6,0,6,No,25,13184.14,3,No Action,Not Recovered
C11977,8536.2,Card,Bank Declined,12,11,1,Yes,24,7313.16,2,No Action,Recovered
C11978,2155.43,UPI,Bank Declined,6,3,3,No,16,2803.27,0,No Action,Not Recovered
C11979,5539.68,UPI,Temporary Failure,3,1,2,No,11,5073.9,0,No Action,Recovered
C11980,1838.53,NetBanking,Temporary Failure,10,8,2,Yes,21,1556.53,3,No Action,Not Recovered
C11981,1326.57,Card,Insufficient Funds,9,0,9,Yes,31,1335.96,1,Payment Link,Not Recovered
C11982,2422.79,NetBanking,Authentication Failure,20,2,18,No,15,2310.9,0,No Action,Recovered
C11983,7974.18,Card,Bank Declined,5,3,2,Yes,36,10613.95,3,No Action,Recovered
C11984,8574.51,UPI,Bank Declined,3,1,2,Yes,1,8356.77,1,No Action,Not Recovered
C11985,6030.09,Card,Insufficient Funds,5,3,2,No,28,4955.94,2,No Action,Not Recovered
C11986,7144.7,UPI,Bank Declined,8,3,5,Yes,33,9102.72,3,No Action,Not Recovered
C11987,6045.03,UPI,Insufficient Funds,8,0,8,Yes,3,8456.99,1,Payment Link,Not Recovered
C11988,2394.34,UPI,Bank Declined,14,14,0,Yes,15,2678.16,0,Reminder,Recovered
C11989,5651.0,NetBanking,Temporary Failure,17,0,17,No,33,4522.89,2,No Action,Not Recovered
C11990,7588.41,UPI,Insufficient Funds,11,3,8,No,32,6002.83,0,Payment Link,Recovered
C11991,7313.54,Wallet,Temporary Failure,16,12,4,Yes,23,4725.76,0,Retry,Recovered
C11992,10354.54,NetBanking,Insufficient Funds,6,5,1,Yes,26,6852.99,2,No Action,Recovered
C11993,7049.36,Card,Authentication Failure,11,3,8,No,17,9389.65,3,No Action,Not Recovered
C11994,5298.65,Card,Temporary Failure,10,6,4,No,9,3588.19,3,No Action,Not Recovered
C11995,9416.04,Card,Insufficient Funds,9,7,2,No,5,9298.1,3,No Action,Not Recovered
C11996,3916.03,NetBanking,Bank Declined,15,12,3,Yes,29,4536.71,0,Reminder,Not Recovered
C11997,1975.45,UPI,Authentication Failure,7,7,0,No,6,2529.14,0,Reminder,Recovered
C11998,3510.79,NetBanking,Insufficient Funds,18,7,11,No,35,2587.51,3,No Action,Not Recovered
C11999,2204.22,Card,Technical Error,1,1,0,Yes,21,2094.5,3,No Action,Recovered
C12000,2330.66,Wallet,Authentication Failure,15,13,2,Yes,23,1867.29,2,No Action,Recovered
C12001,3563.27,Card,Insufficient Funds,2,1,1,No,35,2867.22,0,Payment Link,Recovered
C12002,2122.0,Card,Insufficient Funds,2,0,2,Yes,2,1789.0,1,Payment Link,Not Recovered
C12003,3126.53,NetBanking,Insufficient Funds,10,0,10,Yes,9,3344.43,3,No Action,Not Recovered
C12004,879.33,NetBanking,Technical Error,20,8,12,No,13,539.26,3,No Action,Not Recovered
C12005,4744.23,Card,Temporary Failure,15,9,6,Yes,34,4397.96,0,Reminder,Recovered
C12006,4003.86,UPI,Insufficient Funds,10,7,3,No,16,3000.75,3,No Action,Recovered
C12007,2080.53,Card,Bank Declined,19,0,19,No,5,2858.01,3,No Action,Not Recovered
C12008,6778.06,Wallet,Bank Declined,13,6,7,No,1,7226.65,0,No Action,Recovered
C12009,8468.48,NetBanking,Insufficient Funds,11,8,3,Yes,22,10962.25,3,No Action,Not Recovered
C12010,1105.44,NetBanking,Bank Declined,2,0,2,No,26,836.32,2,No Action,Not Recovered
C12011,2173.01,UPI,Temporary Failure,13,12,1,Yes,34,2711.94,1,Retry,Recovered
C12012,2161.88,Card,Insufficient Funds,1,0,1,No,21,2014.5,0,Payment Link,Not Recovered
C12013,1885.84,Card,Bank Declined,5,0,5,No,7,1399.59,2,No Action,Not Recovered
C12014,7766.92,NetBanking,Authentication Failure,7,0,7,No,25,9390.18,0,No Action,Not Recovered
C12015,3425.45,UPI,Temporary Failure,13,5,8,Yes,12,4143.45,0,No Action,Not Recovered
C12016,3237.11,NetBanking,Authentication Failure,13,3,10,No,31,4521.3,0,No Action,Recovered
C12017,805.09,Card,Bank Declined,20,11,9,Yes,27,986.03,1,No Action,Not Recovered
C12018,6650.08,UPI,Temporary Failure,6,3,3,No,22,4762.88,2,No Action,Recovered
C12019,1484.22,UPI,Technical Error,20,20,0,Yes,34,1273.51,1,Retry,Recovered
C12020,4196.46,UPI,Temporary Failure,12,6,6,No,17,4034.4,0,No Action,Not Recovered
C12021,4993.79,Card,Authentication Failure,8,3,5,No,11,3502.26,3,No Action,Not Recovered
C12022,11879.58,UPI,Authentication Failure,9,7,2,Yes,29,14617.01,1,Reminder,Recovered
C12023,1403.88,UPI,Temporary Failure,18,2,16,Yes,34,1433.87,3,No Action,Not Recovered
C12024,357.25,NetBanking,Temporary Failure,11,1,10,Yes,26,484.27,0,No Action,Recovered
C12025,4633.78,UPI,Insufficient Funds,20,0,20,No,32,4964.85,3,No Action,Not Recovered
C12026,16889.69,UPI,Insufficient Funds,11,5,6,Yes,5,17199.1,1,Payment Link,Recovered
C12027,10777.4,Card,Insufficient Funds,15,1,14,No,20,7082.26,2,No Action,Not Recovered
C12028,4730.46,Card,Insufficient Funds,9,7,2,Yes,7,3403.46,3,No Action,Recovered
C12029,2699.28,NetBanking,Bank Declined,3,2,1,No,23,3454.05,1,Reminder,Not Recovered
C12030,7629.27,UPI,Temporary Failure,17,10,7,No,1,10624.07,2,No Action,Recovered
C12031,1835.76,NetBanking,Technical Error,17,9,8,No,3,1711.19,0,No Action,Not Recovered
C12032,5855.5,Card,Technical Error,3,0,3,Yes,3,7308.07,2,No Action,Not Recovered
C12033,5993.47,UPI,Insufficient Funds,19,3,16,No,6,6605.22,0,Payment Link,Not Recovered
C12034,9341.46,UPI,Authentication Failure,9,8,1,Yes,31,12772.09,1,Reminder,Recovered
C12035,36380.12,UPI,Temporary Failure,17,3,14,No,27,28758.84,1,No Action,Not Recovered
C12036,5475.19,UPI,Temporary Failure,18,3,15,Yes,29,5671.58,2,No Action,Not Recovered
C12037,2662.12,Card,Bank Declined,15,15,0,Yes,15,2467.88,1,Reminder,Not Recovered
C12038,3918.99,Card,Insufficient Funds,1,0,1,Yes,36,4049.78,1,Payment Link,Not Recovered
C12039,971.45,UPI,Bank Declined,10,7,3,No,5,791.82,0,Reminder,Not Recovered
C12040,2294.52,UPI,Authentication Failure,8,7,1,Yes,3,2290.38,1,Reminder,Recovered
C12041,2883.11,UPI,Authentication Failure,10,4,6,Yes,25,3170.97,3,No Action,Not Recovered
C12042,2630.1,Card,Bank Declined,2,2,0,Yes,32,1748.94,0,Reminder,Not Recovered
C12043,4518.49,UPI,Technical Error,19,11,8,No,21,5396.84,3,No Action,Not Recovered
C12044,2071.68,Card,Temporary Failure,14,1,13,No,17,2413.96,2,No Action,Not Recovered
C12045,9807.22,UPI,Temporary Failure,8,8,0,Yes,9,12792.21,3,No Action,Not Recovered
C12046,4000.66,Card,Technical Error,19,13,6,No,26,3763.36,1,Reminder,Not Recovered
C12047,3970.35,NetBanking,Insufficient Funds,1,0,1,No,22,2578.09,2,No Action,Not Recovered
C12048,3077.07,UPI,Insufficient Funds,16,4,12,No,23,2982.2,1,Payment Link,Not Recovered
C12049,4528.75,Card,Insufficient Funds,15,15,0,Yes,11,3215.81,2,No Action,Recovered
C12050,7739.78,Wallet,Bank Declined,20,14,6,Yes,10,8652.74,2,No Action,Not Recovered
C12051,1998.89,UPI,Temporary Failure,5,2,3,No,23,1274.7,0,No Action,Not Recovered
C12052,2362.69,Card,Bank Declined,3,3,0,Yes,5,2124.52,3,No Action,Not Recovered
C12053,3137.15,UPI,Temporary Failure,17,4,13,No,26,2090.2,1,No Action,Recovered
C12054,1362.88,Card,Temporary Failure,10,8,2,Yes,4,821.4,2,No Action,Not Recovered
C12055,2076.92,UPI,Insufficient Funds,5,3,2,No,27,2842.15,0,Payment Link,Not Recovered
C12056,2732.78,Wallet,Temporary Failure,11,2,9,No,34,3817.43,2,No Action,Not Recovered
C12057,8051.08,Card,Authentication Failure,6,6,0,Yes,3,8408.57,3,No Action,Not Recovered
C12058,4934.95,NetBanking,Temporary Failure,4,4,0,Yes,32,3904.36,2,No Action,Not Recovered
C12059,4670.03,Card,Temporary Failure,7,4,3,No,26,6205.91,3,No Action,Recovered
C12060,7901.18,Card,Bank Declined,19,7,12,No,18,10575.17,2,No Action,Not Recovered
C12061,3583.7,UPI,Insufficient Funds,7,4,3,No,7,4600.06,3,No Action,Not Recovered
C12062,5466.65,NetBanking,Temporary Failure,14,8,6,No,13,5660.69,1,No Action,Not Recovered
C12063,3682.96,Wallet,Temporary Failure,17,6,11,Yes,6,2429.88,3,No Action,Recovered
C12064,4946.03,Card,Authentication Failure,17,4,13,No,35,3317.56,3,No Action,Not Recovered
C12065,2509.51,Wallet,Bank Declined,13,12,1,No,31,3305.77,1,Reminder,Not Recovered
C12066,568.5,Card,Insufficient Funds,1,0,1,No,4,739.43,3,No Action,Not Recovered
C12067,3592.58,Card,Insufficient Funds,2,0,2,No,4,3404.03,2,No Action,Not Recovered
C12068,12484.56,Card,Temporary Failure,18,7,11,Yes,8,10768.23,2,No Action,Recovered
C12069,8391.9,UPI,Insufficient Funds,4,3,1,Yes,11,9359.48,2,No Action,Recovered
C12070,8659.11,UPI,Bank Declined,13,3,10,No,2,10785.7,1,No Action,Not Recovered
C12071,10753.15,UPI,Authentication Failure,1,0,1,Yes,18,12746.22,3,No Action,Recovered
C12072,4294.01,Card,Temporary Failure,4,3,1,Yes,18,4691.13,3,No Action,Recovered
C12073,4683.97,UPI,Technical Error,2,1,1,No,22,3677.89,2,No Action,Not Recovered
C12074,2440.43,UPI,Temporary Failure,4,2,2,No,12,1976.76,3,No Action,Not Recovered
C12075,3106.31,Wallet,Temporary Failure,16,12,4,Yes,17,3663.13,2,No Action,Recovered
C12076,6546.37,UPI,Temporary Failure,4,2,2,Yes,17,8131.22,2,No Action,Recovered
C12077,10479.3,Card,Temporary Failure,9,3,6,No,36,7261.19,2,No Action,Recovered
C12078,3577.76,UPI,Authentication Failure,17,0,17,Yes,29,2682.74,1,No Action,Not Recovered
C12079,2790.28,UPI,Insufficient Funds,20,0,20,No,16,3193.13,0,Payment Link,Not Recovered
C12080,4001.69,NetBanking,Temporary Failure,2,2,0,No,11,3646.3,0,Retry,Recovered
C12081,6470.54,Card,Authentication Failure,3,3,0,Yes,22,6798.17,3,No Action,Recovered
C12082,1260.12,NetBanking,Authentication Failure,15,3,12,No,30,1375.86,2,No Action,Not Recovered
C12083,637.21,UPI,Technical Error,7,6,1,No,8,778.01,0,Retry,Recovered
C12084,2575.04,Card,Authentication Failure,4,4,0,Yes,18,3204.83,0,Reminder,Recovered
C12085,1506.4,UPI,Temporary Failure,12,6,6,No,16,1241.39,3,No Action,Not Recovered
C12086,2663.88,UPI,Technical Error,1,1,0,No,20,2751.89,1,Retry,Recovered
C12087,3553.99,UPI,Bank Declined,17,5,12,No,8,2483.6,3,No Action,Recovered
C12088,2783.46,UPI,Authentication Failure,4,3,1,No,30,3545.05,3,No Action,Not Recovered
C12089,12784.95,UPI,Technical Error,4,0,4,Yes,29,16318.18,2,No Action,Not Recovered
C12090,5194.97,UPI,Insufficient Funds,9,9,0,Yes,13,4361.72,1,Payment Link,Recovered
C12091,5086.93,Wallet,Technical Error,10,7,3,Yes,17,3705.81,3,No Action,Not Recovered
C12092,6580.17,UPI,Temporary Failure,19,13,6,No,17,4317.07,0,Reminder,Recovered
C12093,1608.38,UPI,Insufficient Funds,19,14,5,Yes,9,1704.85,0,Payment Link,Recovered
C12094,9185.11,UPI,Temporary Failure,15,4,11,No,2,6182.89,3,No Action,Not Recovered
C12095,3764.76,Card,Authentication Failure,17,4,13,No,24,4308.68,2,No Action,Not Recovered
C12096,6839.26,UPI,Temporary Failure,7,6,1,No,21,7813.86,2,No Action,Not Recovered
C12097,1696.91,NetBanking,Bank Declined,3,1,2,Yes,2,1851.65,3,No Action,Not Recovered
C12098,1154.06,Wallet,Insufficient Funds,5,0,5,No,5,1501.72,1,Payment Link,Not Recovered
C12099,7695.27,UPI,Authentication Failure,16,8,8,Yes,17,6945.94,2,No Action,Not Recovered
C12100,5405.53,Card,Insufficient Funds,7,3,4,No,24,7145.11,0,Payment Link,Recovered
C12101,1943.82,UPI,Technical Error,16,1,15,No,8,1223.71,1,No Action,Not Recovered
C12102,1994.84,Card,Authentication Failure,9,5,4,No,30,1376.85,3,No Action,Not Recovered
C12103,9841.84,UPI,Insufficient Funds,1,1,0,Yes,22,9150.59,1,Payment Link,Recovered
C12104,1544.6,UPI,Insufficient Funds,3,2,1,No,24,1660.75,2,No Action,Not Recovered
C12105,14886.17,UPI,Technical Error,8,6,2,Yes,26,9317.26,2,No Action,Not Recovered
C12106,1946.04,Card,Authentication Failure,18,16,2,Yes,8,2051.02,0,Reminder,Recovered
C12107,6665.92,UPI,Technical Error,18,8,10,Yes,12,5638.83,3,No Action,Not Recovered
C12108,3075.29,UPI,Temporary Failure,19,8,11,No,14,4027.76,1,No Action,Not Recovered
C12109,6480.8,Card,Authentication Failure,7,2,5,Yes,30,6653.37,1,No Action,Recovered
C12110,2588.3,Card,Insufficient Funds,20,4,16,No,35,2770.3,1,Payment Link,Not Recovered
C12111,3511.56,NetBanking,Bank Declined,6,0,6,No,31,4763.42,1,No Action,Not Recovered
C12112,4133.11,UPI,Technical Error,11,5,6,No,28,5006.59,0,No Action,Not Recovered
C12113,1794.17,NetBanking,Temporary Failure,5,1,4,Yes,27,1705.57,0,No Action,Not Recovered
C12114,7235.17,Card,Technical Error,12,0,12,No,36,7101.35,0,No Action,Not Recovered
C12115,2653.09,UPI,Bank Declined,1,0,1,No,1,2967.05,2,No Action,Not Recovered
C12116,3331.47,Card,Authentication Failure,19,16,3,Yes,14,2532.45,0,Reminder,Not Recovered
C12117,1805.46,UPI,Temporary Failure,11,4,7,Yes,10,1211.32,0,No Action,Recovered
C12118,515.01,Wallet,Insufficient Funds,15,0,15,Yes,7,437.24,3,No Action,Not Recovered
C12119,3433.13,UPI,Technical Error,16,10,6,Yes,14,4197.71,3,No Action,Recovered
C12120,27560.59,Card,Temporary Failure,3,1,2,Yes,36,22209.95,3,No Action,Not Recovered
C12121,7493.06,UPI,Temporary Failure,11,0,11,Yes,27,5279.67,3,No Action,Not Recovered
C12122,3938.84,Wallet,Authentication Failure,11,8,3,Yes,11,3053.46,0,Reminder,Recovered
C12123,3241.32,UPI,Temporary Failure,10,0,10,No,10,3705.41,0,No Action,Not Recovered
C12124,4072.54,Wallet,Authentication Failure,2,0,2,No,7,4443.79,2,No Action,Not Recovered
C12125,6196.53,Wallet,Temporary Failure,20,15,5,No,17,7130.05,1,Retry,Recovered
C12126,1555.26,UPI,Insufficient Funds,5,3,2,No,12,1333.74,1,Payment Link,Not Recovered
C12127,9754.72,NetBanking,Technical Error,8,7,1,Yes,36,12882.91,3,No Action,Recovered
C12128,7089.39,Wallet,Bank Declined,13,1,12,No,7,6815.86,2,No Action,Not Recovered
C12129,7105.31,UPI,Bank Declined,15,13,2,No,24,7183.26,0,Reminder,Recovered
C12130,5680.7,UPI,Bank Declined,2,0,2,No,34,7720.33,1,No Action,Not Recovered
C12131,4063.27,Card,Technical Error,12,3,9,No,1,5621.22,3,No Action,Not Recovered
C12132,6852.29,UPI,Temporary Failure,8,3,5,No,29,7737.84,3,No Action,Not Recovered
C12133,6422.1,UPI,Insufficient Funds,19,11,8,No,26,8707.41,1,Payment Link,Not Recovered
C12134,3013.38,UPI,Temporary Failure,1,1,0,No,10,3113.44,1,Retry,Recovered
C12135,2527.96,UPI,Bank Declined,8,0,8,No,1,2138.22,1,No Action,Not Recovered
C12136,4339.59,UPI,Temporary Failure,10,0,10,No,17,3697.65,0,No Action,Not Recovered
C12137,13811.62,UPI,Insufficient Funds,13,2,11,No,36,14462.87,1,Payment Link,Not Recovered
C12138,1484.4,NetBanking,Insufficient Funds,5,4,1,Yes,9,1609.13,2,No Action,Not Recovered
C12139,1236.49,Card,Temporary Failure,9,5,4,No,23,1176.76,2,No Action,Recovered
C12140,4563.56,UPI,Temporary Failure,10,4,6,Yes,29,5964.65,1,No Action,Recovered
C12141,4166.2,Card,Bank Declined,14,12,2,Yes,2,3921.88,0,Reminder,Recovered
C12142,4595.0,Card,Insufficient Funds,11,4,7,No,18,3762.11,3,No Action,Not Recovered
C12143,4862.03,Wallet,Authentication Failure,14,8,6,No,28,2948.26,1,No Action,Recovered
C12144,3345.89,UPI,Bank Declined,3,1,2,No,7,4605.47,1,No Action,Not Recovered
C12145,13173.21,UPI,Temporary Failure,16,0,16,No,11,16591.01,1,No Action,Not Recovered
C12146,1111.35,Wallet,Bank Declined,20,5,15,No,7,1214.09,2,No Action,Not Recovered
C12147,2061.63,Wallet,Temporary Failure,17,4,13,No,24,2606.79,2,No Action,Not Recovered
C12148,3682.86,Card,Technical Error,5,1,4,No,15,4597.06,3,No Action,Not Recovered
C12149,1074.38,NetBanking,Authentication Failure,7,3,4,No,31,1445.56,0,No Action,Not Recovered
C12150,3475.06,UPI,Bank Declined,17,5,12,No,19,3158.32,1,No Action,Not Recovered
C12151,15111.72,Card,Bank Declined,20,2,18,No,10,15774.85,1,No Action,Not Recovered
C12152,4067.4,UPI,Temporary Failure,11,0,11,No,8,2761.37,1,No Action,Not Recovered
C12153,4810.76,UPI,Insufficient Funds,12,10,2,No,1,6601.58,3,No Action,Not Recovered
C12154,1459.6,NetBanking,Authentication Failure,2,0,2,Yes,2,2026.07,1,No Action,Not Recovered
C12155,2442.95,UPI,Temporary Failure,19,19,0,Yes,29,3007.92,2,No Action,Recovered
C12156,2962.81,Card,Temporary Failure,5,0,5,No,10,2854.07,0,No Action,Recovered
C12157,3102.23,Wallet,Insufficient Funds,11,3,8,No,9,3093.71,2,No Action,Not Recovered
C12158,11151.89,UPI,Technical Error,19,2,17,No,31,10575.27,1,No Action,Not Recovered
C12159,6249.16,Wallet,Insufficient Funds,7,1,6,No,32,5215.85,3,No Action,Not Recovered
C12160,1643.99,Wallet,Authentication Failure,6,5,1,Yes,2,1680.54,2,No Action,Recovered
C12161,4871.97,Card,Temporary Failure,11,0,11,No,24,3131.49,0,No Action,Not Recovered
C12162,5958.82,UPI,Insufficient Funds,14,10,4,No,6,8303.67,3,No Action,Recovered
C12163,9958.37,UPI,Technical Error,4,3,1,No,8,9353.3,1,Retry,Not Recovered
C12164,14164.33,UPI,Temporary Failure,8,2,6,Yes,25,19007.02,1,No Action,Recovered
C12165,1775.74,UPI,Bank Declined,9,0,9,No,25,2094.34,3,No Action,Not Recovered
C12166,2090.93,UPI,Temporary Failure,2,2,0,Yes,11,1739.56,2,No Action,Recovered
C12167,1462.62,Wallet,Temporary Failure,11,3,8,No,35,1137.39,2,No Action,Not Recovered
C12168,3317.06,UPI,Temporary Failure,20,20,0,Yes,1,4632.41,3,No Action,Not Recovered
C12169,5808.84,Card,Authentication Failure,7,5,2,Yes,23,7073.43,2,No Action,Not Recovered
C12170,8812.42,UPI,Bank Declined,4,1,3,No,3,7047.55,0,No Action,Not Recovered
C12171,3764.19,Card,Technical Error,14,1,13,Yes,1,2461.61,3,No Action,Not Recovered
C12172,3096.95,Wallet,Insufficient Funds,1,1,0,No,12,3584.82,0,Payment Link,Not Recovered
C12173,4516.33,UPI,Bank Declined,12,4,8,No,31,3804.62,3,No Action,Not Recovered
C12174,2050.7,UPI,Insufficient Funds,19,0,19,No,29,1593.53,0,Payment Link,Recovered
C12175,21283.36,Card,Authentication Failure,5,2,3,No,35,25283.57,1,No Action,Not Recovered
C12176,1105.35,Card,Technical Error,8,4,4,No,28,1263.87,1,No Action,Not Recovered
C12177,4637.09,Card,Technical Error,11,11,0,No,21,4568.14,2,No Action,Recovered
C12178,20189.84,UPI,Temporary Failure,4,3,1,Yes,11,27339.56,3,No Action,Recovered
C12179,4021.82,UPI,Bank Declined,15,1,14,No,26,4599.8,1,No Action,Not Recovered
C12180,3435.85,Wallet,Insufficient Funds,20,0,20,No,11,4517.23,3,No Action,Not Recovered
C12181,3005.18,Wallet,Authentication Failure,12,8,4,Yes,5,2261.22,3,No Action,Recovered
C12182,3462.47,Card,Temporary Failure,20,20,0,Yes,7,2899.18,0,Retry,Recovered
C12183,11996.0,NetBanking,Temporary Failure,10,1,9,No,31,8200.66,1,No Action,Not Recovered
C12184,681.68,Card,Insufficient Funds,16,3,13,No,8,575.11,2,No Action,Not Recovered
C12185,13640.47,UPI,Temporary Failure,8,2,6,No,27,18788.69,2,No Action,Recovered
C12186,1280.34,UPI,Temporary Failure,20,16,4,Yes,21,1754.43,2,No Action,Not Recovered
C12187,3231.58,UPI,Authentication Failure,8,3,5,No,30,3904.75,3,No Action,Not Recovered
C12188,2837.43,Card,Bank Declined,6,6,0,Yes,14,2885.21,2,No Action,Not Recovered
C12189,6405.37,UPI,Authentication Failure,3,2,1,Yes,1,7844.17,3,No Action,Not Recovered
C12190,1113.82,UPI,Technical Error,8,4,4,No,24,1161.48,1,No Action,Not Recovered
C12191,5789.42,NetBanking,Temporary Failure,10,3,7,No,6,3489.9,3,No Action,Not Recovered
C12192,20201.2,Card,Bank Declined,5,3,2,Yes,6,20226.2,2,No Action,Not Recovered
C12193,1344.14,Card,Temporary Failure,11,10,1,Yes,5,1450.51,1,Retry,Recovered
C12194,4655.55,Wallet,Authentication Failure,4,3,1,Yes,35,3783.09,2,No Action,Not Recovered
C12195,2355.4,UPI,Insufficient Funds,17,1,16,No,15,1796.31,3,No Action,Not Recovered
C12196,5623.78,Card,Insufficient Funds,3,3,0,Yes,35,4606.14,3,No Action,Not Recovered
C12197,4061.74,NetBanking,Insufficient Funds,18,15,3,Yes,8,4463.46,2,No Action,Not Recovered
C12198,2394.33,Card,Insufficient Funds,8,3,5,No,35,1716.38,1,Payment Link,Not Recovered
C12199,5909.68,UPI,Temporary Failure,12,1,11,No,5,6951.34,3,No Action,Not Recovered
C12200,16941.61,UPI,Insufficient Funds,16,9,7,No,31,15893.6,0,Payment Link,Not Recovered
C12201,3433.47,NetBanking,Technical Error,14,12,2,No,31,3030.65,0,Retry,Recovered
C12202,7114.26,Card,Technical Error,16,14,2,Yes,8,8862.84,0,Retry,Recovered
C12203,1421.45,NetBanking,Insufficient Funds,4,0,4,Yes,6,1428.34,0,Payment Link,Recovered
C12204,1861.06,Card,Insufficient Funds,1,1,0,No,23,1680.02,2,No Action,Not Recovered
C12205,5837.01,Card,Authentication Failure,1,0,1,Yes,16,7602.84,3,No Action,Not Recovered
C12206,13112.78,NetBanking,Temporary Failure,15,3,12,No,8,11730.71,1,No Action,Not Recovered
C12207,5316.34,Card,Authentication Failure,20,3,17,No,4,6843.19,0,No Action,Not Recovered
C12208,3113.81,UPI,Temporary Failure,20,19,1,Yes,32,3124.27,2,No Action,Recovered
C12209,3997.73,Card,Bank Declined,3,0,3,No,3,3063.88,1,No Action,Not Recovered
C12210,1471.04,NetBanking,Bank Declined,14,5,9,No,16,1603.81,2,No Action,Not Recovered
C12211,6487.69,UPI,Bank Declined,9,2,7,No,34,5373.49,3,No Action,Not Recovered
C12212,8102.4,UPI,Authentication Failure,19,1,18,Yes,13,5815.29,0,No Action,Recovered
C12213,2786.04,UPI,Temporary Failure,8,1,7,No,33,1864.48,1,No Action,Not Recovered
C12214,2746.32,Wallet,Insufficient Funds,2,2,0,No,22,2178.81,1,Payment Link,Not Recovered
C12215,4948.07,UPI,Bank Declined,4,2,2,No,31,5884.46,2,No Action,Not Recovered
C12216,2820.51,Card,Technical Error,1,0,1,No,24,3583.17,2,No Action,Not Recovered
C12217,3793.88,UPI,Temporary Failure,11,2,9,No,3,4891.74,3,No Action,Not Recovered
C12218,21457.45,UPI,Technical Error,5,3,2,No,33,17511.82,1,Reminder,Not Recovered
C12219,3282.72,Card,Insufficient Funds,2,1,1,Yes,30,3705.46,0,Payment Link,Not Recovered
C12220,3003.03,UPI,Temporary Failure,13,3,10,Yes,26,2355.23,0,No Action,Recovered
C12221,2382.76,Card,Technical Error,17,8,9,No,34,2616.77,1,No Action,Not Recovered
C12222,7254.69,NetBanking,Temporary Failure,17,15,2,Yes,22,9501.97,1,Retry,Recovered
C12223,3460.16,NetBanking,Bank Declined,18,5,13,No,30,2189.29,3,No Action,Not Recovered
C12224,2379.28,UPI,Temporary Failure,9,4,5,Yes,35,3302.87,0,No Action,Not Recovered
C12225,11511.4,NetBanking,Insufficient Funds,6,4,2,No,25,14523.59,0,Payment Link,Recovered
C12226,12453.19,Card,Bank Declined,20,11,9,No,28,15060.01,2,No Action,Not Recovered
C12227,2474.3,NetBanking,Bank Declined,3,3,0,No,33,2853.09,2,No Action,Not Recovered
C12228,898.58,Card,Insufficient Funds,8,5,3,Yes,23,1092.87,0,Payment Link,Recovered
C12229,8955.84,Card,Insufficient Funds,3,0,3,Yes,26,12499.45,1,Payment Link,Not Recovered
C12230,2313.1,Wallet,Temporary Failure,1,0,1,No,9,2813.08,1,No Action,Recovered
C12231,7529.25,NetBanking,Insufficient Funds,20,4,16,No,8,6635.38,2,No Action,Not Recovered
C12232,827.13,UPI,Authentication Failure,13,12,1,Yes,33,902.51,1,Reminder,Recovered
C12233,8169.21,UPI,Authentication Failure,5,4,1,No,15,7103.44,3,No Action,Not Recovered
C12234,1517.94,UPI,Temporary Failure,16,6,10,Yes,8,2088.76,1,No Action,Recovered
C12235,7177.17,UPI,Temporary Failure,16,11,5,No,21,9474.67,1,Reminder,Recovered
C12236,4045.94,UPI,Authentication Failure,12,4,8,No,3,4264.81,1,No Action,Recovered
C12237,1864.78,UPI,Bank Declined,13,3,10,No,9,2284.39,2,No Action,Not Recovered
C12238,2888.29,NetBanking,Bank Declined,4,4,0,Yes,14,3834.93,1,Reminder,Not Recovered
C12239,6926.46,UPI,Technical Error,9,3,6,Yes,27,5505.71,0,No Action,Recovered
C12240,4353.63,Card,Insufficient Funds,16,7,9,No,20,4630.46,2,No Action,Not Recovered
C12241,6384.19,UPI,Insufficient Funds,1,1,0,Yes,4,6290.81,1,Payment Link,Recovered
C12242,19442.22,UPI,Authentication Failure,5,0,5,Yes,24,23666.49,1,No Action,Not Recovered
C12243,1144.42,UPI,Bank Declined,5,5,0,Yes,27,1033.72,3,No Action,Recovered
C12244,14586.03,UPI,Temporary Failure,19,11,8,No,12,17024.58,1,No Action,Not Recovered
C12245,4348.27,NetBanking,Temporary Failure,9,2,7,No,28,4010.82,2,No Action,Not Recovered
C12246,1948.9,NetBanking,Temporary Failure,8,3,5,Yes,35,1342.52,1,No Action,Recovered
C12247,1379.94,UPI,Technical Error,19,1,18,No,24,946.22,2,No Action,Not Recovered
C12248,3438.37,Card,Temporary Failure,18,12,6,Yes,31,2390.51,0,Reminder,Recovered
C12249,8361.3,Card,Temporary Failure,15,4,11,No,3,5234.31,1,No Action,Not Recovered
C12250,3611.98,NetBanking,Authentication Failure,4,2,2,No,30,3707.26,2,No Action,Not Recovered
C12251,13399.51,NetBanking,Temporary Failure,15,7,8,No,27,15242.24,0,No Action,Recovered
C12252,1252.77,Card,Temporary Failure,13,11,2,No,17,878.67,2,No Action,Recovered
C12253,3961.5,Card,Temporary Failure,18,17,1,Yes,6,4316.0,1,Retry,Recovered
C12254,1468.7,NetBanking,Temporary Failure,20,8,12,No,18,1583.54,2,No Action,Not Recovered
C12255,5350.55,UPI,Insufficient Funds,5,4,1,No,35,3839.96,1,Payment Link,Not Recovered
C12256,8131.98,UPI,Authentication Failure,18,6,12,No,27,7507.98,2,No Action,Not Recovered
C12257,2856.75,Wallet,Authentication Failure,8,5,3,Yes,17,3439.84,0,Reminder,Recovered
C12258,498.04,Card,Insufficient Funds,1,1,0,No,11,305.5,1,Payment Link,Recovered
C12259,4690.1,Card,Insufficient Funds,19,13,6,Yes,34,3365.42,0,Payment Link,Not Recovered
C12260,5672.81,Card,Bank Declined,17,17,0,Yes,32,7923.0,1,Reminder,Not Recovered
C12261,5527.47,UPI,Temporary Failure,2,1,1,Yes,35,6560.2,2,No Action,Not Recovered
C12262,10750.15,Card,Temporary Failure,19,4,15,No,28,10441.67,0,No Action,Not Recovered
C12263,1698.0,Card,Authentication Failure,16,12,4,Yes,22,1874.32,1,Reminder,Recovered
C12264,6892.73,UPI,Temporary Failure,18,0,18,No,16,8801.86,0,No Action,Not Recovered
C12265,10384.36,Card,Temporary Failure,2,2,0,Yes,12,13228.05,3,No Action,Recovered
C12266,964.09,NetBanking,Insufficient Funds,6,1,5,No,5,828.89,0,Payment Link,Not Recovered
C12267,5165.57,UPI,Insufficient Funds,7,7,0,No,26,5129.58,1,Payment Link,Recovered
C12268,2672.33,Card,Temporary Failure,6,4,2,Yes,26,2967.47,2,No Action,Recovered
C12269,3747.45,UPI,Temporary Failure,6,3,3,Yes,13,2464.01,3,No Action,Not Recovered
C12270,5282.69,Card,Insufficient Funds,9,5,4,No,24,7166.69,3,No Action,Not Recovered
C12271,2708.82,UPI,Bank Declined,8,4,4,No,3,2563.07,3,No Action,Not Recovered
C12272,2329.67,Card,Temporary Failure,9,2,7,Yes,32,2088.99,0,No Action,Not Recovered
C12273,4110.79,NetBanking,Insufficient Funds,12,12,0,No,23,5449.59,1,Payment Link,Not Recovered
C12274,1676.15,UPI,Bank Declined,18,13,5,Yes,13,1164.3,0,Reminder,Recovered
C12275,1678.05,Wallet,Authentication Failure,6,4,2,Yes,15,1059.54,3,No Action,Not Recovered
C12276,6888.08,Wallet,Insufficient Funds,4,3,1,Yes,2,7907.53,3,No Action,Not Recovered
C12277,1595.61,UPI,Temporary Failure,7,0,7,No,11,1448.82,3,No Action,Not Recovered
C12278,6816.49,UPI,Insufficient Funds,18,16,2,Yes,16,8258.73,0,Payment Link,Recovered
C12279,5791.36,Wallet,Technical Error,20,13,7,Yes,18,3792.39,3,No Action,Recovered
C12280,1005.66,Wallet,Temporary Failure,5,3,2,No,34,912.14,2,No Action,Recovered
C12281,2326.22,UPI,Insufficient Funds,18,16,2,Yes,10,1833.67,1,Payment Link,Not Recovered
C12282,10397.67,UPI,Temporary Failure,10,5,5,Yes,13,12390.75,3,No Action,Recovered
C12283,1824.6,UPI,Temporary Failure,8,0,8,No,32,1426.36,1,No Action,Not Recovered
C12284,2758.73,Wallet,Insufficient Funds,1,1,0,No,8,2665.92,0,Payment Link,Recovered
C12285,5788.9,UPI,Temporary Failure,15,11,4,No,7,7265.66,3,No Action,Not Recovered
C12286,7485.79,Card,Technical Error,3,0,3,No,17,9973.41,2,No Action,Not Recovered
C12287,3270.89,NetBanking,Bank Declined,15,8,7,No,27,3853.39,3,No Action,Not Recovered
C12288,2480.07,UPI,Insufficient Funds,14,10,4,Yes,8,2339.66,2,No Action,Not Recovered
C12289,12480.78,Card,Insufficient Funds,1,0,1,No,29,13199.53,2,No Action,Not Recovered
C12290,16077.39,UPI,Insufficient Funds,8,6,2,Yes,27,18517.17,1,Payment Link,Recovered
C12291,8752.86,NetBanking,Temporary Failure,7,4,3,No,24,11378.25,1,No Action,Not Recovered
C12292,4282.55,UPI,Authentication Failure,9,4,5,No,16,5613.82,0,No Action,Not Recovered
C12293,2095.27,Card,Authentication Failure,18,2,16,No,26,2817.67,2,No Action,Not Recovered
C12294,2058.42,Card,Temporary Failure,12,4,8,No,31,2570.08,2,No Action,Not Recovered
C12295,6075.75,UPI,Temporary Failure,8,6,2,Yes,27,4358.98,1,Retry,Recovered
C12296,5590.19,UPI,Temporary Failure,8,6,2,Yes,26,6697.67,0,Retry,Recovered
C12297,12275.11,UPI,Bank Declined,6,0,6,Yes,15,15364.43,1,No Action,Recovered
C12298,6730.53,UPI,Bank Declined,3,3,0,Yes,15,8765.15,1,Reminder,Not Recovered
C12299,1201.81,NetBanking,Technical Error,2,2,0,No,23,1610.25,0,Retry,Recovered
C12300,9279.92,NetBanking,Technical Error,14,4,10,Yes,25,9347.92,2,No Action,Not Recovered
C12301,1800.11,Card,Insufficient Funds,8,4,4,No,4,2023.46,2,No Action,Recovered
C12302,2942.08,Card,Bank Declined,6,1,5,Yes,36,1787.73,0,No Action,Not Recovered
C12303,4886.39,Card,Bank Declined,4,3,1,Yes,16,5170.91,2,No Action,Recovered
C12304,19743.58,NetBanking,Bank Declined,5,1,4,No,21,19320.25,0,No Action,Not Recovered
C12305,48145.57,UPI,Insufficient Funds,13,11,2,Yes,17,65951.96,0,Payment Link,Not Recovered
C12306,6499.16,UPI,Bank Declined,9,6,3,Yes,3,8587.78,1,Reminder,Recovered
C12307,3454.7,UPI,Bank Declined,13,6,7,No,7,4277.21,2,No Action,Not Recovered
C12308,6134.32,Card,Bank Declined,9,8,1,Yes,12,3960.29,2,No Action,Not Recovered
C12309,8136.98,UPI,Bank Declined,16,8,8,No,1,7499.23,0,No Action,Not Recovered
C12310,3094.91,UPI,Technical Error,12,3,9,Yes,6,3580.3,1,No Action,Not Recovered
C12311,16818.23,UPI,Bank Declined,2,0,2,No,23,10490.01,1,No Action,Not Recovered
C12312,4808.34,Card,Bank Declined,19,6,13,No,25,3792.1,2,No Action,Not Recovered
C12313,5956.53,UPI,Bank Declined,16,6,10,No,25,7803.09,3,No Action,Not Recovered
C12314,6814.37,UPI,Insufficient Funds,13,10,3,No,3,4796.12,0,Payment Link,Not Recovered
C12315,5604.47,UPI,Temporary Failure,5,1,4,No,4,3593.02,2,No Action,Not Recovered
C12316,7825.96,UPI,Temporary Failure,6,2,4,No,30,8330.49,2,No Action,Not Recovered
C12317,2441.21,Card,Bank Declined,17,17,0,Yes,33,3313.14,3,No Action,Not Recovered
C12318,2559.09,UPI,Bank Declined,17,11,6,Yes,29,3244.16,3,No Action,Not Recovered
C12319,1658.93,UPI,Authentication Failure,17,15,2,No,4,2289.02,1,Reminder,Not Recovered
C12320,5685.37,Card,Insufficient Funds,3,2,1,No,14,6838.47,1,Payment Link,Not Recovered
C12321,7459.17,UPI,Insufficient Funds,13,3,10,No,21,7085.43,1,Payment Link,Recovered
C12322,5769.08,UPI,Temporary Failure,12,0,12,Yes,7,7830.33,1,No Action,Recovered
C12323,15269.97,NetBanking,Temporary Failure,6,0,6,No,21,14373.72,0,No Action,Not Recovered
C12324,3982.13,UPI,Technical Error,13,4,9,No,7,3504.58,3,No Action,Not Recovered
C12325,6829.75,UPI,Temporary Failure,14,6,8,No,1,6546.7,2,No Action,Not Recovered
C12326,1670.18,UPI,Bank Declined,7,4,3,No,34,2089.69,1,No Action,Not Recovered
C12327,2934.73,Card,Bank Declined,5,4,1,No,23,3915.38,2,No Action,Not Recovered
C12328,6977.74,Card,Insufficient Funds,14,2,12,Yes,3,6183.29,0,Payment Link,Not Recovered
C12329,7889.84,Card,Authentication Failure,18,16,2,Yes,18,7651.55,1,Reminder,Recovered
C12330,3161.73,Card,Insufficient Funds,4,2,2,No,12,4169.25,0,Payment Link,Recovered
C12331,3777.32,UPI,Temporary Failure,1,0,1,Yes,14,2408.55,1,No Action,Recovered
C12332,1187.67,UPI,Authentication Failure,7,3,4,No,28,1457.38,2,No Action,Not Recovered
C12333,3006.18,NetBanking,Authentication Failure,20,17,3,Yes,24,2896.08,0,Reminder,Recovered
C12334,8154.75,Wallet,Temporary Failure,13,0,13,No,24,7349.18,1,No Action,Not Recovered
C12335,6337.34,UPI,Temporary Failure,4,0,4,No,3,6068.24,2,No Action,Not Recovered
C12336,5970.48,Card,Temporary Failure,13,3,10,No,9,5582.12,2,No Action,Recovered
C12337,4162.49,UPI,Temporary Failure,4,4,0,Yes,24,5017.03,2,No Action,Recovered
C12338,4022.67,UPI,Authentication Failure,3,1,2,Yes,2,5399.86,1,No Action,Not Recovered
C12339,2358.53,UPI,Bank Declined,8,6,2,No,28,2342.41,2,No Action,Recovered
C12340,6996.13,UPI,Insufficient Funds,20,12,8,Yes,7,8858.41,2,No Action,Not Recovered
C12341,5601.71,Card,Authentication Failure,8,6,2,Yes,9,6641.14,1,Reminder,Not Recovered
C12342,5929.32,Card,Insufficient Funds,17,16,1,Yes,33,5126.16,0,Payment Link,Recovered
C12343,2626.01,UPI,Insufficient Funds,15,0,15,No,34,2809.44,2,No Action,Not Recovered
C12344,714.35,UPI,Authentication Failure,4,2,2,No,21,809.68,1,No Action,Not Recovered
C12345,9621.66,NetBanking,Technical Error,6,2,4,No,29,5953.88,0,No Action,Recovered
C12346,2727.06,UPI,Technical Error,6,1,5,No,27,2500.07,2,No Action,Not Recovered
C12347,2005.86,Card,Bank Declined,10,1,9,No,17,2796.39,1,No Action,Not Recovered
C12348,6966.25,UPI,Technical Error,4,2,2,No,23,7731.18,3,No Action,Not Recovered
C12349,2923.22,Card,Temporary Failure,9,6,3,No,21,2535.59,1,Reminder,Not Recovered
C12350,9339.41,UPI,Bank Declined,16,10,6,Yes,8,7471.71,2,No Action,Recovered
C12351,6552.84,UPI,Authentication Failure,7,0,7,Yes,9,5029.86,0,No Action,Not Recovered
C12352,6911.25,UPI,Temporary Failure,14,14,0,Yes,33,6367.43,0,Retry,Recovered
C12353,1341.15,UPI,Technical Error,6,2,4,No,4,1012.05,0,No Action,Recovered
C12354,10547.09,UPI,Insufficient Funds,1,0,1,No,18,7468.91,2,No Action,Not Recovered
C12355,4929.78,Card,Temporary Failure,18,10,8,Yes,32,4393.67,2,No Action,Recovered
C12356,2976.87,UPI,Technical Error,12,5,7,No,30,3231.69,0,No Action,Not Recovered
C12357,4486.2,UPI,Temporary Failure,15,14,1,No,25,3217.14,0,Retry,Recovered
C12358,965.9,Card,Bank Declined,1,0,1,No,33,613.8,0,No Action,Not Recovered
C12359,5546.77,Card,Temporary Failure,15,8,7,No,35,3481.74,0,No Action,Recovered
C12360,1755.58,Wallet,Authentication Failure,15,4,11,No,34,1428.88,1,No Action,Not Recovered
C12361,1355.48,Card,Temporary Failure,16,4,12,No,2,1019.46,2,No Action,Not Recovered
C12362,1183.42,Card,Temporary Failure,1,0,1,No,13,1220.58,3,No Action,Not Recovered
C12363,9741.99,Card,Temporary Failure,3,1,2,No,23,9396.89,0,No Action,Not Recovered
C12364,2417.86,Wallet,Authentication Failure,12,12,0,Yes,23,2078.91,1,Reminder,Recovered
C12365,13643.68,NetBanking,Technical Error,7,1,6,No,31,17284.28,3,No Action,Recovered
C12366,2605.57,UPI,Technical Error,5,3,2,Yes,2,2615.88,3,No Action,Not Recovered
C12367,1020.62,UPI,Insufficient Funds,1,0,1,No,2,687.11,0,Payment Link,Not Recovered
C12368,1637.34,UPI,Insufficient Funds,1,0,1,No,5,1369.82,0,Payment Link,Not Recovered
C12369,10750.41,Card,Temporary Failure,15,13,2,Yes,14,14821.28,1,Retry,Recovered
C12370,3530.98,Card,Bank Declined,8,3,5,Yes,23,4878.34,0,No Action,Not Recovered
C12371,2579.68,Card,Temporary Failure,11,0,11,No,35,2073.39,3,No Action,Not Recovered
C12372,4546.28,UPI,Authentication Failure,14,3,11,No,1,3336.01,0,No Action,Not Recovered
C12373,5975.82,Card,Technical Error,13,13,0,Yes,15,5955.21,1,Retry,Recovered
C12374,9778.77,NetBanking,Insufficient Funds,19,17,2,Yes,30,9633.77,1,Payment Link,Not Recovered
C12375,12744.42,UPI,Temporary Failure,12,5,7,No,21,11828.23,1,No Action,Recovered
C12376,2999.6,Card,Technical Error,19,7,12,No,8,3070.05,1,No Action,Recovered
C12377,1384.66,UPI,Temporary Failure,4,0,4,No,7,1088.01,1,No Action,Not Recovered
C12378,2873.48,NetBanking,Temporary Failure,4,0,4,No,34,1988.29,0,No Action,Not Recovered
C12379,4925.96,NetBanking,Temporary Failure,3,0,3,No,32,5203.63,2,No Action,Not Recovered
C12380,1850.19,Card,Bank Declined,6,2,4,No,33,2490.5,1,No Action,Not Recovered
C12381,1859.99,Card,Technical Error,5,5,0,Yes,6,1320.96,2,No Action,Recovered
C12382,5266.28,NetBanking,Insufficient Funds,11,0,11,No,10,6129.17,0,Payment Link,Not Recovered
C12383,3847.3,Card,Temporary Failure,9,7,2,Yes,26,3656.16,1,Retry,Not Recovered
C12384,4106.34,UPI,Insufficient Funds,3,1,2,No,26,3429.54,2,No Action,Recovered
C12385,2180.38,NetBanking,Technical Error,9,5,4,No,19,2796.31,2,No Action,Not Recovered
C12386,3326.68,UPI,Temporary Failure,12,0,12,No,35,3210.89,3,No Action,Not Recovered
C12387,1909.63,UPI,Temporary Failure,3,1,2,No,4,2036.91,2,No Action,Not Recovered
C12388,8153.55,NetBanking,Authentication Failure,20,17,3,No,25,7782.12,3,No Action,Not Recovered
C12389,9156.77,Card,Authentication Failure,17,13,4,Yes,8,6089.25,3,No Action,Recovered
C12390,913.33,UPI,Authentication Failure,12,7,5,No,12,982.67,2,No Action,Recovered
C12391,1901.58,UPI,Technical Error,18,4,14,No,24,1778.12,3,No Action,Not Recovered
C12392,1208.13,UPI,Temporary Failure,4,0,4,No,24,808.73,2,No Action,Not Recovered
C12393,2378.04,UPI,Temporary Failure,10,9,1,Yes,17,2560.32,3,No Action,Recovered
C12394,3741.71,UPI,Insufficient Funds,18,17,1,Yes,25,2274.57,1,Payment Link,Recovered
C12395,1254.3,Card,Insufficient Funds,8,3,5,No,33,961.82,1,Payment Link,Recovered
C12396,1913.26,UPI,Authentication Failure,9,3,6,Yes,27,2343.47,1,No Action,Not Recovered
C12397,1791.63,Card,Technical Error,19,1,18,No,2,1129.34,2,No Action,Recovered
C12398,4721.41,UPI,Technical Error,13,6,7,No,9,5275.45,2,No Action,Recovered
C12399,4228.17,Wallet,Temporary Failure,6,6,0,No,33,5749.32,0,Retry,Recovered
C12400,2245.45,UPI,Authentication Failure,7,6,1,Yes,19,1654.79,2,No Action,Not Recovered
C12401,4607.8,UPI,Technical Error,6,4,2,Yes,5,4302.25,0,Reminder,Not Recovered
C12402,2583.0,UPI,Temporary Failure,11,2,9,No,20,2739.01,0,No Action,Not Recovered
C12403,3218.68,Card,Authentication Failure,17,5,12,No,24,3091.0,1,No Action,Not Recovered
C12404,15257.27,Card,Temporary Failure,19,19,0,Yes,31,16726.58,2,No Action,Recovered
C12405,11689.18,UPI,Temporary Failure,12,0,12,Yes,4,10792.36,2,No Action,Recovered
C12406,1414.29,UPI,Bank Declined,13,8,5,No,32,1016.6,0,Reminder,Recovered
C12407,7768.52,UPI,Bank Declined,18,17,1,Yes,35,5214.51,0,Reminder,Recovered
C12408,7655.4,Card,Temporary Failure,7,0,7,No,14,9152.45,2,No Action,Not Recovered
C12409,1596.29,Card,Insufficient Funds,5,0,5,No,36,1262.5,0,Payment Link,Not Recovered
C12410,7700.74,UPI,Authentication Failure,16,12,4,Yes,6,9841.24,2,No Action,Recovered
C12411,13689.65,UPI,Bank Declined,4,1,3,Yes,17,16351.22,2,No Action,Not Recovered
C12412,1629.48,UPI,Technical Error,1,0,1,Yes,18,1042.15,3,No Action,Not Recovered
C12413,1919.94,UPI,Temporary Failure,4,1,3,Yes,8,1461.01,0,No Action,Not Recovered
C12414,9028.84,Card,Temporary Failure,3,0,3,No,12,7526.39,1,No Action,Not Recovered
C12415,4970.35,UPI,Temporary Failure,4,1,3,No,17,5346.04,2,No Action,Recovered
C12416,6218.17,UPI,Temporary Failure,1,1,0,Yes,31,7759.42,0,Retry,Recovered
C12417,5252.82,UPI,Temporary Failure,12,8,4,Yes,1,3405.23,0,Reminder,Not Recovered
C12418,5467.66,Wallet,Temporary Failure,13,4,9,No,11,4372.42,0,No Action,Not Recovered
C12419,1384.19,NetBanking,Bank Declined,2,2,0,No,16,1247.11,2,No Action,Not Recovered
C12420,9245.61,UPI,Insufficient Funds,9,2,7,No,28,6903.71,2,No Action,Not Recovered
C12421,10195.7,UPI,Technical Error,7,7,0,Yes,9,10565.13,2,No Action,Not Recovered
C12422,3329.37,UPI,Temporary Failure,13,11,2,No,8,3270.78,0,Retry,Recovered
C12423,3863.27,Card,Insufficient Funds,2,2,0,No,25,3296.13,1,Payment Link,Not Recovered
C12424,1175.16,UPI,Temporary Failure,1,0,1,No,10,1191.04,3,No Action,Not Recovered
C12425,6035.74,Card,Insufficient Funds,18,13,5,Yes,3,5339.56,1,Payment Link,Not Recovered
C12426,6321.4,Card,Temporary Failure,7,6,1,Yes,23,5528.41,2,No Action,Not Recovered
C12427,3805.86,NetBanking,Authentication Failure,18,6,12,No,23,3091.56,2,No Action,Not Recovered
C12428,9833.32,UPI,Technical Error,19,13,6,Yes,4,10151.43,2,No Action,Recovered
C12429,3061.89,NetBanking,Insufficient Funds,8,0,8,No,23,2925.0,1,Payment Link,Not Recovered
C12430,6283.83,NetBanking,Temporary Failure,12,10,2,Yes,9,4757.24,1,Retry,Recovered
C12431,1769.26,UPI,Bank Declined,11,4,7,Yes,4,1079.91,2,No Action,Not Recovered
C12432,3925.34,UPI,Technical Error,9,0,9,No,34,2829.16,3,No Action,Recovered
C12433,3479.23,UPI,Temporary Failure,4,4,0,Yes,18,2206.76,3,No Action,Not Recovered
C12434,4790.05,UPI,Bank Declined,7,4,3,No,34,4527.93,0,No Action,Not Recovered
C12435,2976.28,UPI,Technical Error,17,16,1,Yes,34,2321.73,1,Retry,Recovered
C12436,3600.66,Card,Technical Error,11,2,9,Yes,3,3371.53,3,No Action,Not Recovered
C12437,7745.66,UPI,Technical Error,2,2,0,No,19,6688.84,2,No Action,Recovered
C12438,2820.41,Wallet,Authentication Failure,18,9,9,Yes,34,2906.18,1,No Action,Recovered
C12439,1106.31,UPI,Authentication Failure,12,2,10,No,26,1304.44,0,No Action,Not Recovered
C12440,16215.4,Wallet,Insufficient Funds,9,6,3,Yes,35,15947.05,0,Payment Link,Not Recovered
C12441,12078.87,UPI,Bank Declined,11,3,8,No,31,7846.13,1,No Action,Not Recovered
C12442,1422.6,NetBanking,Technical Error,5,3,2,No,27,873.49,2,No Action,Not Recovered
C12443,6945.27,UPI,Bank Declined,7,2,5,No,3,5351.92,3,No Action,Not Recovered
C12444,2674.91,UPI,Authentication Failure,1,1,0,No,12,2514.35,1,Reminder,Not Recovered
C12445,4938.61,NetBanking,Temporary Failure,5,5,0,Yes,23,3140.58,2,No Action,Not Recovered
C12446,5061.55,UPI,Insufficient Funds,6,3,3,No,17,4364.0,1,Payment Link,Not Recovered
C12447,3316.03,Card,Temporary Failure,13,9,4,No,16,4342.74,0,Reminder,Recovered
C12448,2136.74,Card,Temporary Failure,11,5,6,No,17,1435.92,1,No Action,Recovered
C12449,2302.19,Card,Temporary Failure,8,4,4,No,15,3128.25,2,No Action,Recovered
C12450,1921.95,Card,Technical Error,20,11,9,No,26,2470.35,2,No Action,Recovered
C12451,2056.15,Card,Temporary Failure,2,2,0,No,2,2601.9,0,Retry,Recovered
C12452,3790.7,UPI,Technical Error,15,5,10,No,17,4893.52,2,No Action,Not Recovered
C12453,2256.21,Card,Bank Declined,10,2,8,No,1,1498.21,2,No Action,Not Recovered
C12454,6902.86,NetBanking,Temporary Failure,8,4,4,No,30,4976.51,0,No Action,Recovered
C12455,13145.65,UPI,Temporary Failure,2,0,2,No,32,9300.52,2,No Action,Not Recovered
C12456,2514.95,UPI,Bank Declined,15,3,12,No,30,1732.78,2,No Action,Not Recovered
C12457,4844.37,Card,Technical Error,6,2,4,No,4,4176.67,1,No Action,Not Recovered
C12458,5965.8,UPI,Authentication Failure,5,1,4,No,32,7541.81,1,No Action,Not Recovered
C12459,5835.13,UPI,Authentication Failure,3,0,3,No,35,4677.26,1,No Action,Not Recovered
C12460,4250.59,UPI,Authentication Failure,11,2,9,No,1,3380.82,1,No Action,Not Recovered
C12461,7245.93,Card,Bank Declined,11,11,0,Yes,19,8265.51,3,No Action,Recovered
C12462,5883.16,UPI,Authentication Failure,16,3,13,No,33,3986.08,1,No Action,Not Recovered
C12463,1486.11,Card,Technical Error,3,3,0,No,19,1320.0,1,Retry,Recovered
C12464,8017.44,NetBanking,Authentication Failure,9,3,6,Yes,36,6705.31,1,No Action,Recovered
C12465,8134.6,UPI,Temporary Failure,3,0,3,No,27,10394.72,0,No Action,Recovered
C12466,2172.04,Card,Authentication Failure,19,6,13,No,13,2197.24,1,No Action,Not Recovered
C12467,4123.26,Wallet,Insufficient Funds,11,3,8,Yes,27,4606.42,3,No Action,Not Recovered
C12468,6909.92,Card,Technical Error,14,10,4,Yes,14,4859.25,3,No Action,Recovered
C12469,3383.27,NetBanking,Temporary Failure,2,2,0,Yes,24,4544.19,3,No Action,Recovered
C12470,9437.36,UPI,Insufficient Funds,7,0,7,Yes,35,8096.89,2,No Action,Not Recovered
C12471,26506.56,NetBanking,Temporary Failure,10,2,8,No,19,30892.63,0,No Action,Not Recovered
C12472,2132.95,UPI,Temporary Failure,10,4,6,No,25,2908.71,1,No Action,Not Recovered
C12473,1325.06,UPI,Temporary Failure,20,19,1,Yes,11,1334.23,1,Retry,Recovered
C12474,5100.55,UPI,Technical Error,1,1,0,No,9,5131.3,2,No Action,Recovered
C12475,7124.53,UPI,Temporary Failure,6,6,0,Yes,6,4943.0,0,Retry,Recovered
C12476,3325.44,NetBanking,Insufficient Funds,14,8,6,Yes,36,3033.53,2,No Action,Not Recovered
C12477,12793.06,UPI,Temporary Failure,2,0,2,No,29,16400.34,3,No Action,Not Recovered
C12478,1370.82,Card,Bank Declined,6,1,5,No,9,970.66,2,No Action,Not Recovered
C12479,6963.13,Card,Temporary Failure,1,1,0,Yes,33,9288.84,0,Retry,Recovered
C12480,2463.56,Card,Temporary Failure,3,3,0,Yes,23,2793.3,2,No Action,Not Recovered
C12481,15828.26,UPI,Insufficient Funds,4,1,3,Yes,15,14827.41,0,Payment Link,Not Recovered
C12482,19693.85,Card,Bank Declined,13,0,13,No,11,20426.44,2,No Action,Not Recovered
C12483,2166.19,UPI,Temporary Failure,3,2,1,No,23,1560.52,0,Reminder,Recovered
C12484,2577.06,UPI,Temporary Failure,15,10,5,Yes,26,1994.61,1,Reminder,Recovered
C12485,7956.3,Wallet,Temporary Failure,13,0,13,No,1,6596.78,3,No Action,Recovered
C12486,2934.65,UPI,Authentication Failure,11,7,4,No,30,2664.3,0,Reminder,Not Recovered
C12487,3857.29,UPI,Insufficient Funds,4,0,4,No,17,5139.52,2,No Action,Not Recovered
C12488,4082.07,NetBanking,Bank Declined,17,6,11,Yes,23,3649.6,2,No Action,Recovered
C12489,861.19,UPI,Temporary Failure,5,0,5,No,36,877.61,3,No Action,Recovered
C12490,3955.96,Card,Insufficient Funds,8,5,3,No,5,2886.35,1,Payment Link,Not Recovered
C12491,2303.69,UPI,Temporary Failure,10,6,4,Yes,35,2738.58,1,Reminder,Recovered
C12492,2696.07,UPI,Temporary Failure,7,2,5,No,9,2826.09,1,No Action,Not Recovered
C12493,12694.9,UPI,Insufficient Funds,17,13,4,No,4,12084.6,0,Payment Link,Recovered
C12494,1463.88,UPI,Insufficient Funds,7,5,2,Yes,7,1987.58,3,No Action,Not Recovered
C12495,7666.49,UPI,Temporary Failure,19,8,11,No,1,10062.43,0,No Action,Not Recovered
C12496,3199.91,Card,Bank Declined,9,2,7,No,16,3608.25,0,No Action,Not Recovered
C12497,3197.87,Card,Authentication Failure,2,1,1,No,25,4276.99,0,No Action,Not Recovered
C12498,7527.72,Wallet,Insufficient Funds,20,19,1,Yes,6,7917.85,0,Payment Link,Recovered
C12499,5250.56,UPI,Bank Declined,19,8,11,No,14,6623.84,2,No Action,Not Recovered
C12500,6314.1,Card,Authentication Failure,6,0,6,Yes,11,5856.76,2,No Action,Not Recovered
C12501,8678.44,Card,Technical Error,10,8,2,Yes,1,5809.31,2,No Action,Recovered
C12502,3068.68,Wallet,Insufficient Funds,13,11,2,No,1,4281.79,0,Payment Link,Not Recovered
C12503,2451.02,UPI,Technical Error,2,1,1,Yes,36,1795.38,1,No Action,Not Recovered
C12504,1678.96,Card,Temporary Failure,10,4,6,Yes,8,1345.2,2,No Action,Not Recovered
C12505,2066.73,NetBanking,Bank Declined,10,10,0,Yes,32,1509.71,3,No Action,Recovered
C12506,42333.13,UPI,Temporary Failure,5,4,1,Yes,33,36829.13,2,No Action,Not Recovered
C12507,10826.95,NetBanking,Temporary Failure,4,0,4,Yes,8,9001.79,0,No Action,Not Recovered
C12508,1357.22,UPI,Insufficient Funds,2,1,1,No,14,1466.99,0,Payment Link,Recovered
C12509,1388.64,Card,Temporary Failure,7,0,7,No,24,1940.16,0,No Action,Not Recovered
C12510,5881.36,Wallet,Bank Declined,18,5,13,No,29,3775.88,2,No Action,Not Recovered
C12511,6197.25,Card,Insufficient Funds,17,14,3,Yes,25,7577.72,1,Payment Link,Not Recovered
C12512,6205.29,UPI,Bank Declined,11,0,11,No,6,4358.56,0,No Action,Recovered
C12513,3261.96,UPI,Temporary Failure,18,12,6,Yes,1,2008.94,3,No Action,Recovered
C12514,3618.03,Wallet,Temporary Failure,8,1,7,No,23,4019.13,0,No Action,Recovered
C12515,5199.68,Card,Bank Declined,12,12,0,Yes,33,6752.58,1,Reminder,Recovered
C12516,4284.52,UPI,Authentication Failure,1,1,0,Yes,14,3175.0,1,Reminder,Recovered
C12517,677.64,Card,Temporary Failure,20,18,2,No,28,591.78,1,Retry,Recovered
C12518,3328.28,Card,Temporary Failure,12,6,6,No,29,2446.29,0,No Action,Recovered
C12519,2024.19,UPI,Authentication Failure,6,1,5,No,23,2682.47,3,No Action,Not Recovered
C12520,4601.87,UPI,Temporary Failure,3,0,3,No,10,3756.45,3,No Action,Not Recovered
C12521,43575.78,UPI,Authentication Failure,5,0,5,No,27,41648.44,0,No Action,Not Recovered
C12522,5367.06,Card,Bank Declined,14,11,3,Yes,8,7061.94,2,No Action,Not Recovered
C12523,3112.64,Card,Insufficient Funds,12,11,1,Yes,4,3244.29,2,No Action,Not Recovered
C12524,8362.32,Card,Insufficient Funds,13,9,4,Yes,21,11258.02,3,No Action,Recovered
C12525,5885.22,NetBanking,Temporary Failure,13,7,6,Yes,21,7893.02,2,No Action,Recovered
C12526,5597.78,NetBanking,Insufficient Funds,17,11,6,Yes,30,5425.82,2,No Action,Not Recovered
C12527,6499.82,Card,Authentication Failure,15,7,8,No,13,6928.2,3,No Action,Recovered
C12528,20728.91,UPI,Technical Error,6,2,4,No,3,16256.68,2,No Action,Not Recovered
C12529,1618.64,Card,Bank Declined,12,1,11,Yes,20,2253.84,2,No Action,Not Recovered
C12530,5842.74,UPI,Technical Error,2,0,2,No,36,4806.55,0,No Action,Not Recovered
C12531,1906.35,Card,Temporary Failure,4,0,4,No,5,2338.42,2,No Action,Not Recovered
C12532,6238.28,Card,Bank Declined,20,3,17,No,22,5304.88,3,No Action,Not Recovered
C12533,1918.12,UPI,Insufficient Funds,12,8,4,No,2,1631.23,0,Payment Link,Not Recovered
C12534,2864.52,Wallet,Technical Error,3,2,1,No,25,1956.73,3,No Action,Recovered
C12535,3158.9,UPI,Insufficient Funds,17,6,11,No,24,3310.26,0,Payment Link,Not Recovered
C12536,8731.59,Card,Bank Declined,6,3,3,No,5,6949.17,3,No Action,Not Recovered
C12537,8339.96,UPI,Authentication Failure,17,9,8,No,16,5994.06,1,No Action,Not Recovered
C12538,1476.57,Wallet,Insufficient Funds,17,13,4,Yes,15,1153.69,0,Payment Link,Recovered
C12539,4179.71,UPI,Temporary Failure,11,0,11,No,13,3347.42,0,No Action,Not Recovered
C12540,2267.39,UPI,Bank Declined,7,4,3,No,11,2274.8,0,No Action,Not Recovered
C12541,1461.54,UPI,Insufficient Funds,2,0,2,No,16,1328.16,3,No Action,Not Recovered
C12542,3362.49,UPI,Bank Declined,19,5,14,Yes,18,2220.56,1,No Action,Not Recovered
C12543,3125.23,UPI,Authentication Failure,2,1,1,No,25,3215.31,0,No Action,Not Recovered
C12544,27873.25,Card,Insufficient Funds,13,11,2,Yes,4,34289.62,1,Payment Link,Recovered
C12545,5655.69,UPI,Insufficient Funds,16,16,0,No,21,5991.57,2,No Action,Not Recovered
C12546,1328.7,UPI,Bank Declined,17,14,3,No,11,1833.12,0,Reminder,Not Recovered
C12547,2545.88,UPI,Temporary Failure,11,6,5,No,34,1729.47,2,No Action,Not Recovered
C12548,9055.76,NetBanking,Temporary Failure,9,7,2,Yes,30,11382.38,0,Retry,Recovered
C12549,21264.7,Card,Authentication Failure,9,4,5,No,4,21361.54,1,No Action,Not Recovered
C12550,1124.69,Card,Bank Declined,14,1,13,Yes,14,1144.12,2,No Action,Not Recovered
C12551,889.01,Card,Temporary Failure,13,1,12,Yes,11,902.59,3,No Action,Not Recovered
C12552,17868.98,UPI,Temporary Failure,11,10,1,Yes,4,15371.88,0,Retry,Recovered
C12553,5462.93,UPI,Bank Declined,12,4,8,Yes,26,4696.18,0,No Action,Not Recovered
C12554,1997.03,UPI,Technical Error,3,2,1,No,3,2207.67,1,Reminder,Recovered
C12555,6134.92,NetBanking,Technical Error,1,0,1,No,4,3900.66,3,No Action,Recovered
C12556,485.63,Wallet,Temporary Failure,8,3,5,Yes,26,520.12,0,No Action,Recovered
C12557,4010.82,Card,Authentication Failure,19,15,4,No,11,4731.45,2,No Action,Recovered
C12558,5199.44,UPI,Bank Declined,13,13,0,Yes,11,4601.82,3,No Action,Recovered
C12559,8378.85,UPI,Bank Declined,7,2,5,No,20,6484.27,3,No Action,Not Recovered
C12560,1777.45,UPI,Bank Declined,13,8,5,Yes,26,1369.9,1,Reminder,Not Recovered
C12561,4283.82,Card,Temporary Failure,6,3,3,No,12,2850.76,2,No Action,Recovered
C12562,1907.81,UPI,Authentication Failure,3,1,2,No,29,1281.62,2,No Action,Not Recovered
C12563,4906.7,Wallet,Temporary Failure,6,5,1,No,14,3598.33,0,Retry,Recovered
C12564,1954.27,UPI,Temporary Failure,3,2,1,No,25,1202.54,0,Reminder,Recovered
C12565,2885.83,Wallet,Technical Error,13,1,12,No,26,2346.15,3,No Action,Not Recovered
C12566,1803.34,NetBanking,Bank Declined,13,0,13,No,10,1524.04,3,No Action,Not Recovered
C12567,6734.23,NetBanking,Technical Error,13,10,3,Yes,14,9402.18,1,Retry,Not Recovered
C12568,7949.07,Card,Bank Declined,1,1,0,No,5,11075.84,3,No Action,Not Recovered
C12569,3315.47,Card,Insufficient Funds,8,2,6,Yes,22,2485.41,1,Payment Link,Recovered
C12570,4124.25,Card,Authentication Failure,5,4,1,No,11,3177.43,1,Reminder,Not Recovered
C12571,1255.36,Card,Temporary Failure,20,13,7,No,29,1247.23,2,No Action,Not Recovered
C12572,3147.33,Card,Authentication Failure,17,14,3,Yes,7,2263.02,2,No Action,Not Recovered
C12573,3842.53,Wallet,Temporary Failure,9,2,7,No,18,3854.95,3,No Action,Not Recovered
C12574,32554.93,Card,Technical Error,13,9,4,Yes,31,29934.64,3,No Action,Not Recovered
C12575,1643.32,NetBanking,Temporary Failure,13,8,5,No,20,1412.76,2,No Action,Not Recovered
C12576,12905.28,NetBanking,Bank Declined,5,1,4,Yes,35,16235.93,3,No Action,Not Recovered
C12577,8879.82,UPI,Authentication Failure,14,3,11,Yes,7,11210.72,2,No Action,Recovered
C12578,5006.83,UPI,Insufficient Funds,11,6,5,No,30,6961.05,0,Payment Link,Not Recovered
C12579,16333.05,Card,Technical Error,14,3,11,Yes,4,12714.8,3,No Action,Not Recovered
C12580,5386.95,Card,Technical Error,7,2,5,No,30,7060.26,1,No Action,Not Recovered
C12581,5460.94,NetBanking,Technical Error,17,9,8,No,30,5626.28,0,No Action,Not Recovered
C12582,3833.58,UPI,Authentication Failure,4,0,4,No,30,4114.07,0,No Action,Not Recovered
C12583,10645.63,Card,Insufficient Funds,10,8,2,Yes,18,14020.66,3,No Action,Not Recovered
C12584,9616.4,Card,Temporary Failure,10,10,0,Yes,10,13021.61,2,No Action,Recovered
C12585,2424.81,UPI,Temporary Failure,15,0,15,Yes,14,2864.79,1,No Action,Not Recovered
C12586,1392.22,Card,Temporary Failure,20,10,10,No,36,1222.75,2,No Action,Not Recovered
C12587,3400.46,NetBanking,Temporary Failure,12,12,0,Yes,23,3372.35,3,No Action,Recovered
C12588,2109.1,UPI,Bank Declined,9,0,9,No,12,2303.23,2,No Action,Not Recovered
C12589,3801.8,Card,Temporary Failure,3,2,1,Yes,12,4801.34,3,No Action,Recovered
C12590,10764.41,Card,Temporary Failure,15,0,15,No,34,12124.58,3,No Action,Not Recovered
C12591,2774.45,UPI,Temporary Failure,12,4,8,No,26,2475.8,1,No Action,Recovered
C12592,3865.29,UPI,Technical Error,15,15,0,No,6,3611.36,3,No Action,Not Recovered
C12593,4190.05,Wallet,Bank Declined,1,0,1,No,15,2683.1,1,No Action,Not Recovered
C12594,7885.61,UPI,Insufficient Funds,15,6,9,No,19,10562.1,0,Payment Link,Not Recovered
C12595,662.84,UPI,Authentication Failure,11,9,2,No,23,444.43,2,No Action,Not Recovered
C12596,2461.9,UPI,Temporary Failure,5,0,5,No,36,2619.33,3,No Action,Not Recovered
C12597,4736.61,Card,Authentication Failure,7,5,2,No,13,6144.91,2,No Action,Not Recovered
C12598,10447.45,Card,Bank Declined,12,8,4,No,31,9786.04,2,No Action,Not Recovered
C12599,2698.71,Card,Temporary Failure,20,5,15,No,26,3346.67,1,No Action,Not Recovered
C12600,891.41,UPI,Bank Declined,6,6,0,Yes,18,1108.07,2,No Action,Recovered
C12601,6567.04,NetBanking,Technical Error,3,3,0,Yes,33,4254.63,2,No Action,Recovered
C12602,2406.09,UPI,Insufficient Funds,10,9,1,Yes,32,2236.98,2,No Action,Not Recovered
C12603,1544.29,UPI,Authentication Failure,4,0,4,No,4,1780.29,3,No Action,Not Recovered
C12604,2427.39,Card,Temporary Failure,13,12,1,No,19,2276.61,2,No Action,Not Recovered
C12605,3451.03,UPI,Temporary Failure,19,18,1,Yes,7,3575.73,0,Retry,Recovered
C12606,2465.76,NetBanking,Temporary Failure,5,4,1,Yes,35,2652.09,1,Retry,Recovered
C12607,685.12,Wallet,Temporary Failure,18,3,15,No,26,493.96,0,No Action,Not Recovered
C12608,8198.47,UPI,Temporary Failure,1,1,0,No,23,7621.17,1,Retry,Recovered
C12609,11091.67,NetBanking,Authentication Failure,16,15,1,Yes,34,6907.57,2,No Action,Not Recovered
C12610,6736.31,NetBanking,Temporary Failure,16,10,6,No,7,4848.13,1,Reminder,Not Recovered
C12611,1609.86,Wallet,Insufficient Funds,16,14,2,Yes,11,1625.64,3,No Action,Not Recovered
C12612,3404.51,UPI,Bank Declined,19,10,9,No,8,3604.93,3,No Action,Not Recovered
C12613,3979.19,Card,Authentication Failure,16,10,6,Yes,13,2853.03,0,Reminder,Recovered
C12614,6458.07,UPI,Authentication Failure,1,0,1,No,32,7778.72,3,No Action,Recovered
C12615,6827.56,NetBanking,Technical Error,20,16,4,Yes,34,6133.81,2,No Action,Recovered
C12616,2223.22,UPI,Authentication Failure,20,4,16,No,18,2971.38,0,No Action,Not Recovered
C12617,4271.18,Card,Technical Error,10,9,1,Yes,15,3887.33,0,Retry,Recovered
C12618,5766.81,UPI,Authentication Failure,2,0,2,No,24,4151.23,0,No Action,Not Recovered
C12619,12819.3,UPI,Technical Error,14,11,3,Yes,21,15464.9,3,No Action,Recovered
C12620,7027.98,Card,Temporary Failure,8,7,1,Yes,18,7409.18,1,Retry,Recovered
C12621,7519.8,NetBanking,Insufficient Funds,6,3,3,No,14,6838.13,3,No Action,Recovered
C12622,4277.44,Card,Bank Declined,3,3,0,No,19,3784.53,0,Reminder,Recovered
C12623,12362.43,NetBanking,Insufficient Funds,16,1,15,No,13,8908.55,1,Payment Link,Not Recovered
C12624,5551.7,UPI,Temporary Failure,17,2,15,Yes,16,4844.79,0,No Action,Recovered
C12625,2008.57,Card,Bank Declined,12,1,11,No,2,1252.29,0,No Action,Not Recovered
C12626,12292.51,Card,Authentication Failure,19,16,3,Yes,34,12316.13,1,Reminder,Recovered
C12627,6990.95,UPI,Temporary Failure,20,1,19,No,26,9209.73,1,No Action,Not Recovered
C12628,2806.28,Card,Technical Error,3,1,2,Yes,22,3469.3,0,No Action,Recovered
C12629,2725.63,Card,Technical Error,13,5,8,Yes,20,1697.57,0,No Action,Not Recovered
C12630,5071.08,Card,Authentication Failure,16,11,5,Yes,29,6617.8,3,No Action,Not Recovered
C12631,5794.11,Card,Authentication Failure,11,0,11,No,18,5573.12,3,No Action,Not Recovered
C12632,4683.89,Card,Technical Error,20,5,15,No,29,3525.63,3,No Action,Not Recovered
C12633,5131.21,UPI,Bank Declined,16,16,0,No,27,6167.35,2,No Action,Not Recovered
C12634,15584.24,UPI,Temporary Failure,20,1,19,Yes,35,13375.94,0,No Action,Recovered
C12635,9426.54,Card,Bank Declined,2,1,1,No,29,7566.26,3,No Action,Recovered
C12636,4659.01,UPI,Technical Error,4,0,4,No,6,3396.67,0,No Action,Not Recovered
C12637,8493.85,UPI,Authentication Failure,4,0,4,No,25,8402.94,2,No Action,Not Recovered
C12638,1751.15,UPI,Technical Error,17,4,13,No,21,1181.53,3,No Action,Not Recovered
C12639,5499.38,Card,Temporary Failure,1,0,1,Yes,31,6755.94,3,No Action,Recovered
C12640,17008.95,UPI,Bank Declined,1,0,1,No,16,16609.91,0,No Action,Not Recovered
C12641,3359.72,Card,Insufficient Funds,5,5,0,Yes,14,3217.2,0,Payment Link,Recovered
C12642,2030.31,Card,Temporary Failure,12,10,2,Yes,6,1221.2,1,Retry,Recovered
C12643,2374.11,UPI,Temporary Failure,6,0,6,No,11,2977.83,1,No Action,Recovered
C12644,1672.95,NetBanking,Temporary Failure,6,3,3,No,27,1663.36,3,No Action,Not Recovered
C12645,2135.04,Card,Technical Error,17,14,3,Yes,5,2032.38,1,Retry,Recovered
C12646,2973.94,Card,Temporary Failure,13,3,10,No,15,3595.81,3,No Action,Not Recovered
C12647,1299.32,Card,Temporary Failure,8,2,6,Yes,16,844.97,0,No Action,Recovered
C12648,4050.29,UPI,Authentication Failure,12,7,5,No,18,3618.3,1,No Action,Recovered
C12649,8232.72,Card,Insufficient Funds,15,4,11,No,33,8731.52,3,No Action,Not Recovered
C12650,1934.97,UPI,Temporary Failure,19,13,6,Yes,35,1873.95,0,Reminder,Recovered
C12651,13486.94,Wallet,Temporary Failure,20,8,12,No,24,10051.97,3,No Action,Not Recovered
C12652,6019.04,NetBanking,Temporary Failure,17,5,12,No,35,5052.51,2,No Action,Not Recovered
C12653,9122.64,Card,Temporary Failure,9,2,7,Yes,7,7664.48,1,No Action,Not Recovered
C12654,2363.22,UPI,Temporary Failure,18,17,1,Yes,14,3293.33,2,No Action,Recovered
C12655,7924.15,UPI,Bank Declined,2,2,0,No,30,6822.36,0,Reminder,Not Recovered
C12656,1669.87,UPI,Temporary Failure,11,1,10,No,24,1276.02,3,No Action,Not Recovered
C12657,8153.87,Card,Insufficient Funds,20,1,19,Yes,15,10258.46,3,No Action,Not Recovered
C12658,4589.48,UPI,Authentication Failure,17,9,8,No,13,4300.05,0,No Action,Not Recovered
C12659,6227.0,Card,Insufficient Funds,18,14,4,Yes,19,5947.35,2,No Action,Recovered
C12660,1561.77,UPI,Authentication Failure,15,2,13,No,29,1622.85,3,No Action,Not Recovered
C12661,1954.7,Wallet,Insufficient Funds,7,7,0,No,22,2104.33,2,No Action,Recovered
C12662,6449.98,UPI,Insufficient Funds,16,10,6,Yes,2,6917.25,2,No Action,Not Recovered
C12663,1873.14,Wallet,Technical Error,1,0,1,No,13,1175.58,2,No Action,Not Recovered
C12664,5794.21,Wallet,Temporary Failure,18,18,0,Yes,36,7272.16,1,Retry,Recovered
C12665,1339.89,Card,Temporary Failure,8,8,0,Yes,18,1012.8,2,No Action,Recovered
C12666,7883.99,Card,Bank Declined,7,6,1,Yes,15,6574.25,1,Reminder,Recovered
C12667,1492.24,UPI,Insufficient Funds,2,2,0,Yes,35,1102.38,2,No Action,Recovered
C12668,6222.27,Card,Technical Error,12,8,4,No,17,7551.73,2,No Action,Not Recovered
C12669,6598.21,UPI,Authentication Failure,16,1,15,No,13,7039.8,1,No Action,Not Recovered
C12670,2290.74,UPI,Insufficient Funds,9,5,4,No,22,2758.59,3,No Action,Not Recovered
C12671,6372.01,Card,Bank Declined,20,4,16,No,21,7153.97,3,No Action,Not Recovered
C12672,4926.6,Card,Bank Declined,11,1,10,No,26,3366.48,0,No Action,Recovered
C12673,2599.24,Card,Authentication Failure,15,3,12,No,4,2186.48,0,No Action,Not Recovered
C12674,1785.06,UPI,Technical Error,3,3,0,Yes,7,1795.43,3,No Action,Recovered
C12675,832.1,UPI,Authentication Failure,13,7,6,Yes,10,702.26,0,No Action,Not Recovered
C12676,5291.04,UPI,Temporary Failure,13,12,1,Yes,15,4052.11,3,No Action,Not Recovered
C12677,1143.91,UPI,Technical Error,2,2,0,No,26,1482.34,0,Retry,Not Recovered
C12678,4317.04,UPI,Temporary Failure,6,4,2,Yes,16,5172.79,3,No Action,Not Recovered
C12679,3239.88,UPI,Temporary Failure,6,4,2,Yes,34,2838.71,1,Reminder,Recovered
C12680,6886.81,UPI,Authentication Failure,12,8,4,No,17,8346.88,0,Reminder,Recovered
C12681,3141.37,NetBanking,Temporary Failure,4,0,4,Yes,16,3461.89,1,No Action,Recovered
C12682,3073.25,UPI,Authentication Failure,5,3,2,No,34,1853.26,1,Reminder,Recovered
C12683,7183.53,Card,Temporary Failure,8,4,4,No,29,6495.42,1,No Action,Recovered
C12684,5229.63,UPI,Technical Error,6,2,4,No,18,4353.09,1,No Action,Not Recovered
C12685,5151.15,NetBanking,Temporary Failure,3,1,2,No,11,3988.67,1,No Action,Not Recovered
C12686,5822.38,Card,Insufficient Funds,8,4,4,Yes,12,4665.31,2,No Action,Not Recovered
C12687,1170.97,UPI,Temporary Failure,19,18,1,Yes,2,1585.37,1,Retry,Recovered
C12688,7328.17,Card,Bank Declined,11,6,5,Yes,18,7247.95,0,No Action,Not Recovered
C12689,6529.1,UPI,Insufficient Funds,18,9,9,Yes,33,8345.28,1,Payment Link,Not Recovered
C12690,1773.49,Card,Bank Declined,10,2,8,No,9,1368.02,0,No Action,Recovered
C12691,3290.47,UPI,Temporary Failure,20,1,19,Yes,15,2433.38,1,No Action,Not Recovered
C12692,3876.17,Wallet,Temporary Failure,12,6,6,Yes,28,5081.78,0,No Action,Recovered
C12693,3591.96,UPI,Temporary Failure,20,8,12,No,8,3579.62,1,No Action,Not Recovered
C12694,5224.62,UPI,Insufficient Funds,8,4,4,No,36,6876.24,3,No Action,Not Recovered
C12695,12570.94,Card,Technical Error,19,11,8,No,8,8176.43,2,No Action,Not Recovered
C12696,9503.95,UPI,Authentication Failure,16,9,7,Yes,19,12670.18,0,No Action,Not Recovered
C12697,1400.07,NetBanking,Temporary Failure,18,18,0,Yes,4,1305.36,0,Retry,Recovered
C12698,6579.44,Card,Bank Declined,9,9,0,Yes,27,4765.46,1,Reminder,Recovered
C12699,11581.87,Card,Technical Error,4,4,0,Yes,13,13281.0,0,Retry,Recovered
C12700,5450.68,UPI,Temporary Failure,9,4,5,No,21,6745.34,1,No Action,Not Recovered
C12701,9574.26,NetBanking,Insufficient Funds,2,2,0,Yes,26,6107.42,2,No Action,Recovered
C12702,20007.57,Card,Bank Declined,9,7,2,Yes,23,27805.66,3,No Action,Recovered
C12703,9072.63,UPI,Temporary Failure,9,5,4,No,30,10502.67,3,No Action,Not Recovered
C12704,4882.91,UPI,Temporary Failure,18,18,0,Yes,31,4185.25,2,No Action,Not Recovered
C12705,9229.13,UPI,Temporary Failure,11,0,11,Yes,31,6654.53,1,No Action,Not Recovered
C12706,4491.58,Wallet,Bank Declined,13,9,4,Yes,16,4105.42,1,Reminder,Not Recovered
C12707,4077.23,UPI,Temporary Failure,6,0,6,No,7,3165.78,2,No Action,Not Recovered
C12708,3019.72,Card,Temporary Failure,9,9,0,No,17,3005.6,0,Retry,Recovered
C12709,13971.58,UPI,Insufficient Funds,16,11,5,Yes,24,17122.37,0,Payment Link,Not Recovered
C12710,2078.3,UPI,Temporary Failure,4,1,3,No,20,2344.54,0,No Action,Not Recovered
C12711,13628.85,Card,Temporary Failure,2,1,1,No,27,12930.34,2,No Action,Not Recovered
C12712,5966.65,Wallet,Authentication Failure,7,7,0,Yes,2,4147.75,3,No Action,Recovered
C12713,1305.84,Card,Temporary Failure,15,4,11,No,1,1783.42,3,No Action,Recovered
C12714,5367.78,NetBanking,Bank Declined,6,6,0,Yes,34,4381.7,3,No Action,Not Recovered
C12715,745.48,Card,Insufficient Funds,11,0,11,No,27,612.98,1,Payment Link,Not Recovered
C12716,6597.57,UPI,Bank Declined,20,0,20,Yes,6,7365.54,2,No Action,Not Recovered
C12717,8121.21,UPI,Bank Declined,17,14,3,Yes,27,9878.7,0,Reminder,Recovered
C12718,2490.32,Card,Temporary Failure,4,0,4,No,16,3454.88,3,No Action,Not Recovered
C12719,4415.55,Wallet,Technical Error,19,0,19,No,35,6072.84,3,No Action,Not Recovered
C12720,19098.7,NetBanking,Insufficient Funds,7,2,5,No,27,25420.53,3,No Action,Not Recovered
C12721,2668.98,UPI,Technical Error,11,9,2,Yes,35,2530.86,1,Retry,Recovered
C12722,1714.58,UPI,Insufficient Funds,13,4,9,No,36,1257.36,1,Payment Link,Not Recovered
C12723,13087.07,UPI,Authentication Failure,3,0,3,No,28,13971.45,0,No Action,Not Recovered
C12724,19227.93,Wallet,Technical Error,14,7,7,No,3,11802.2,3,No Action,Not Recovered
C12725,4011.84,NetBanking,Authentication Failure,2,2,0,No,31,3036.96,3,No Action,Recovered
C12726,8984.18,NetBanking,Bank Declined,18,15,3,No,3,5408.69,3,No Action,Not Recovered
C12727,11698.67,UPI,Insufficient Funds,5,4,1,Yes,24,8708.83,1,Payment Link,Recovered
C12728,2208.49,Card,Technical Error,13,9,4,Yes,26,2163.89,0,Reminder,Recovered
C12729,2712.99,Card,Authentication Failure,13,1,12,No,28,2481.46,2,No Action,Not Recovered
C12730,10708.03,UPI,Authentication Failure,14,8,6,Yes,9,9588.37,1,No Action,Recovered
C12731,15399.05,Card,Insufficient Funds,12,11,1,Yes,27,19476.14,3,No Action,Not Recovered
C12732,6275.16,UPI,Technical Error,13,12,1,Yes,3,7153.66,0,Retry,Recovered
C12733,1978.71,UPI,Temporary Failure,18,12,6,No,28,2669.57,0,Reminder,Not Recovered
C12734,19608.11,NetBanking,Bank Declined,13,10,3,Yes,32,18750.7,2,No Action,Not Recovered
C12735,2615.66,NetBanking,Temporary Failure,4,1,3,No,35,2139.04,3,No Action,Not Recovered
C12736,3059.29,UPI,Insufficient Funds,10,9,1,No,7,2135.84,1,Payment Link,Recovered
C12737,5260.18,Card,Authentication Failure,5,0,5,No,7,5984.1,1,No Action,Not Recovered
C12738,13868.54,UPI,Temporary Failure,18,2,16,No,21,17660.1,1,No Action,Not Recovered
C12739,7920.66,Card,Bank Declined,8,6,2,Yes,32,5916.67,3,No Action,Not Recovered
C12740,5574.41,NetBanking,Bank Declined,14,11,3,Yes,20,7263.47,3,No Action,Recovered
C12741,5794.59,NetBanking,Temporary Failure,2,0,2,Yes,8,5916.4,3,No Action,Recovered
C12742,4141.7,Card,Insufficient Funds,8,8,0,No,4,2962.41,1,Payment Link,Recovered
C12743,6251.4,UPI,Bank Declined,16,14,2,Yes,26,6965.88,3,No Action,Not Recovered
C12744,528.69,UPI,Temporary Failure,7,0,7,No,15,537.17,3,No Action,Not Recovered
C12745,3155.06,Card,Technical Error,3,2,1,No,6,1964.17,3,No Action,Recovered
C12746,4851.81,UPI,Authentication Failure,4,4,0,Yes,32,4460.73,2,No Action,Recovered
C12747,1592.78,NetBanking,Temporary Failure,7,3,4,No,5,1955.66,2,No Action,Not Recovered
C12748,5448.57,UPI,Temporary Failure,4,4,0,Yes,6,5690.15,3,No Action,Recovered
C12749,3396.4,UPI,Insufficient Funds,9,7,2,Yes,3,2804.18,3,No Action,Not Recovered
C12750,16292.01,UPI,Technical Error,17,5,12,Yes,29,21878.76,1,No Action,Recovered
C12751,14079.36,Wallet,Temporary Failure,17,8,9,No,19,11125.84,0,No Action,Recovered
C12752,2755.64,UPI,Temporary Failure,20,18,2,Yes,10,2210.54,3,No Action,Not Recovered
C12753,3545.3,Card,Bank Declined,14,11,3,Yes,7,3133.02,1,Reminder,Recovered
C12754,3770.23,UPI,Authentication Failure,14,6,8,No,1,4960.23,1,No Action,Not Recovered
C12755,2787.0,UPI,Insufficient Funds,13,12,1,No,1,2804.0,0,Payment Link,Not Recovered
C12756,4675.4,Card,Insufficient Funds,4,4,0,Yes,17,5356.81,1,Payment Link,Recovered
C12757,2180.75,Card,Authentication Failure,13,3,10,No,22,3011.64,0,No Action,Recovered
C12758,1618.99,Card,Bank Declined,17,4,13,No,36,1985.91,3,No Action,Not Recovered
C12759,6582.82,NetBanking,Technical Error,15,12,3,Yes,14,4858.65,2,No Action,Not Recovered
C12760,6618.83,UPI,Bank Declined,18,18,0,No,6,8145.68,0,Reminder,Not Recovered
C12761,2101.9,UPI,Authentication Failure,11,6,5,No,30,2519.48,3,No Action,Not Recovered
C12762,8187.26,Wallet,Bank Declined,4,3,1,Yes,33,6435.95,3,No Action,Recovered
C12763,2413.39,UPI,Authentication Failure,20,0,20,No,20,2076.19,2,No Action,Not Recovered
C12764,4898.0,Card,Bank Declined,11,0,11,No,16,5721.37,1,No Action,Not Recovered
C12765,7710.4,NetBanking,Technical Error,10,8,2,Yes,4,6096.72,0,Retry,Recovered
C12766,3893.87,UPI,Temporary Failure,13,6,7,No,34,2984.84,0,No Action,Not Recovered
C12767,5755.1,Card,Insufficient Funds,8,1,7,No,1,6691.9,1,Payment Link,Not Recovered
C12768,2646.27,UPI,Technical Error,13,10,3,Yes,13,3452.0,2,No Action,Recovered
C12769,3418.22,UPI,Temporary Failure,9,9,0,Yes,8,2256.07,0,Retry,Recovered
C12770,3392.63,UPI,Bank Declined,1,0,1,No,22,3245.82,0,No Action,Not Recovered
C12771,2201.26,NetBanking,Temporary Failure,1,0,1,Yes,4,2390.0,1,No Action,Not Recovered
C12772,3472.5,UPI,Technical Error,15,3,12,No,34,3962.2,3,No Action,Recovered
C12773,1158.82,Card,Temporary Failure,4,0,4,Yes,23,1618.82,2,No Action,Not Recovered
C12774,2700.32,Wallet,Technical Error,20,14,6,No,20,3094.98,3,No Action,Recovered
C12775,3184.81,Card,Bank Declined,1,1,0,No,24,3490.94,3,No Action,Not Recovered
C12776,3258.77,Card,Temporary Failure,12,10,2,Yes,27,4535.51,1,Retry,Recovered
C12777,3297.28,Card,Bank Declined,11,11,0,Yes,13,2138.4,0,Reminder,Not Recovered
C12778,3807.16,UPI,Temporary Failure,19,5,14,No,5,2511.01,1,No Action,Not Recovered
C12779,5869.96,Card,Insufficient Funds,15,3,12,Yes,16,6154.92,3,No Action,Not Recovered
C12780,8051.9,Card,Insufficient Funds,10,1,9,No,29,7141.49,1,Payment Link,Not Recovered
C12781,2378.53,Wallet,Temporary Failure,1,1,0,No,26,1611.12,2,No Action,Not Recovered
C12782,1527.65,Wallet,Authentication Failure,3,2,1,No,22,1291.11,3,No Action,Not Recovered
C12783,1737.87,NetBanking,Temporary Failure,14,14,0,No,24,1980.27,3,No Action,Not Recovered
C12784,2708.87,NetBanking,Bank Declined,15,7,8,No,13,3533.7,2,No Action,Not Recovered
C12785,3018.49,Card,Insufficient Funds,1,0,1,Yes,21,2038.87,1,Payment Link,Recovered
C12786,2160.41,Card,Bank Declined,10,6,4,No,1,2229.79,1,Reminder,Not Recovered
C12787,1418.22,NetBanking,Insufficient Funds,1,1,0,No,4,1186.9,1,Payment Link,Recovered
C12788,2777.07,UPI,Bank Declined,15,6,9,Yes,3,3148.81,0,No Action,Not Recovered
C12789,4624.81,Wallet,Technical Error,3,1,2,No,23,4807.77,3,No Action,Not Recovered
C12790,6438.64,UPI,Bank Declined,20,4,16,No,16,8636.59,2,No Action,Not Recovered
C12791,2560.89,Card,Temporary Failure,12,4,8,Yes,13,1613.74,3,No Action,Not Recovered
C12792,2874.55,Card,Bank Declined,19,14,5,Yes,31,2805.65,0,Reminder,Not Recovered
C12793,1905.86,Wallet,Temporary Failure,16,3,13,No,24,1437.41,3,No Action,Not Recovered
C12794,3900.65,UPI,Temporary Failure,8,0,8,Yes,15,4015.43,2,No Action,Not Recovered
C12795,2029.02,Card,Insufficient Funds,14,0,14,No,5,2602.96,2,No Action,Not Recovered
C12796,6326.81,Card,Insufficient Funds,18,0,18,No,22,8408.67,3,No Action,Not Recovered
C12797,958.49,UPI,Insufficient Funds,1,1,0,Yes,22,880.45,0,Payment Link,Recovered
C12798,2999.94,NetBanking,Technical Error,2,0,2,No,11,3748.2,3,No Action,Not Recovered
C12799,5089.5,Card,Insufficient Funds,12,1,11,No,24,4195.82,0,Payment Link,Not Recovered
C12800,4633.73,Card,Insufficient Funds,17,9,8,No,10,2803.61,1,Payment Link,Not Recovered
C12801,34491.79,UPI,Temporary Failure,2,2,0,No,34,44294.05,2,No Action,Recovered
C12802,5291.67,Card,Bank Declined,17,17,0,No,11,3680.51,3,No Action,Not Recovered
C12803,1791.5,Card,Bank Declined,7,0,7,No,29,1100.14,2,No Action,Not Recovered
C12804,3705.89,UPI,Insufficient Funds,6,1,5,No,22,3272.44,2,No Action,Not Recovered
C12805,965.89,UPI,Technical Error,6,5,1,Yes,33,872.69,3,No Action,Recovered
C12806,3750.22,Wallet,Bank Declined,8,8,0,No,8,2481.81,1,Reminder,Recovered
C12807,2054.12,Card,Insufficient Funds,5,5,0,Yes,32,2570.42,2,No Action,Recovered
C12808,8319.54,Card,Bank Declined,15,4,11,Yes,23,7691.2,2,No Action,Not Recovered
C12809,2577.09,UPI,Bank Declined,7,5,2,Yes,5,2556.32,0,Reminder,Not Recovered
C12810,3643.27,UPI,Bank Declined,3,0,3,No,31,2957.24,0,No Action,Not Recovered
C12811,2405.72,UPI,Temporary Failure,10,3,7,No,29,2427.87,1,No Action,Not Recovered
C12812,16076.77,UPI,Temporary Failure,3,3,0,No,6,19507.31,3,No Action,Not Recovered
C12813,3093.49,Card,Temporary Failure,14,14,0,Yes,25,4098.71,2,No Action,Not Recovered
C12814,17328.28,Card,Bank Declined,3,1,2,No,25,23851.05,1,No Action,Not Recovered
C12815,7672.29,Card,Authentication Failure,1,0,1,No,31,7222.53,3,No Action,Not Recovered
C12816,5882.3,UPI,Insufficient Funds,1,0,1,No,14,8188.32,0,Payment Link,Not Recovered
C12817,5372.43,Card,Temporary Failure,19,16,3,Yes,17,4491.16,2,No Action,Recovered
C12818,5481.24,UPI,Technical Error,4,2,2,Yes,16,3319.33,2,No Action,Recovered
C12819,855.69,UPI,Technical Error,2,0,2,No,28,1038.89,3,No Action,Recovered
C12820,3200.12,Wallet,Authentication Failure,11,0,11,No,9,2376.88,1,No Action,Not Recovered
C12821,7864.99,Card,Bank Declined,12,4,8,Yes,2,5049.04,2,No Action,Not Recovered
C12822,3846.55,Card,Authentication Failure,13,4,9,Yes,4,5151.33,2,No Action,Not Recovered
C12823,1299.71,UPI,Temporary Failure,16,12,4,Yes,20,1603.13,0,Retry,Recovered
C12824,3835.77,Wallet,Temporary Failure,16,4,12,No,36,2616.5,1,No Action,Not Recovered
C12825,15636.04,Card,Temporary Failure,19,4,15,No,6,19099.86,0,No Action,Not Recovered
C12826,10846.12,NetBanking,Technical Error,20,11,9,No,1,13830.97,3,No Action,Recovered
C12827,3806.43,UPI,Temporary Failure,20,1,19,No,3,5040.63,3,No Action,Not Recovered
C12828,8563.03,Wallet,Insufficient Funds,9,6,3,No,3,8862.35,1,Payment Link,Not Recovered
C12829,2983.48,NetBanking,Insufficient Funds,16,15,1,Yes,33,3468.98,0,Payment Link,Not Recovered
C12830,1023.47,NetBanking,Insufficient Funds,7,0,7,No,15,1238.19,3,No Action,Not Recovered
C12831,1909.27,UPI,Authentication Failure,13,13,0,Yes,4,2197.4,1,Reminder,Recovered
C12832,13965.71,UPI,Temporary Failure,4,4,0,No,15,15606.22,3,No Action,Recovered
C12833,3212.66,UPI,Insufficient Funds,13,11,2,Yes,7,3334.89,2,No Action,Recovered
C12834,3292.3,UPI,Technical Error,8,5,3,No,4,3237.5,2,No Action,Not Recovered
C12835,3146.92,NetBanking,Temporary Failure,2,0,2,No,3,4395.93,1,No Action,Recovered
C12836,18349.52,UPI,Bank Declined,7,2,5,No,23,15964.97,3,No Action,Not Recovered
C12837,14688.45,UPI,Technical Error,11,9,2,Yes,14,9850.3,1,Retry,Recovered
C12838,23601.7,UPI,Authentication Failure,17,16,1,Yes,6,28605.96,1,Reminder,Recovered
C12839,3522.1,UPI,Authentication Failure,14,14,0,Yes,33,2715.75,1,Reminder,Recovered
C12840,5067.23,UPI,Insufficient Funds,13,8,5,No,9,5199.76,2,No Action,Not Recovered
C12841,1188.84,NetBanking,Bank Declined,15,8,7,Yes,12,804.42,1,No Action,Recovered
C12842,13037.66,Card,Temporary Failure,9,0,9,No,35,14281.81,2,No Action,Recovered
C12843,1571.56,UPI,Temporary Failure,3,3,0,No,31,2129.79,2,No Action,Recovered
C12844,4757.46,UPI,Temporary Failure,13,7,6,No,3,5605.07,3,No Action,Not Recovered
C12845,1662.72,UPI,Insufficient Funds,13,1,12,No,36,1283.0,1,Payment Link,Not Recovered
C12846,2497.28,UPI,Authentication Failure,9,7,2,No,13,3438.53,3,No Action,Recovered
C12847,2047.22,Card,Insufficient Funds,18,12,6,Yes,13,1731.27,2,No Action,Not Recovered
C12848,2459.59,Card,Bank Declined,5,3,2,No,34,2334.87,1,Reminder,Not Recovered
C12849,2598.66,Card,Insufficient Funds,11,8,3,Yes,21,2594.75,2,No Action,Recovered
C12850,2579.72,Card,Insufficient Funds,2,0,2,No,34,3592.45,1,Payment Link,Not Recovered
C12851,7790.94,UPI,Authentication Failure,17,13,4,Yes,28,5103.95,1,Reminder,Recovered
C12852,1652.69,Wallet,Temporary Failure,20,0,20,Yes,35,1912.79,0,No Action,Recovered
C12853,4771.82,NetBanking,Bank Declined,4,0,4,Yes,14,4244.75,3,No Action,Not Recovered
C12854,10597.96,Wallet,Insufficient Funds,18,3,15,No,18,7022.85,0,Payment Link,Not Recovered
C12855,2653.12,UPI,Temporary Failure,20,11,9,No,19,3576.47,1,No Action,Not Recovered
C12856,2252.32,Wallet,Insufficient Funds,8,7,1,No,19,2414.23,0,Payment Link,Recovered
C12857,3326.35,NetBanking,Technical Error,19,13,6,Yes,33,4000.98,2,No Action,Recovered
C12858,10278.71,NetBanking,Temporary Failure,12,8,4,No,35,8143.91,1,Reminder,Recovered
C12859,4671.97,UPI,Temporary Failure,11,2,9,No,20,5649.5,1,No Action,Not Recovered
C12860,2615.15,Card,Temporary Failure,16,5,11,No,29,3302.36,1,No Action,Not Recovered
C12861,5890.82,Wallet,Technical Error,5,2,3,No,8,5564.84,0,No Action,Not Recovered
C12862,1656.09,Card,Technical Error,3,0,3,No,25,1751.42,3,No Action,Not Recovered
C12863,6899.04,Card,Bank Declined,12,9,3,Yes,17,9503.41,3,No Action,Not Recovered
C12864,5546.57,Wallet,Insufficient Funds,15,5,10,No,1,7085.1,3,No Action,Not Recovered
C12865,3126.92,UPI,Authentication Failure,16,2,14,No,30,2988.96,0,No Action,Not Recovered
C12866,2045.06,Card,Technical Error,13,13,0,Yes,28,2314.31,2,No Action,Not Recovered
C12867,1967.87,Card,Technical Error,7,5,2,Yes,33,2415.33,0,Retry,Recovered
C12868,6135.85,Wallet,Technical Error,15,3,12,Yes,13,3800.93,3,No Action,Recovered
C12869,10691.82,UPI,Bank Declined,3,1,2,No,24,11447.65,0,No Action,Not Recovered
C12870,2402.35,Card,Insufficient Funds,12,11,1,Yes,22,3333.56,2,No Action,Not Recovered
C12871,5771.91,Card,Authentication Failure,8,3,5,Yes,13,7836.78,1,No Action,Recovered
C12872,753.27,NetBanking,Authentication Failure,12,3,9,No,12,953.6,1,No Action,Not Recovered
C12873,2505.78,Card,Temporary Failure,18,18,0,Yes,7,1716.39,3,No Action,Recovered
C12874,3901.84,Wallet,Temporary Failure,3,1,2,No,36,5443.98,3,No Action,Not Recovered
C12875,1931.98,Wallet,Authentication Failure,12,0,12,No,29,2101.28,2,No Action,Not Recovered
C12876,1890.97,UPI,Temporary Failure,2,0,2,No,29,1471.79,0,No Action,Recovered
C12877,2344.5,UPI,Authentication Failure,14,10,4,Yes,26,2671.36,2,No Action,Not Recovered
C12878,5053.34,UPI,Insufficient Funds,14,9,5,No,27,6494.65,2,No Action,Not Recovered
C12879,3443.3,UPI,Temporary Failure,4,2,2,No,24,2375.4,1,No Action,Not Recovered
C12880,667.45,Card,Temporary Failure,17,11,6,Yes,31,889.81,0,Reminder,Recovered
C12881,733.25,Wallet,Temporary Failure,15,2,13,No,7,979.74,1,No Action,Not Recovered
C12882,2461.58,NetBanking,Temporary Failure,16,16,0,No,17,1503.46,1,Retry,Recovered
C12883,5768.68,UPI,Insufficient Funds,5,4,1,Yes,33,7616.13,2,No Action,Not Recovered
C12884,444.1,UPI,Technical Error,17,15,2,Yes,34,602.85,1,Retry,Recovered
C12885,2681.86,Card,Authentication Failure,7,7,0,Yes,18,1689.98,3,No Action,Not Recovered
C12886,2625.56,Card,Insufficient Funds,15,13,2,Yes,5,2193.22,3,No Action,Not Recovered
C12887,12145.57,UPI,Bank Declined,17,5,12,No,1,10912.62,1,No Action,Not Recovered
C12888,2939.61,NetBanking,Bank Declined,12,2,10,Yes,7,2584.25,1,No Action,Recovered
C12889,5434.05,Wallet,Bank Declined,11,5,6,No,34,6560.0,0,No Action,Recovered
C12890,4478.55,UPI,Bank Declined,19,11,8,No,3,3970.16,3,No Action,Not Recovered
C12891,727.49,NetBanking,Temporary Failure,11,3,8,No,36,993.22,0,No Action,Not Recovered
C12892,7395.41,UPI,Temporary Failure,2,1,1,No,35,10323.95,1,No Action,Not Recovered
C12893,4752.22,Card,Temporary Failure,15,10,5,Yes,12,4055.81,3,No Action,Not Recovered
C12894,6006.9,Card,Temporary Failure,5,2,3,No,15,6049.19,2,No Action,Not Recovered
C12895,50000.0,UPI,Technical Error,18,0,18,Yes,4,52308.23,2,No Action,Not Recovered
C12896,755.03,Wallet,Temporary Failure,16,15,1,Yes,33,802.99,1,Retry,Recovered
C12897,15895.75,Card,Authentication Failure,4,0,4,No,16,14296.12,0,No Action,Not Recovered
C12898,3178.27,Card,Authentication Failure,10,4,6,No,29,2329.02,2,No Action,Recovered
C12899,5033.71,UPI,Authentication Failure,2,0,2,No,6,3239.94,2,No Action,Not Recovered
C12900,3856.98,UPI,Authentication Failure,15,4,11,Yes,23,2642.34,3,No Action,Not Recovered
C12901,2848.82,UPI,Temporary Failure,4,3,1,Yes,13,3763.39,0,Retry,Not Recovered
C12902,2535.59,Card,Bank Declined,16,7,9,No,1,2090.09,0,No Action,Not Recovered
C12903,5206.47,Card,Temporary Failure,7,4,3,No,12,3443.86,2,No Action,Not Recovered
C12904,1188.34,UPI,Technical Error,12,4,8,No,27,1305.78,1,No Action,Not Recovered
C12905,7291.85,Card,Authentication Failure,3,0,3,No,25,4814.41,2,No Action,Not Recovered
C12906,2867.21,Card,Authentication Failure,17,6,11,No,22,1881.01,0,No Action,Not Recovered
C12907,1619.7,Card,Insufficient Funds,9,3,6,Yes,34,1777.23,3,No Action,Recovered
C12908,2790.68,Card,Technical Error,8,4,4,No,18,2994.72,0,No Action,Not Recovered
C12909,10935.49,Wallet,Temporary Failure,6,4,2,No,16,6924.15,3,No Action,Not Recovered
C12910,2606.55,Card,Temporary Failure,15,5,10,No,29,2524.14,3,No Action,Recovered
C12911,5328.43,Card,Technical Error,10,6,4,No,30,5054.63,3,No Action,Recovered
C12912,2228.95,UPI,Insufficient Funds,6,2,4,Yes,30,2312.2,0,Payment Link,Not Recovered
C12913,7334.81,UPI,Authentication Failure,15,1,14,Yes,20,8730.45,0,No Action,Not Recovered
C12914,6921.97,UPI,Temporary Failure,14,14,0,No,22,5719.21,1,Retry,Not Recovered
C12915,17552.24,Card,Authentication Failure,19,0,19,No,34,16608.35,2,No Action,Not Recovered
C12916,3475.86,UPI,Insufficient Funds,13,11,2,No,4,4289.89,0,Payment Link,Not Recovered
C12917,6829.27,UPI,Technical Error,14,2,12,No,31,9137.87,3,No Action,Recovered
C12918,4326.45,NetBanking,Technical Error,3,1,2,Yes,14,5680.88,0,No Action,Recovered
C12919,11279.55,UPI,Authentication Failure,4,3,1,Yes,8,11077.7,0,Reminder,Recovered
C12920,2250.67,UPI,Temporary Failure,14,0,14,No,5,2288.24,2,No Action,Recovered
C12921,7259.41,UPI,Authentication Failure,14,3,11,No,8,7428.44,0,No Action,Recovered
C12922,3423.07,NetBanking,Temporary Failure,8,5,3,No,11,4432.78,3,No Action,Not Recovered
C12923,3799.78,UPI,Temporary Failure,10,4,6,No,29,4833.14,2,No Action,Not Recovered
C12924,4304.65,Card,Insufficient Funds,9,3,6,No,21,3655.62,1,Payment Link,Not Recovered
C12925,4894.38,Card,Technical Error,14,6,8,No,13,3574.27,3,No Action,Not Recovered
C12926,3644.84,Card,Insufficient Funds,8,5,3,Yes,19,3291.95,3,No Action,Recovered
C12927,4749.62,Card,Technical Error,11,2,9,No,3,3945.63,0,No Action,Not Recovered
C12928,14136.91,NetBanking,Technical Error,10,8,2,No,34,19235.03,1,Retry,Not Recovered
C12929,8799.14,UPI,Temporary Failure,18,14,4,No,19,7151.35,2,No Action,Recovered
C12930,8017.43,UPI,Authentication Failure,4,4,0,No,32,5972.71,1,Reminder,Not Recovered
C12931,2778.37,UPI,Temporary Failure,4,4,0,Yes,36,3666.29,0,Retry,Not Recovered
C12932,1963.84,UPI,Authentication Failure,12,9,3,Yes,14,1314.17,1,Reminder,Recovered
C12933,8589.45,UPI,Insufficient Funds,18,0,18,No,7,6942.1,3,No Action,Not Recovered
C12934,8061.76,UPI,Bank Declined,8,5,3,No,20,7669.06,3,No Action,Not Recovered
C12935,12993.26,Card,Insufficient Funds,3,0,3,No,32,13981.86,1,Payment Link,Not Recovered
C12936,2467.26,Card,Temporary Failure,18,11,7,Yes,31,2127.12,1,Reminder,Recovered
C12937,3328.94,UPI,Insufficient Funds,7,0,7,Yes,22,3318.91,3,No Action,Not Recovered
C12938,1077.57,Card,Temporary Failure,1,0,1,No,5,817.95,1,No Action,Not Recovered
C12939,2922.14,UPI,Temporary Failure,13,1,12,No,31,3095.77,3,No Action,Not Recovered
C12940,8877.77,UPI,Temporary Failure,3,3,0,Yes,15,8223.07,1,Retry,Not Recovered
C12941,2754.12,Card,Insufficient Funds,3,1,2,No,17,3523.64,2,No Action,Not Recovered
C12942,6677.06,UPI,Technical Error,15,7,8,Yes,19,6226.94,2,No Action,Recovered
C12943,3434.57,UPI,Bank Declined,19,13,6,Yes,10,3280.19,0,Reminder,Not Recovered
C12944,5183.81,UPI,Authentication Failure,4,4,0,Yes,34,5566.06,3,No Action,Recovered
C12945,1597.02,Wallet,Bank Declined,13,5,8,No,25,1115.58,2,No Action,Not Recovered
C12946,4282.18,Card,Bank Declined,13,1,12,No,28,3106.45,3,No Action,Not Recovered
C12947,365.45,UPI,Bank Declined,15,10,5,Yes,15,450.3,2,No Action,Not Recovered
C12948,3444.5,NetBanking,Insufficient Funds,19,10,9,No,20,2820.13,0,Payment Link,Not Recovered
C12949,1085.36,Card,Bank Declined,16,2,14,No,13,1245.73,3,No Action,Not Recovered
C12950,10497.0,Card,Temporary Failure,7,5,2,Yes,20,7116.35,2,No Action,Recovered
C12951,7450.05,NetBanking,Authentication Failure,3,1,2,No,31,9368.27,3,No Action,Not Recovered
C12952,5810.29,UPI,Technical Error,20,15,5,Yes,18,8079.69,0,Retry,Recovered
C12953,13505.53,UPI,Temporary Failure,2,0,2,No,28,12140.83,0,No Action,Not Recovered
C12954,1872.29,Card,Technical Error,18,15,3,Yes,4,1880.57,2,No Action,Not Recovered
C12955,16186.62,Card,Temporary Failure,11,8,3,Yes,24,15444.78,1,Retry,Recovered
C12956,8432.11,Card,Temporary Failure,1,0,1,Yes,9,11091.18,0,No Action,Recovered
C12957,3310.34,Card,Temporary Failure,16,9,7,Yes,32,2012.51,1,No Action,Recovered
C12958,9922.36,Wallet,Technical Error,17,16,1,Yes,32,11140.5,0,Retry,Recovered
C12959,1650.8,Wallet,Technical Error,16,16,0,Yes,21,1852.02,2,No Action,Recovered
C12960,2068.21,NetBanking,Technical Error,10,9,1,Yes,27,1873.61,1,Retry,Recovered
C12961,2458.18,NetBanking,Temporary Failure,17,7,10,No,36,1906.24,3,No Action,Recovered
C12962,2619.84,Wallet,Bank Declined,3,2,1,Yes,8,2074.25,0,Reminder,Recovered
C12963,1717.81,UPI,Technical Error,18,13,5,Yes,19,2130.72,2,No Action,Recovered
C12964,10641.49,UPI,Temporary Failure,19,17,2,Yes,29,6947.64,3,No Action,Recovered
C12965,3251.81,Card,Bank Declined,14,4,10,No,19,3417.85,1,No Action,Not Recovered
C12966,5303.14,NetBanking,Temporary Failure,2,2,0,No,5,4483.66,2,No Action,Not Recovered
C12967,2534.54,Card,Temporary Failure,12,1,11,No,22,2058.55,3,No Action,Not Recovered
C12968,932.22,Card,Insufficient Funds,11,9,2,Yes,35,936.5,2,No Action,Recovered
C12969,4964.64,UPI,Bank Declined,17,0,17,No,10,6544.83,1,No Action,Not Recovered
C12970,866.31,UPI,Temporary Failure,6,0,6,No,15,948.15,3,No Action,Not Recovered
C12971,3786.29,Card,Temporary Failure,19,17,2,No,2,4660.5,0,Retry,Not Recovered
C12972,1338.62,UPI,Temporary Failure,13,12,1,Yes,22,1446.44,0,Retry,Recovered
C12973,19611.48,UPI,Temporary Failure,7,2,5,No,35,22713.48,2,No Action,Not Recovered
C12974,8292.77,UPI,Temporary Failure,11,0,11,Yes,19,7844.35,0,No Action,Recovered
C12975,4353.14,UPI,Insufficient Funds,7,5,2,Yes,12,5836.63,1,Payment Link,Recovered
C12976,10993.01,Card,Bank Declined,13,6,7,No,34,11010.06,1,No Action,Recovered
C12977,2032.45,UPI,Insufficient Funds,13,8,5,No,20,2116.63,3,No Action,Recovered
C12978,6178.51,Card,Technical Error,1,1,0,Yes,7,6301.91,3,No Action,Recovered
C12979,4693.33,UPI,Technical Error,19,15,4,Yes,24,4003.18,3,No Action,Recovered
C12980,4940.72,NetBanking,Temporary Failure,19,10,9,No,3,3878.42,2,No Action,Recovered
C12981,11069.32,UPI,Temporary Failure,15,6,9,No,6,7295.43,2,No Action,Not Recovered
C12982,7187.1,Card,Authentication Failure,14,8,6,No,33,8441.54,1,No Action,Not Recovered
C12983,5039.33,Card,Temporary Failure,3,2,1,Yes,34,4189.8,1,Reminder,Recovered
C12984,1064.37,UPI,Temporary Failure,20,0,20,No,33,970.02,2,No Action,Not Recovered
C12985,1855.69,NetBanking,Temporary Failure,4,0,4,Yes,29,2479.1,3,No Action,Not Recovered
C12986,3625.99,Card,Bank Declined,7,1,6,No,23,3818.74,2,No Action,Not Recovered
C12987,4310.23,UPI,Bank Declined,1,1,0,No,4,2920.88,3,No Action,Not Recovered
C12988,1619.52,UPI,Authentication Failure,19,17,2,Yes,5,2007.7,1,Reminder,Recovered
C12989,27539.9,Wallet,Authentication Failure,3,2,1,No,34,22166.99,3,No Action,Not Recovered
C12990,13455.79,NetBanking,Insufficient Funds,20,13,7,Yes,16,14023.15,2,No Action,Not Recovered
C12991,6475.26,UPI,Insufficient Funds,15,11,4,Yes,3,6526.97,0,Payment Link,Not Recovered
C12992,4237.29,UPI,Temporary Failure,13,10,3,No,14,3349.42,1,Retry,Recovered
C12993,3375.45,NetBanking,Temporary Failure,14,7,7,No,33,2337.89,1,No Action,Recovered
C12994,1867.8,Card,Temporary Failure,7,4,3,Yes,28,1436.36,2,No Action,Recovered
C12995,4255.78,NetBanking,Temporary Failure,1,1,0,No,15,2884.87,2,No Action,Recovered
C12996,4916.01,UPI,Temporary Failure,13,3,10,No,4,4033.6,1,No Action,Recovered
C12997,1481.25,Card,Temporary Failure,4,2,2,Yes,20,2070.55,2,No Action,Not Recovered
C12998,5225.94,UPI,Insufficient Funds,12,12,0,Yes,25,4816.61,3,No Action,Recovered
C12999,3532.79,UPI,Authentication Failure,7,0,7,No,35,4561.22,3,No Action,Not Recovered
C13000,869.4,Card,Bank Declined,2,0,2,Yes,22,903.6,3,No Action,Not Recovered
C13001,2009.7,Wallet,Authentication Failure,17,14,3,No,35,2277.53,0,Reminder,Not Recovered
C13002,2873.15,UPI,Insufficient Funds,1,1,0,No,28,2083.26,2,No Action,Not Recovered
C13003,18109.64,Card,Insufficient Funds,14,14,0,No,10,14847.09,3,No Action,Not Recovered
C13004,6243.47,Card,Insufficient Funds,1,0,1,No,16,6295.63,1,Payment Link,Not Recovered
C13005,1374.25,Card,Temporary Failure,3,2,1,No,23,1793.28,3,No Action,Not Recovered
C13006,5901.01,NetBanking,Temporary Failure,11,6,5,No,19,3743.07,3,No Action,Recovered
C13007,1160.04,NetBanking,Authentication Failure,7,2,5,No,1,1166.46,2,No Action,Not Recovered
C13008,9510.98,UPI,Authentication Failure,9,4,5,No,1,6094.73,1,No Action,Not Recovered
C13009,2743.94,Wallet,Temporary Failure,3,3,0,Yes,26,2649.16,0,Retry,Not Recovered
C13010,3711.31,NetBanking,Temporary Failure,1,1,0,Yes,34,4093.93,1,Retry,Recovered
C13011,11552.84,NetBanking,Insufficient Funds,19,9,10,Yes,2,13814.64,3,No Action,Not Recovered
C13012,1428.41,Card,Temporary Failure,2,1,1,No,28,1015.35,0,No Action,Not Recovered
C13013,1308.13,NetBanking,Insufficient Funds,5,0,5,No,20,959.2,0,Payment Link,Not Recovered
C13014,2507.82,UPI,Temporary Failure,17,2,15,No,27,2447.76,0,No Action,Recovered
C13015,9179.73,UPI,Insufficient Funds,19,0,19,No,28,12837.2,0,Payment Link,Not Recovered
C13016,1186.27,NetBanking,Temporary Failure,5,5,0,Yes,31,1049.66,0,Retry,Recovered
C13017,415.02,UPI,Insufficient Funds,14,14,0,Yes,7,390.96,2,No Action,Not Recovered
C13018,2788.12,UPI,Temporary Failure,10,0,10,No,8,2637.44,3,No Action,Not Recovered
C13019,6219.48,NetBanking,Insufficient Funds,7,6,1,No,32,4133.22,0,Payment Link,Recovered
C13020,10448.97,NetBanking,Authentication Failure,8,4,4,No,11,12740.82,3,No Action,Not Recovered
C13021,2761.48,UPI,Insufficient Funds,8,5,3,Yes,26,2216.04,2,No Action,Not Recovered
C13022,2878.17,NetBanking,Authentication Failure,7,7,0,Yes,25,3347.12,2,No Action,Recovered
C13023,10068.53,Card,Technical Error,13,11,2,Yes,7,9867.88,2,No Action,Not Recovered
C13024,896.28,Card,Authentication Failure,14,2,12,No,20,976.43,1,No Action,Not Recovered
C13025,2931.39,NetBanking,Technical Error,19,13,6,Yes,30,1885.4,1,Reminder,Not Recovered
C13026,4658.22,UPI,Bank Declined,11,2,9,No,1,6111.46,0,No Action,Not Recovered
C13027,5729.74,UPI,Authentication Failure,2,2,0,Yes,18,4555.63,2,No Action,Recovered
C13028,2660.33,UPI,Temporary Failure,17,0,17,No,8,3022.34,1,No Action,Recovered
C13029,4111.74,Card,Insufficient Funds,6,4,2,Yes,29,5092.04,2,No Action,Not Recovered
C13030,546.42,Card,Authentication Failure,9,0,9,No,22,563.92,1,No Action,Not Recovered
C13031,2362.44,NetBanking,Technical Error,19,9,10,No,32,2055.01,2,No Action,Not Recovered
C13032,5749.43,NetBanking,Authentication Failure,5,2,3,Yes,14,7947.57,1,No Action,Recovered
C13033,1822.96,Card,Technical Error,9,5,4,Yes,2,1499.84,3,No Action,Recovered
C13034,4193.27,NetBanking,Authentication Failure,7,2,5,No,35,5698.36,0,No Action,Recovered
C13035,5718.99,UPI,Technical Error,4,2,2,No,7,4146.15,0,No Action,Not Recovered
C13036,3041.21,UPI,Technical Error,18,15,3,Yes,3,2771.69,3,No Action,Not Recovered
C13037,4584.43,NetBanking,Bank Declined,18,8,10,No,15,3258.6,0,No Action,Not Recovered
C13038,1851.71,UPI,Authentication Failure,20,7,13,No,34,1114.34,2,No Action,Not Recovered
C13039,3390.59,UPI,Technical Error,17,2,15,Yes,22,2740.3,0,No Action,Not Recovered
C13040,6517.35,Card,Technical Error,4,4,0,Yes,18,4365.11,0,Retry,Recovered
C13041,4535.22,UPI,Bank Declined,16,13,3,Yes,18,6299.77,1,Reminder,Not Recovered
C13042,2501.95,NetBanking,Insufficient Funds,5,4,1,Yes,34,3025.66,1,Payment Link,Recovered
C13043,4785.87,UPI,Temporary Failure,9,2,7,Yes,36,2885.71,3,No Action,Not Recovered
C13044,7085.02,UPI,Authentication Failure,2,0,2,No,18,5518.64,1,No Action,Not Recovered
C13045,775.96,UPI,Bank Declined,2,0,2,Yes,29,881.57,3,No Action,Not Recovered
C13046,10110.29,Card,Temporary Failure,4,3,1,Yes,12,9289.76,0,Retry,Recovered
C13047,3056.56,UPI,Temporary Failure,20,19,1,Yes,18,3868.0,1,Retry,Recovered
C13048,5621.99,Card,Technical Error,20,1,19,No,31,5643.85,1,No Action,Not Recovered
C13049,10423.8,NetBanking,Technical Error,17,6,11,Yes,15,11705.11,0,No Action,Recovered
C13050,1335.03,Wallet,Technical Error,20,0,20,Yes,30,1438.67,1,No Action,Not Recovered
C13051,2267.64,UPI,Bank Declined,19,17,2,Yes,36,2518.29,2,No Action,Not Recovered
C13052,3175.47,Card,Insufficient Funds,3,1,2,No,28,2489.82,1,Payment Link,Not Recovered
C13053,2136.76,Card,Insufficient Funds,5,5,0,Yes,15,1920.16,2,No Action,Recovered
C13054,16026.5,Wallet,Temporary Failure,10,6,4,Yes,33,10265.03,3,No Action,Recovered
C13055,2015.52,Wallet,Technical Error,6,3,3,No,2,2156.83,1,No Action,Not Recovered
C13056,2564.74,UPI,Temporary Failure,3,1,2,No,8,2481.15,1,No Action,Not Recovered
C13057,4710.55,Card,Bank Declined,17,10,7,No,33,5693.04,2,No Action,Not Recovered
C13058,1528.94,UPI,Bank Declined,10,5,5,No,35,1169.8,0,No Action,Not Recovered
C13059,2914.65,UPI,Bank Declined,12,12,0,Yes,18,2767.31,3,No Action,Not Recovered
C13060,5156.49,UPI,Authentication Failure,1,0,1,No,26,3839.5,3,No Action,Not Recovered
C13061,3064.87,Card,Temporary Failure,18,3,15,No,21,3344.34,2,No Action,Recovered
C13062,3712.05,Card,Technical Error,19,18,1,Yes,28,4745.57,0,Retry,Recovered
C13063,2619.09,UPI,Temporary Failure,20,12,8,No,20,3175.27,1,Reminder,Recovered
C13064,1190.91,Card,Temporary Failure,4,2,2,No,20,1614.11,0,No Action,Recovered
C13065,5173.6,UPI,Insufficient Funds,15,2,13,No,4,7126.02,0,Payment Link,Not Recovered
C13066,16284.94,Card,Temporary Failure,9,1,8,No,36,19828.98,2,No Action,Recovered
C13067,4059.32,UPI,Technical Error,6,3,3,No,34,3366.98,0,No Action,Recovered
C13068,4789.88,UPI,Bank Declined,12,8,4,No,13,3714.12,0,Reminder,Not Recovered
C13069,6962.04,UPI,Temporary Failure,18,7,11,Yes,31,6669.91,2,No Action,Not Recovered
C13070,1448.94,UPI,Temporary Failure,15,4,11,No,7,2021.43,0,No Action,Not Recovered
C13071,15616.16,Card,Bank Declined,19,13,6,Yes,17,14525.13,0,Reminder,Recovered
C13072,4702.8,UPI,Technical Error,9,8,1,Yes,12,3570.62,3,No Action,Recovered
C13073,14757.92,Card,Insufficient Funds,13,12,1,Yes,30,20003.98,2,No Action,Not Recovered
C13074,2225.25,UPI,Bank Declined,16,5,11,No,34,2022.16,2,No Action,Not Recovered
C13075,17128.5,Card,Technical Error,13,6,7,Yes,22,19744.35,2,No Action,Not Recovered
C13076,7436.64,NetBanking,Bank Declined,1,1,0,No,21,9150.95,0,Reminder,Recovered
C13077,6225.95,UPI,Temporary Failure,18,2,16,No,9,7935.13,3,No Action,Not Recovered
C13078,4823.57,Card,Bank Declined,3,1,2,No,12,6063.34,3,No Action,Not Recovered
C13079,3278.78,UPI,Bank Declined,17,9,8,No,17,4160.76,1,No Action,Not Recovered
C13080,10451.23,Card,Technical Error,5,1,4,No,16,11852.98,2,No Action,Not Recovered
C13081,4475.34,UPI,Bank Declined,6,0,6,No,5,4131.03,3,No Action,Not Recovered
C13082,829.14,Card,Authentication Failure,17,11,6,Yes,19,940.1,3,No Action,Not Recovered
C13083,1636.48,Card,Temporary Failure,17,7,10,No,28,2077.33,3,No Action,Not Recovered
C13084,3447.39,Wallet,Authentication Failure,1,1,0,No,17,3035.48,2,No Action,Not Recovered
C13085,5125.84,Card,Bank Declined,7,0,7,No,22,4291.39,0,No Action,Not Recovered
C13086,3822.95,Card,Bank Declined,16,16,0,No,35,3344.95,1,Reminder,Recovered
C13087,10606.54,UPI,Temporary Failure,5,1,4,No,15,11041.69,1,No Action,Recovered
C13088,839.8,Wallet,Insufficient Funds,16,16,0,Yes,19,539.11,0,Payment Link,Recovered
C13089,4486.91,NetBanking,Technical Error,4,3,1,Yes,26,5488.28,2,No Action,Not Recovered
C13090,934.18,UPI,Technical Error,11,5,6,No,35,664.28,3,No Action,Not Recovered
C13091,7345.33,NetBanking,Temporary Failure,14,9,5,Yes,23,5187.79,0,Reminder,Recovered
C13092,3708.87,UPI,Bank Declined,13,0,13,No,10,2811.8,1,No Action,Not Recovered
C13093,5595.61,NetBanking,Temporary Failure,8,4,4,No,22,5939.97,2,No Action,Not Recovered
C13094,2004.09,NetBanking,Authentication Failure,20,0,20,No,11,1660.3,3,No Action,Not Recovered
C13095,11132.47,UPI,Authentication Failure,15,8,7,No,26,9957.69,1,No Action,Not Recovered
C13096,9204.33,Card,Temporary Failure,18,2,16,No,1,12382.76,1,No Action,Recovered
C13097,6379.76,UPI,Authentication Failure,7,7,0,Yes,36,8151.81,1,Reminder,Recovered
C13098,3606.29,UPI,Authentication Failure,19,5,14,No,21,4622.37,3,No Action,Not Recovered
C13099,6360.97,UPI,Insufficient Funds,9,6,3,Yes,8,6756.07,1,Payment Link,Not Recovered
C13100,2272.27,Card,Technical Error,11,8,3,Yes,20,2938.44,2,No Action,Recovered
C13101,7930.68,UPI,Insufficient Funds,10,4,6,Yes,17,9698.05,2,No Action,Not Recovered
C13102,14967.47,UPI,Bank Declined,14,12,2,No,15,20394.52,3,No Action,Not Recovered
C13103,9419.51,Card,Insufficient Funds,16,15,1,No,21,6136.76,2,No Action,Not Recovered
C13104,2231.36,UPI,Insufficient Funds,8,1,7,Yes,1,1390.1,0,Payment Link,Recovered
C13105,5341.08,UPI,Insufficient Funds,1,0,1,No,3,3952.53,2,No Action,Not Recovered
C13106,1421.6,UPI,Temporary Failure,12,2,10,No,31,1909.59,1,No Action,Not Recovered
C13107,6323.08,UPI,Technical Error,3,3,0,Yes,31,6857.08,1,Retry,Recovered
C13108,5736.09,Card,Insufficient Funds,2,1,1,Yes,21,5397.03,2,No Action,Recovered
C13109,896.23,UPI,Insufficient Funds,16,9,7,No,23,905.34,2,No Action,Not Recovered
C13110,1579.12,Wallet,Authentication Failure,4,2,2,No,17,1995.51,3,No Action,Recovered
C13111,3189.24,Card,Insufficient Funds,2,2,0,Yes,22,4284.07,3,No Action,Recovered
C13112,3144.35,UPI,Bank Declined,12,6,6,No,22,3722.15,0,No Action,Not Recovered
C13113,1520.0,UPI,Authentication Failure,17,3,14,No,36,1835.97,2,No Action,Not Recovered
C13114,5460.16,UPI,Authentication Failure,20,9,11,Yes,8,4675.55,0,No Action,Not Recovered
C13115,4891.37,Card,Temporary Failure,10,10,0,Yes,8,4762.38,2,No Action,Recovered
C13116,3424.24,UPI,Insufficient Funds,20,10,10,No,14,4479.48,0,Payment Link,Not Recovered
C13117,2185.1,UPI,Authentication Failure,8,7,1,Yes,24,2684.94,2,No Action,Recovered
C13118,9255.89,NetBanking,Insufficient Funds,18,8,10,No,22,10620.36,2,No Action,Not Recovered
C13119,15038.6,UPI,Insufficient Funds,18,7,11,No,15,9808.14,2,No Action,Not Recovered
C13120,2716.77,UPI,Temporary Failure,18,11,7,No,20,1715.93,0,Reminder,Not Recovered
C13121,2451.16,NetBanking,Temporary Failure,2,0,2,No,27,1726.42,1,No Action,Not Recovered
C13122,5925.47,Card,Technical Error,12,6,6,No,28,6311.29,3,No Action,Recovered
C13123,3003.78,UPI,Technical Error,10,2,8,No,22,3091.22,3,No Action,Recovered
C13124,3577.9,Card,Authentication Failure,8,3,5,Yes,31,4845.02,0,No Action,Not Recovered
C13125,7228.39,UPI,Technical Error,19,5,14,No,9,8354.63,2,No Action,Not Recovered
C13126,868.32,Card,Temporary Failure,10,4,6,No,23,725.2,1,No Action,Not Recovered
C13127,11483.79,Card,Temporary Failure,11,7,4,Yes,5,8373.95,0,Reminder,Recovered
C13128,4239.47,NetBanking,Authentication Failure,14,1,13,No,17,5424.94,0,No Action,Not Recovered
C13129,2878.01,Wallet,Insufficient Funds,15,4,11,No,5,2785.05,3,No Action,Not Recovered
C13130,3724.4,Wallet,Insufficient Funds,10,4,6,Yes,7,4181.67,3,No Action,Not Recovered
C13131,3881.56,Wallet,Authentication Failure,4,2,2,No,8,4083.85,1,No Action,Recovered
C13132,1001.33,Card,Bank Declined,7,5,2,Yes,7,686.88,2,No Action,Not Recovered
C13133,13226.8,UPI,Temporary Failure,11,9,2,Yes,22,8539.84,1,Retry,Recovered
C13134,4134.45,Card,Authentication Failure,3,2,1,No,21,3727.68,3,No Action,Recovered
C13135,5701.31,Card,Authentication Failure,5,4,1,Yes,4,5069.83,2,No Action,Not Recovered
C13136,8563.72,NetBanking,Temporary Failure,2,0,2,Yes,32,9754.41,1,No Action,Recovered
C13137,1767.14,UPI,Authentication Failure,12,3,9,No,29,1954.03,0,No Action,Recovered
C13138,5841.99,Wallet,Insufficient Funds,5,2,3,Yes,30,8033.63,0,Payment Link,Not Recovered
C13139,3229.03,NetBanking,Bank Declined,7,4,3,No,3,4154.08,0,No Action,Not Recovered
C13140,7875.14,Wallet,Authentication Failure,4,1,3,No,5,7853.61,2,No Action,Not Recovered
C13141,729.43,NetBanking,Authentication Failure,11,8,3,Yes,19,729.44,2,No Action,Not Recovered
C13142,3695.14,UPI,Temporary Failure,9,6,3,Yes,8,4209.89,3,No Action,Not Recovered
C13143,2469.55,UPI,Temporary Failure,4,0,4,No,31,1707.13,1,No Action,Not Recovered
C13144,5652.54,UPI,Temporary Failure,9,2,7,No,27,7913.06,2,No Action,Not Recovered
C13145,5825.99,UPI,Bank Declined,12,8,4,Yes,13,5913.65,2,No Action,Not Recovered
C13146,2270.94,Card,Temporary Failure,16,3,13,Yes,6,3015.64,1,No Action,Not Recovered
C13147,2262.69,NetBanking,Insufficient Funds,1,1,0,No,1,3108.68,3,No Action,Not Recovered
C13148,3661.09,NetBanking,Temporary Failure,8,5,3,Yes,30,3900.21,2,No Action,Not Recovered
C13149,1952.25,Card,Insufficient Funds,1,0,1,No,11,1332.76,1,Payment Link,Not Recovered
C13150,7845.04,UPI,Temporary Failure,20,18,2,Yes,31,8305.36,2,No Action,Recovered
C13151,2977.04,UPI,Technical Error,19,8,11,No,16,3209.59,2,No Action,Not Recovered
C13152,390.9,UPI,Temporary Failure,4,4,0,Yes,15,481.34,3,No Action,Recovered
C13153,2963.69,UPI,Insufficient Funds,14,4,10,Yes,5,1892.56,0,Payment Link,Recovered
C13154,1742.74,Card,Authentication Failure,14,13,1,Yes,15,1695.78,2,No Action,Not Recovered
C13155,1084.67,UPI,Technical Error,9,6,3,Yes,1,1451.52,3,No Action,Recovered
C13156,1486.39,UPI,Temporary Failure,9,4,5,No,15,2070.6,1,No Action,Not Recovered
C13157,4365.89,UPI,Temporary Failure,17,5,12,Yes,36,3287.98,1,No Action,Recovered
C13158,11579.16,Card,Technical Error,15,7,8,No,8,15012.14,0,No Action,Not Recovered
C13159,5138.91,Card,Insufficient Funds,10,7,3,Yes,22,3684.6,1,Payment Link,Recovered
C13160,2462.29,Card,Technical Error,17,1,16,No,27,3134.35,0,No Action,Not Recovered
C13161,5760.46,UPI,Insufficient Funds,9,8,1,Yes,34,4734.07,2,No Action,Not Recovered
C13162,2770.48,Wallet,Insufficient Funds,4,1,3,No,30,3789.19,0,Payment Link,Not Recovered
C13163,2294.73,UPI,Insufficient Funds,14,11,3,Yes,12,2653.62,2,No Action,Recovered
C13164,1588.52,Card,Technical Error,3,3,0,No,2,1460.31,1,Retry,Recovered
C13165,984.95,Card,Authentication Failure,12,11,1,No,22,812.37,0,Reminder,Not Recovered
C13166,2928.1,Card,Temporary Failure,1,1,0,No,17,2307.9,3,No Action,Not Recovered
C13167,4539.14,Wallet,Bank Declined,1,1,0,No,35,5195.65,1,Reminder,Not Recovered
C13168,3702.45,UPI,Temporary Failure,13,6,7,No,23,4874.77,1,No Action,Recovered
C13169,2867.73,Card,Insufficient Funds,14,2,12,Yes,29,3452.61,1,Payment Link,Recovered
C13170,1877.04,UPI,Authentication Failure,16,5,11,No,29,2379.77,1,No Action,Not Recovered
C13171,6507.08,Card,Insufficient Funds,7,4,3,Yes,19,7971.87,1,Payment Link,Recovered
C13172,1394.57,UPI,Authentication Failure,10,1,9,Yes,17,1929.13,3,No Action,Not Recovered
C13173,7441.83,UPI,Bank Declined,15,11,4,Yes,8,8976.66,3,No Action,Not Recovered
C13174,1794.13,Card,Authentication Failure,8,6,2,No,7,1378.22,3,No Action,Recovered
C13175,2190.97,Card,Technical Error,11,4,7,No,11,2702.08,0,No Action,Not Recovered
C13176,1237.22,UPI,Temporary Failure,14,11,3,No,3,1061.11,1,Retry,Recovered
C13177,2678.27,Card,Temporary Failure,13,8,5,Yes,2,3740.58,0,Reminder,Not Recovered
C13178,8728.07,Card,Insufficient Funds,13,12,1,Yes,19,7866.94,0,Payment Link,Recovered
C13179,6042.37,UPI,Temporary Failure,9,3,6,No,28,5040.76,0,No Action,Not Recovered
C13180,8749.81,Card,Insufficient Funds,17,13,4,Yes,28,6924.36,1,Payment Link,Recovered
C13181,6073.95,Card,Insufficient Funds,18,11,7,Yes,25,6844.2,1,Payment Link,Recovered
C13182,1654.27,Card,Authentication Failure,19,17,2,Yes,11,1137.11,0,Reminder,Recovered
C13183,3069.96,UPI,Insufficient Funds,13,6,7,No,2,4183.89,1,Payment Link,Not Recovered
C13184,2142.85,UPI,Technical Error,12,6,6,No,12,1790.24,0,No Action,Not Recovered
C13185,11597.09,Card,Authentication Failure,20,0,20,Yes,12,9698.88,1,No Action,Not Recovered
C13186,1535.51,Wallet,Authentication Failure,20,12,8,Yes,25,977.89,1,Reminder,Recovered
C13187,8176.4,Card,Temporary Failure,8,4,4,No,31,6515.07,0,No Action,Not Recovered
C13188,8171.54,UPI,Insufficient Funds,11,2,9,Yes,17,7641.89,3,No Action,Not Recovered
C13189,17287.62,Card,Insufficient Funds,7,0,7,No,12,15484.26,1,Payment Link,Recovered
C13190,2882.17,NetBanking,Insufficient Funds,1,0,1,No,30,2358.81,0,Payment Link,Not Recovered
C13191,7072.06,UPI,Insufficient Funds,10,6,4,No,2,4473.75,0,Payment Link,Not Recovered
C13192,24819.16,Wallet,Technical Error,15,11,4,Yes,16,20859.64,1,Retry,Recovered
C13193,2440.45,Wallet,Insufficient Funds,4,0,4,No,1,2983.85,1,Payment Link,Not Recovered
C13194,1171.47,UPI,Bank Declined,1,1,0,No,34,1114.11,0,Reminder,Not Recovered
C13195,888.95,Wallet,Authentication Failure,11,1,10,No,1,740.16,0,No Action,Not Recovered
C13196,7074.27,UPI,Temporary Failure,5,2,3,No,36,5969.51,0,No Action,Not Recovered
C13197,886.72,NetBanking,Insufficient Funds,19,9,10,No,3,925.34,2,No Action,Not Recovered
C13198,2969.64,UPI,Technical Error,19,16,3,Yes,34,2499.94,1,Retry,Recovered
C13199,5675.42,UPI,Temporary Failure,4,2,2,No,12,6269.28,2,No Action,Not Recovered
C13200,4638.7,Card,Bank Declined,2,2,0,No,27,6455.05,0,Reminder,Not Recovered
C13201,5621.79,NetBanking,Temporary Failure,7,7,0,Yes,25,3558.26,2,No Action,Not Recovered
C13202,4778.5,UPI,Authentication Failure,13,7,6,No,12,3512.15,3,No Action,Not Recovered
C13203,11127.14,Card,Insufficient Funds,20,14,6,Yes,33,8270.65,0,Payment Link,Recovered
C13204,1867.2,UPI,Insufficient Funds,12,11,1,Yes,9,1788.14,3,No Action,Recovered
C13205,2327.28,UPI,Bank Declined,2,2,0,No,1,1473.48,2,No Action,Not Recovered
C13206,2155.81,UPI,Temporary Failure,9,6,3,Yes,23,2117.04,3,No Action,Not Recovered
C13207,7771.38,Card,Temporary Failure,16,1,15,Yes,28,10438.05,2,No Action,Not Recovered
C13208,8220.35,UPI,Insufficient Funds,8,2,6,No,3,5008.26,1,Payment Link,Recovered
C13209,5738.94,UPI,Insufficient Funds,18,8,10,No,36,5118.85,1,Payment Link,Recovered
C13210,10309.74,UPI,Bank Declined,4,1,3,No,5,12461.54,2,No Action,Not Recovered
C13211,1558.71,UPI,Bank Declined,11,6,5,No,29,1127.88,0,No Action,Not Recovered
C13212,15181.44,Card,Bank Declined,17,0,17,No,13,10050.83,1,No Action,Not Recovered
C13213,13529.67,Wallet,Bank Declined,8,2,6,No,4,14945.18,2,No Action,Not Recovered
C13214,7205.12,UPI,Insufficient Funds,19,12,7,Yes,6,4380.43,0,Payment Link,Recovered
C13215,16638.74,Wallet,Temporary Failure,8,0,8,Yes,6,20655.6,1,No Action,Recovered
C13216,1062.89,Card,Technical Error,6,5,1,No,11,694.58,2,No Action,Recovered
C13217,2629.35,Card,Authentication Failure,2,0,2,No,27,2680.58,0,No Action,Recovered
C13218,2221.21,Card,Temporary Failure,15,4,11,No,35,2647.91,0,No Action,Not Recovered
C13219,7124.06,NetBanking,Insufficient Funds,1,1,0,No,4,5653.72,2,No Action,Not Recovered
C13220,1726.65,UPI,Insufficient Funds,6,3,3,No,27,1179.01,3,No Action,Not Recovered
C13221,7332.31,Card,Bank Declined,19,13,6,Yes,16,5429.56,3,No Action,Recovered
C13222,11973.83,Card,Bank Declined,4,2,2,No,18,15371.37,3,No Action,Recovered
C13223,6975.87,Card,Temporary Failure,13,9,4,No,7,8124.27,3,No Action,Not Recovered
C13224,5019.32,NetBanking,Technical Error,15,15,0,Yes,11,3807.05,0,Retry,Recovered
C13225,1814.84,UPI,Temporary Failure,9,9,0,Yes,8,2128.62,3,No Action,Recovered
C13226,2031.58,Card,Insufficient Funds,3,1,2,No,6,2370.64,2,No Action,Not Recovered
C13227,10869.81,Card,Technical Error,2,0,2,Yes,5,15197.95,0,No Action,Not Recovered
C13228,7461.63,UPI,Insufficient Funds,16,11,5,Yes,6,6814.29,3,No Action,Not Recovered
C13229,3877.07,UPI,Temporary Failure,18,14,4,Yes,2,5008.72,2,No Action,Recovered
C13230,2863.28,Card,Authentication Failure,18,3,15,No,31,2740.6,1,No Action,Not Recovered
C13231,791.08,NetBanking,Authentication Failure,6,0,6,Yes,32,1042.81,0,No Action,Not Recovered
C13232,1698.27,Card,Technical Error,18,2,16,No,9,1143.41,2,No Action,Not Recovered
C13233,18456.74,NetBanking,Insufficient Funds,11,5,6,Yes,15,13662.6,3,No Action,Recovered
C13234,1436.1,UPI,Temporary Failure,7,2,5,No,21,1838.16,2,No Action,Not Recovered
C13235,4654.7,UPI,Authentication Failure,14,13,1,No,28,5843.7,0,Reminder,Recovered
C13236,8955.34,UPI,Bank Declined,18,14,4,Yes,27,7561.41,1,Reminder,Not Recovered
C13237,1465.73,UPI,Authentication Failure,7,7,0,Yes,5,1579.23,3,No Action,Recovered
C13238,4636.98,UPI,Insufficient Funds,10,6,4,No,17,4201.84,2,No Action,Not Recovered
C13239,8470.82,UPI,Insufficient Funds,8,6,2,Yes,24,5152.41,1,Payment Link,Recovered
C13240,4040.2,Card,Authentication Failure,14,5,9,No,31,2508.49,0,No Action,Not Recovered
C13241,39686.73,Card,Bank Declined,18,8,10,No,35,25534.64,3,No Action,Not Recovered
C13242,1052.76,UPI,Temporary Failure,5,0,5,No,4,1131.99,1,No Action,Not Recovered
C13243,9330.39,UPI,Temporary Failure,14,12,2,Yes,20,7682.48,0,Retry,Recovered
C13244,3483.55,UPI,Insufficient Funds,10,8,2,Yes,17,2491.29,3,No Action,Not Recovered
C13245,7417.41,Card,Temporary Failure,15,12,3,No,10,10035.05,2,No Action,Not Recovered
C13246,5693.58,UPI,Insufficient Funds,6,0,6,No,21,3968.74,1,Payment Link,Not Recovered
C13247,2225.03,UPI,Insufficient Funds,9,3,6,No,21,2534.72,0,Payment Link,Not Recovered
C13248,4804.2,Wallet,Technical Error,10,4,6,No,16,6319.1,2,No Action,Not Recovered
C13249,904.81,NetBanking,Insufficient Funds,17,14,3,Yes,33,661.47,3,No Action,Not Recovered
C13250,6481.11,UPI,Authentication Failure,1,1,0,No,10,5002.02,1,Reminder,Recovered
C13251,5077.51,UPI,Temporary Failure,14,7,7,No,18,5377.34,0,No Action,Not Recovered
C13252,6667.35,UPI,Bank Declined,4,0,4,No,33,6712.41,1,No Action,Not Recovered
C13253,9325.84,NetBanking,Temporary Failure,2,1,1,No,29,9482.72,2,No Action,Not Recovered
C13254,5367.65,Card,Technical Error,3,0,3,Yes,31,5602.44,2,No Action,Not Recovered
C13255,4503.1,UPI,Authentication Failure,7,5,2,Yes,24,6123.87,0,Reminder,Not Recovered
C13256,1976.72,Card,Technical Error,14,2,12,Yes,12,1271.17,1,No Action,Recovered
C13257,2262.61,UPI,Bank Declined,12,9,3,Yes,20,2734.04,1,Reminder,Not Recovered
C13258,10336.51,UPI,Insufficient Funds,19,2,17,Yes,6,8124.55,2,No Action,Not Recovered
C13259,12621.01,UPI,Technical Error,18,1,17,No,8,11345.56,1,No Action,Not Recovered
C13260,3306.22,Card,Authentication Failure,15,4,11,No,14,2219.9,1,No Action,Not Recovered
C13261,4149.95,UPI,Authentication Failure,1,0,1,No,5,3969.43,1,No Action,Not Recovered
C13262,1939.83,UPI,Insufficient Funds,3,1,2,No,36,2411.94,0,Payment Link,Recovered
C13263,10221.57,UPI,Authentication Failure,15,3,12,No,3,6940.37,2,No Action,Not Recovered
C13264,6811.61,UPI,Temporary Failure,4,3,1,No,36,5588.81,3,No Action,Not Recovered
C13265,18902.01,NetBanking,Temporary Failure,15,5,10,No,22,16982.5,0,No Action,Not Recovered
C13266,1981.07,UPI,Temporary Failure,10,4,6,Yes,8,1353.31,2,No Action,Not Recovered
C13267,2956.15,UPI,Temporary Failure,6,5,1,Yes,14,3576.51,0,Retry,Recovered
C13268,4813.63,Card,Technical Error,13,3,10,Yes,7,5918.64,3,No Action,Not Recovered
C13269,6709.24,NetBanking,Authentication Failure,7,5,2,Yes,4,8512.12,0,Reminder,Recovered
C13270,3366.12,NetBanking,Technical Error,1,0,1,No,19,3592.04,0,No Action,Not Recovered
C13271,1989.58,Card,Bank Declined,11,2,9,No,24,2001.1,3,No Action,Not Recovered
C13272,8096.41,UPI,Bank Declined,14,0,14,No,16,6558.43,1,No Action,Not Recovered
C13273,7122.1,Card,Technical Error,6,4,2,No,6,8006.14,2,No Action,Recovered
C13274,1921.82,Card,Insufficient Funds,5,5,0,Yes,8,1836.59,3,No Action,Recovered
C13275,11830.12,UPI,Technical Error,19,5,14,Yes,25,16285.59,0,No Action,Recovered
C13276,10200.67,Wallet,Bank Declined,19,19,0,Yes,32,14021.27,1,Reminder,Recovered
C13277,4453.68,UPI,Bank Declined,13,13,0,Yes,25,5897.4,0,Reminder,Recovered
C13278,4263.0,Wallet,Bank Declined,7,3,4,Yes,10,3785.85,1,No Action,Not Recovered
C13279,6231.02,NetBanking,Authentication Failure,8,3,5,No,17,5572.89,0,No Action,Recovered
C13280,2007.58,Card,Temporary Failure,14,10,4,Yes,3,2574.0,2,No Action,Recovered
C13281,4097.26,Wallet,Insufficient Funds,19,12,7,No,9,4848.32,2,No Action,Not Recovered
C13282,714.9,Card,Technical Error,19,7,12,Yes,18,831.78,0,No Action,Recovered
C13283,8064.4,UPI,Insufficient Funds,12,10,2,Yes,30,6642.56,3,No Action,Recovered
C13284,1146.94,UPI,Authentication Failure,9,7,2,No,5,1452.8,0,Reminder,Recovered
C13285,13316.85,UPI,Insufficient Funds,14,11,3,Yes,32,14162.96,0,Payment Link,Recovered
C13286,3071.6,UPI,Insufficient Funds,6,2,4,No,27,2941.03,3,No Action,Not Recovered
C13287,3376.91,Card,Authentication Failure,15,6,9,No,21,4364.11,3,No Action,Not Recovered
C13288,2420.82,UPI,Insufficient Funds,13,4,9,No,24,2215.94,0,Payment Link,Not Recovered
C13289,3176.76,UPI,Bank Declined,7,4,3,No,3,3567.95,1,No Action,Recovered
C13290,12442.52,Card,Insufficient Funds,11,11,0,Yes,16,12103.14,2,No Action,Recovered
C13291,546.65,NetBanking,Temporary Failure,10,2,8,No,15,587.21,1,No Action,Not Recovered
C13292,11110.23,UPI,Bank Declined,1,1,0,No,25,7026.52,3,No Action,Recovered
C13293,5242.05,UPI,Temporary Failure,7,4,3,No,8,5078.98,2,No Action,Not Recovered
C13294,1522.99,UPI,Authentication Failure,18,2,16,No,4,1591.82,0,No Action,Recovered
C13295,1692.23,Card,Technical Error,3,2,1,Yes,32,1682.37,2,No Action,Not Recovered
C13296,15293.21,UPI,Temporary Failure,9,6,3,Yes,35,19543.63,0,Reminder,Recovered
C13297,1877.4,Card,Bank Declined,5,2,3,No,30,1593.72,0,No Action,Not Recovered
C13298,1589.81,UPI,Bank Declined,13,10,3,Yes,30,2078.3,3,No Action,Not Recovered
C13299,9935.82,UPI,Temporary Failure,16,15,1,Yes,17,9168.47,1,Retry,Recovered
C13300,5244.27,Wallet,Temporary Failure,16,12,4,Yes,19,6060.39,3,No Action,Recovered
C13301,1888.82,UPI,Insufficient Funds,12,1,11,No,31,1264.33,3,No Action,Not Recovered
C13302,4756.89,UPI,Bank Declined,18,11,7,Yes,17,3615.82,2,No Action,Not Recovered
C13303,1760.67,UPI,Bank Declined,11,4,7,No,2,2128.53,1,No Action,Not Recovered
C13304,9649.94,Card,Bank Declined,17,6,11,No,29,5885.14,1,No Action,Not Recovered
C13305,9350.14,Card,Technical Error,7,0,7,No,30,12854.78,1,No Action,Not Recovered
C13306,6122.06,UPI,Technical Error,15,13,2,Yes,22,4606.87,1,Retry,Recovered
C13307,5342.12,UPI,Bank Declined,6,1,5,No,11,7057.17,2,No Action,Not Recovered
C13308,16366.64,UPI,Technical Error,6,2,4,No,33,16575.41,2,No Action,Recovered
C13309,3999.0,Card,Insufficient Funds,18,10,8,No,19,4205.59,3,No Action,Not Recovered
C13310,1553.94,NetBanking,Authentication Failure,19,19,0,Yes,3,1036.95,3,No Action,Recovered
C13311,5730.91,Card,Bank Declined,20,20,0,Yes,22,5112.97,1,Reminder,Recovered
C13312,21223.99,Card,Technical Error,19,14,5,Yes,18,15386.86,3,No Action,Recovered
C13313,1776.22,UPI,Bank Declined,2,1,1,No,30,1813.07,2,No Action,Not Recovered
C13314,2995.54,UPI,Temporary Failure,3,1,2,No,1,3117.12,3,No Action,Recovered
C13315,5581.46,UPI,Bank Declined,14,12,2,Yes,20,6517.66,0,Reminder,Recovered
C13316,3831.17,UPI,Insufficient Funds,4,2,2,Yes,5,4990.57,3,No Action,Not Recovered
C13317,1822.94,UPI,Bank Declined,17,14,3,Yes,12,1776.53,2,No Action,Not Recovered
C13318,9813.71,Card,Insufficient Funds,6,0,6,No,11,7720.33,1,Payment Link,Not Recovered
C13319,25593.21,Card,Technical Error,19,9,10,Yes,24,22185.66,0,No Action,Recovered
C13320,4679.54,Wallet,Bank Declined,9,7,2,Yes,18,5978.92,0,Reminder,Recovered
C13321,1940.68,UPI,Bank Declined,4,2,2,No,8,1390.87,0,No Action,Not Recovered
C13322,1158.5,Card,Temporary Failure,7,1,6,No,29,1276.44,3,No Action,Recovered
C13323,4916.88,NetBanking,Authentication Failure,4,1,3,Yes,22,3001.6,3,No Action,Not Recovered
C13324,9673.56,Card,Technical Error,11,9,2,Yes,2,7705.33,0,Retry,Recovered
C13325,5849.92,UPI,Technical Error,2,0,2,No,23,6277.71,0,No Action,Recovered
C13326,3992.32,UPI,Insufficient Funds,10,7,3,No,16,3853.11,1,Payment Link,Not Recovered
C13327,2496.47,UPI,Bank Declined,6,3,3,Yes,8,2483.59,1,No Action,Recovered
C13328,1669.57,UPI,Temporary Failure,8,4,4,No,4,1884.03,0,No Action,Recovered
C13329,7799.78,Card,Bank Declined,15,0,15,No,14,6143.64,1,No Action,Not Recovered
C13330,8308.77,UPI,Temporary Failure,13,7,6,No,9,6851.78,2,No Action,Not Recovered
C13331,1161.5,UPI,Bank Declined,2,0,2,No,11,1332.9,3,No Action,Not Recovered
C13332,14270.09,Card,Bank Declined,20,16,4,Yes,16,14707.23,1,Reminder,Not Recovered
C13333,6331.59,NetBanking,Insufficient Funds,1,0,1,No,13,3872.84,2,No Action,Not Recovered
C13334,12255.44,Card,Insufficient Funds,15,3,12,Yes,36,13925.39,3,No Action,Not Recovered
C13335,1366.96,Card,Authentication Failure,7,4,3,No,36,1498.29,1,No Action,Not Recovered
C13336,1341.29,UPI,Temporary Failure,18,16,2,No,17,889.12,3,No Action,Recovered
C13337,3550.61,UPI,Technical Error,10,8,2,No,14,4253.69,2,No Action,Recovered
C13338,5980.61,UPI,Temporary Failure,15,9,6,No,29,6086.35,2,No Action,Not Recovered
C13339,16833.7,Card,Temporary Failure,5,1,4,No,17,12857.54,3,No Action,Recovered
C13340,7036.83,Wallet,Temporary Failure,11,7,4,Yes,1,7370.97,0,Reminder,Not Recovered
C13341,3294.15,UPI,Technical Error,8,3,5,No,20,3545.71,1,No Action,Not Recovered
C13342,1759.8,Card,Insufficient Funds,8,8,0,No,33,2351.26,0,Payment Link,Recovered
C13343,10700.55,UPI,Authentication Failure,6,1,5,No,2,12773.41,2,No Action,Not Recovered
C13344,1848.79,Card,Bank Declined,15,11,4,Yes,17,1555.83,3,No Action,Recovered
C13345,14717.97,UPI,Temporary Failure,15,2,13,No,23,10221.72,1,No Action,Not Recovered
C13346,3186.07,UPI,Technical Error,5,1,4,No,22,4086.29,1,No Action,Not Recovered
C13347,14278.57,NetBanking,Temporary Failure,13,9,4,No,1,18231.65,0,Reminder,Not Recovered
C13348,6885.65,Card,Technical Error,14,13,1,No,12,5097.09,1,Retry,Recovered
C13349,3584.78,Card,Temporary Failure,11,4,7,No,13,2329.05,1,No Action,Recovered
C13350,2640.0,UPI,Insufficient Funds,20,10,10,No,14,3087.46,1,Payment Link,Recovered
C13351,3045.2,UPI,Technical Error,12,0,12,No,10,3587.44,2,No Action,Not Recovered
C13352,5634.72,UPI,Authentication Failure,20,2,18,Yes,12,4179.36,0,No Action,Recovered
C13353,4254.68,NetBanking,Insufficient Funds,1,0,1,Yes,22,4827.23,2,No Action,Not Recovered
C13354,2487.42,Wallet,Technical Error,3,1,2,No,18,2047.49,3,No Action,Recovered
C13355,3503.59,UPI,Temporary Failure,8,7,1,Yes,19,2832.63,3,No Action,Recovered
C13356,4259.52,UPI,Technical Error,12,11,1,Yes,30,3661.54,0,Retry,Recovered
C13357,728.55,NetBanking,Bank Declined,15,3,12,No,15,740.44,3,No Action,Recovered
C13358,5770.9,UPI,Temporary Failure,3,2,1,No,14,7176.48,2,No Action,Recovered
C13359,1826.71,Card,Insufficient Funds,8,7,1,No,9,1824.73,2,No Action,Not Recovered
C13360,1589.83,UPI,Temporary Failure,19,7,12,Yes,5,1332.97,2,No Action,Not Recovered
C13361,1037.09,Card,Insufficient Funds,20,5,15,Yes,33,1355.66,2,No Action,Recovered
C13362,952.35,Card,Temporary Failure,6,5,1,Yes,5,613.38,0,Retry,Recovered
C13363,1352.48,NetBanking,Bank Declined,18,2,16,No,24,1673.93,1,No Action,Not Recovered
C13364,2268.41,NetBanking,Authentication Failure,11,7,4,No,8,2784.49,3,No Action,Not Recovered
C13365,19084.98,UPI,Temporary Failure,12,12,0,Yes,19,15322.14,0,Retry,Recovered
C13366,2626.34,Card,Bank Declined,2,0,2,Yes,12,1992.44,1,No Action,Not Recovered
C13367,4611.23,NetBanking,Bank Declined,5,4,1,No,8,5993.49,0,Reminder,Not Recovered
C13368,5510.63,UPI,Authentication Failure,4,3,1,No,8,5770.16,3,No Action,Recovered
C13369,4442.19,UPI,Bank Declined,9,8,1,Yes,20,2828.83,0,Reminder,Recovered
C13370,3759.7,UPI,Bank Declined,13,0,13,No,29,4935.23,3,No Action,Not Recovered
C13371,1537.35,Card,Insufficient Funds,13,6,7,No,34,1351.65,0,Payment Link,Recovered
C13372,12769.2,UPI,Temporary Failure,15,7,8,Yes,18,11156.77,0,No Action,Not Recovered
C13373,16980.26,Card,Temporary Failure,2,2,0,No,1,18926.71,2,No Action,Recovered
C13374,1040.99,UPI,Insufficient Funds,13,9,4,No,11,1175.33,0,Payment Link,Recovered
C13375,1763.1,NetBanking,Temporary Failure,7,2,5,No,35,1556.21,0,No Action,Not Recovered
C13376,3197.75,UPI,Bank Declined,17,7,10,No,32,2285.19,1,No Action,Not Recovered
C13377,1849.04,UPI,Insufficient Funds,8,0,8,Yes,16,1926.36,2,No Action,Not Recovered
C13378,5995.85,Card,Bank Declined,18,7,11,No,6,6596.29,3,No Action,Not Recovered
C13379,2233.74,Card,Temporary Failure,15,6,9,No,9,2877.45,2,No Action,Not Recovered
C13380,22608.8,UPI,Authentication Failure,15,3,12,No,22,22327.37,0,No Action,Not Recovered
C13381,10368.09,UPI,Authentication Failure,5,2,3,No,8,11576.56,3,No Action,Not Recovered
C13382,4741.5,UPI,Temporary Failure,2,2,0,Yes,32,3051.28,0,Retry,Recovered
C13383,9096.44,Card,Insufficient Funds,16,15,1,Yes,26,11967.44,2,No Action,Recovered
C13384,9689.23,NetBanking,Bank Declined,5,4,1,No,18,8349.91,2,No Action,Recovered
C13385,2547.56,Card,Temporary Failure,6,1,5,Yes,12,2817.03,0,No Action,Not Recovered
C13386,2081.98,Card,Insufficient Funds,12,12,0,No,34,2774.95,0,Payment Link,Recovered
C13387,4258.04,Card,Temporary Failure,5,3,2,No,4,5315.82,0,Reminder,Not Recovered
C13388,7969.35,UPI,Authentication Failure,20,16,4,No,16,8847.28,1,Reminder,Recovered
C13389,4470.69,Wallet,Authentication Failure,8,2,6,No,24,5198.9,2,No Action,Not Recovered
C13390,1132.81,NetBanking,Bank Declined,11,6,5,No,14,1514.25,1,No Action,Not Recovered
C13391,2104.41,UPI,Bank Declined,14,10,4,No,17,2629.83,2,No Action,Not Recovered
C13392,3770.15,UPI,Authentication Failure,17,12,5,Yes,31,4101.5,2,No Action,Not Recovered
C13393,3765.05,UPI,Authentication Failure,10,4,6,Yes,4,4243.07,3,No Action,Not Recovered
C13394,19381.68,UPI,Authentication Failure,2,0,2,No,34,13912.46,3,No Action,Not Recovered
C13395,1319.83,Card,Temporary Failure,3,2,1,No,3,1288.33,2,No Action,Recovered
C13396,5994.04,Card,Temporary Failure,13,2,11,No,8,5039.78,3,No Action,Not Recovered
C13397,13165.3,NetBanking,Bank Declined,17,14,3,Yes,12,12448.8,2,No Action,Recovered
C13398,24617.42,Card,Bank Declined,3,0,3,No,35,27812.7,2,No Action,Not Recovered
C13399,2894.4,Card,Temporary Failure,10,4,6,No,2,2082.0,0,No Action,Not Recovered
C13400,5926.52,Card,Temporary Failure,8,4,4,No,29,3638.3,3,No Action,Not Recovered
C13401,6309.79,UPI,Authentication Failure,4,0,4,Yes,23,5789.48,1,No Action,Not Recovered
C13402,4677.11,UPI,Authentication Failure,13,9,4,No,33,4011.78,1,Reminder,Not Recovered
C13403,3695.88,Card,Insufficient Funds,7,1,6,Yes,18,3460.62,3,No Action,Not Recovered
C13404,5669.35,UPI,Authentication Failure,7,2,5,Yes,22,7625.14,2,No Action,Not Recovered
C13405,527.55,UPI,Bank Declined,16,7,9,No,14,614.95,1,No Action,Not Recovered
C13406,6902.96,NetBanking,Technical Error,5,3,2,Yes,29,5950.12,3,No Action,Not Recovered
C13407,4424.85,Card,Insufficient Funds,17,2,15,No,15,3289.54,1,Payment Link,Not Recovered
C13408,3347.84,UPI,Temporary Failure,10,2,8,No,15,3665.16,0,No Action,Recovered
C13409,20568.98,Card,Insufficient Funds,4,2,2,No,4,23161.93,2,No Action,Not Recovered
C13410,2331.12,NetBanking,Insufficient Funds,14,1,13,No,36,2300.58,0,Payment Link,Not Recovered
C13411,2897.46,UPI,Bank Declined,5,0,5,No,5,2231.65,1,No Action,Not Recovered
C13412,19678.7,UPI,Temporary Failure,2,2,0,No,3,12256.76,2,No Action,Not Recovered
C13413,2055.76,Wallet,Authentication Failure,14,4,10,Yes,12,1670.36,2,No Action,Not Recovered
C13414,2575.91,UPI,Temporary Failure,18,9,9,No,20,2487.65,2,No Action,Not Recovered
C13415,3556.13,UPI,Temporary Failure,11,4,7,No,20,4375.28,3,No Action,Not Recovered
C13416,7837.2,Card,Bank Declined,16,15,1,Yes,1,10055.15,3,No Action,Recovered
C13417,4723.44,NetBanking,Bank Declined,18,4,14,No,3,4394.44,2,No Action,Not Recovered
C13418,1422.18,UPI,Insufficient Funds,16,2,14,No,9,1759.09,2,No Action,Not Recovered
C13419,2613.16,UPI,Technical Error,4,3,1,Yes,20,3644.53,2,No Action,Recovered
C13420,2460.61,UPI,Bank Declined,1,0,1,No,9,2887.0,0,No Action,Not Recovered
C13421,3760.37,Wallet,Bank Declined,14,1,13,No,31,4448.06,0,No Action,Not Recovered
C13422,5623.58,UPI,Technical Error,12,4,8,No,28,7466.03,1,No Action,Recovered
C13423,5589.33,Card,Temporary Failure,10,3,7,No,35,4865.6,2,No Action,Not Recovered
C13424,966.07,Wallet,Bank Declined,19,17,2,Yes,2,588.3,2,No Action,Not Recovered
C13425,9369.38,UPI,Authentication Failure,4,1,3,No,3,13019.52,0,No Action,Not Recovered
C13426,4895.66,Wallet,Temporary Failure,20,5,15,Yes,14,4858.33,1,No Action,Recovered
C13427,12108.65,Wallet,Insufficient Funds,3,2,1,No,17,14875.99,1,Payment Link,Not Recovered
C13428,5706.77,NetBanking,Authentication Failure,4,4,0,Yes,35,7133.42,2,No Action,Recovered
C13429,9653.81,UPI,Insufficient Funds,15,2,13,Yes,4,8862.33,3,No Action,Not Recovered
C13430,5809.71,Card,Insufficient Funds,11,10,1,No,30,6001.54,1,Payment Link,Recovered
C13431,11743.21,NetBanking,Authentication Failure,16,1,15,No,14,12118.2,1,No Action,Not Recovered
C13432,6074.47,Wallet,Temporary Failure,4,2,2,No,27,4714.84,2,No Action,Recovered
C13433,3698.63,UPI,Temporary Failure,6,0,6,No,13,2567.26,2,No Action,Not Recovered
C13434,24636.82,NetBanking,Authentication Failure,8,6,2,Yes,20,25495.61,2,No Action,Not Recovered
C13435,8145.98,UPI,Authentication Failure,13,5,8,No,24,5670.54,0,No Action,Not Recovered
C13436,6329.93,UPI,Insufficient Funds,20,20,0,No,10,5550.53,2,No Action,Not Recovered
C13437,1440.88,UPI,Bank Declined,4,2,2,No,7,1079.03,3,No Action,Not Recovered
C13438,1427.11,NetBanking,Technical Error,5,2,3,No,17,1663.34,3,No Action,Recovered
C13439,5055.45,Card,Technical Error,10,4,6,Yes,22,6559.99,1,No Action,Not Recovered
C13440,4493.86,Card,Temporary Failure,5,4,1,Yes,11,4773.97,0,Retry,Recovered
C13441,2447.33,Wallet,Temporary Failure,12,10,2,Yes,23,2271.43,1,Retry,Not Recovered
C13442,4477.57,UPI,Insufficient Funds,1,0,1,No,22,6256.57,0,Payment Link,Recovered
C13443,14256.26,Card,Authentication Failure,10,3,7,No,18,8795.65,2,No Action,Not Recovered
C13444,6976.98,UPI,Authentication Failure,5,0,5,No,26,5884.89,1,No Action,Not Recovered
C13445,1605.58,UPI,Authentication Failure,19,7,12,No,30,1321.29,3,No Action,Not Recovered
C13446,3658.62,Card,Authentication Failure,19,2,17,No,13,3237.74,0,No Action,Not Recovered
C13447,2100.81,Wallet,Bank Declined,20,20,0,Yes,4,1648.04,1,Reminder,Recovered
C13448,2933.32,Card,Insufficient Funds,12,4,8,No,27,2380.13,3,No Action,Not Recovered
C13449,2873.13,NetBanking,Technical Error,16,6,10,No,10,2316.15,3,No Action,Not Recovered
C13450,2729.66,UPI,Technical Error,5,1,4,No,28,2742.2,2,No Action,Not Recovered
C13451,1465.48,UPI,Bank Declined,17,7,10,No,21,1337.75,0,No Action,Recovered
C13452,3611.67,Card,Temporary Failure,14,10,4,No,11,4014.1,1,Retry,Recovered
C13453,2554.38,UPI,Authentication Failure,12,12,0,Yes,20,2583.81,3,No Action,Not Recovered
C13454,383.94,UPI,Insufficient Funds,13,13,0,Yes,36,286.7,0,Payment Link,Recovered
C13455,20669.76,Card,Insufficient Funds,14,1,13,No,19,25796.6,2,No Action,Not Recovered
C13456,9557.35,UPI,Bank Declined,5,4,1,Yes,10,9344.76,0,Reminder,Recovered
C13457,2960.19,UPI,Bank Declined,5,5,0,Yes,15,2138.99,0,Reminder,Recovered
C13458,4060.68,Card,Temporary Failure,18,12,6,Yes,18,2978.52,1,Reminder,Recovered
C13459,1566.7,Card,Technical Error,14,9,5,Yes,7,1938.91,0,Reminder,Recovered
C13460,15531.54,Wallet,Temporary Failure,18,0,18,Yes,30,18053.78,2,No Action,Not Recovered
C13461,18249.27,Card,Temporary Failure,20,10,10,No,14,18344.57,3,No Action,Recovered
C13462,4534.2,UPI,Insufficient Funds,1,0,1,No,30,3830.79,1,Payment Link,Not Recovered
C13463,9071.33,Wallet,Technical Error,7,1,6,Yes,27,8784.84,3,No Action,Not Recovered
C13464,4602.15,NetBanking,Authentication Failure,17,1,16,Yes,17,5104.64,0,No Action,Recovered
C13465,1372.88,UPI,Technical Error,3,2,1,Yes,30,1789.45,2,No Action,Recovered
C13466,2877.25,UPI,Authentication Failure,10,4,6,No,18,3005.85,3,No Action,Not Recovered
C13467,4445.25,Card,Temporary Failure,7,7,0,Yes,3,3651.28,2,No Action,Not Recovered
C13468,2780.57,Card,Temporary Failure,12,6,6,No,28,1763.42,0,No Action,Not Recovered
C13469,3358.09,NetBanking,Bank Declined,15,9,6,No,30,2486.21,0,Reminder,Not Recovered
C13470,3717.96,Card,Temporary Failure,16,15,1,Yes,21,4164.64,3,No Action,Recovered
C13471,3749.38,Card,Technical Error,8,8,0,No,20,2730.86,1,Retry,Recovered
C13472,4170.77,Wallet,Bank Declined,6,5,1,Yes,22,4109.17,2,No Action,Recovered
C13473,1712.25,Card,Authentication Failure,4,0,4,No,36,1984.78,2,No Action,Not Recovered
C13474,2253.94,UPI,Temporary Failure,11,8,3,Yes,36,1908.14,2,No Action,Recovered
C13475,1431.36,NetBanking,Insufficient Funds,17,10,7,Yes,21,1625.0,0,Payment Link,Not Recovered
C13476,8745.57,UPI,Bank Declined,2,0,2,No,24,9312.79,0,No Action,Not Recovered
C13477,742.14,NetBanking,Temporary Failure,6,5,1,Yes,21,705.89,3,No Action,Recovered
C13478,10066.03,Wallet,Bank Declined,4,2,2,Yes,7,13264.98,3,No Action,Not Recovered
C13479,12126.27,Card,Insufficient Funds,3,3,0,Yes,8,13989.44,0,Payment Link,Recovered
C13480,3141.03,Card,Insufficient Funds,7,5,2,Yes,22,2790.73,1,Payment Link,Not Recovered
C13481,498.47,Card,Insufficient Funds,7,1,6,No,22,619.8,2,No Action,Not Recovered
C13482,2995.9,UPI,Temporary Failure,16,11,5,Yes,30,3566.56,2,No Action,Not Recovered
C13483,3799.79,UPI,Bank Declined,2,2,0,Yes,34,4686.46,0,Reminder,Recovered
C13484,1782.14,Card,Insufficient Funds,8,3,5,No,29,1983.1,1,Payment Link,Recovered
C13485,2648.83,NetBanking,Temporary Failure,15,8,7,No,10,2393.21,1,No Action,Recovered
C13486,13605.18,Card,Insufficient Funds,16,15,1,Yes,5,11957.09,1,Payment Link,Recovered
C13487,6808.94,UPI,Temporary Failure,1,0,1,No,34,7648.63,1,No Action,Not Recovered
C13488,1909.12,Card,Insufficient Funds,10,10,0,Yes,10,1345.4,1,Payment Link,Recovered
C13489,1114.29,NetBanking,Temporary Failure,7,5,2,Yes,9,1399.47,3,No Action,Recovered
C13490,3079.23,Card,Bank Declined,16,6,10,Yes,32,2759.82,0,No Action,Recovered
C13491,3372.08,Card,Bank Declined,10,7,3,Yes,5,3723.78,0,Reminder,Recovered
C13492,5949.18,NetBanking,Bank Declined,12,0,12,Yes,35,5944.72,0,No Action,Not Recovered
C13493,2606.59,Card,Technical Error,17,14,3,Yes,11,2646.89,2,No Action,Not Recovered
C13494,6022.45,UPI,Insufficient Funds,13,9,4,Yes,16,7169.15,1,Payment Link,Recovered
C13495,18810.54,NetBanking,Bank Declined,12,11,1,Yes,27,20716.73,1,Reminder,Not Recovered
C13496,7680.58,UPI,Technical Error,15,3,12,No,20,6146.36,2,No Action,Not Recovered
C13497,3849.04,Wallet,Insufficient Funds,14,5,9,No,1,2537.98,1,Payment Link,Not Recovered
C13498,3454.83,UPI,Technical Error,19,16,3,Yes,26,4395.19,1,Retry,Recovered
C13499,3007.04,UPI,Insufficient Funds,19,3,16,No,11,3932.95,1,Payment Link,Not Recovered
C13500,10286.24,NetBanking,Insufficient Funds,14,5,9,Yes,15,7525.38,1,Payment Link,Recovered
C13501,2421.64,UPI,Technical Error,18,10,8,No,18,2052.54,1,No Action,Recovered
C13502,4147.36,Card,Temporary Failure,5,3,2,No,24,3425.2,3,No Action,Not Recovered
C13503,4167.23,NetBanking,Insufficient Funds,20,11,9,No,28,5625.59,0,Payment Link,Not Recovered
C13504,2677.46,NetBanking,Temporary Failure,6,4,2,Yes,25,2045.1,3,No Action,Recovered
C13505,1334.19,Wallet,Insufficient Funds,18,9,9,No,23,978.27,1,Payment Link,Recovered
C13506,5179.32,UPI,Temporary Failure,14,13,1,Yes,11,3861.03,0,Retry,Recovered
C13507,3809.47,Card,Bank Declined,4,1,3,No,33,4510.01,0,No Action,Not Recovered
C13508,5968.45,UPI,Technical Error,1,1,0,No,16,7821.15,0,Retry,Recovered
C13509,2610.17,UPI,Technical Error,13,4,9,No,36,2387.51,0,No Action,Not Recovered
C13510,10622.26,NetBanking,Insufficient Funds,11,1,10,Yes,23,7529.74,2,No Action,Not Recovered
C13511,1983.52,UPI,Authentication Failure,3,0,3,No,6,2119.55,0,No Action,Not Recovered
C13512,15735.61,Card,Bank Declined,17,12,5,Yes,24,12084.13,2,No Action,Not Recovered
C13513,988.25,Card,Insufficient Funds,18,13,5,Yes,6,643.67,2,No Action,Recovered
C13514,5663.89,Card,Technical Error,10,2,8,No,10,7413.95,0,No Action,Not Recovered
C13515,5851.15,Wallet,Technical Error,16,10,6,Yes,22,7587.03,1,Reminder,Not Recovered
C13516,2116.68,UPI,Technical Error,13,10,3,Yes,23,2922.56,1,Retry,Recovered
C13517,5617.07,Card,Temporary Failure,20,3,17,Yes,5,5500.26,0,No Action,Recovered
C13518,11132.95,NetBanking,Insufficient Funds,12,12,0,Yes,28,9298.25,0,Payment Link,Recovered
C13519,678.98,Card,Authentication Failure,4,4,0,Yes,9,825.52,2,No Action,Recovered
C13520,5980.42,UPI,Bank Declined,8,7,1,Yes,28,4451.8,3,No Action,Not Recovered
C13521,544.26,Card,Bank Declined,12,7,5,Yes,25,432.49,2,No Action,Recovered
C13522,1847.37,UPI,Bank Declined,19,12,7,Yes,27,1486.29,1,Reminder,Recovered
C13523,14726.19,UPI,Technical Error,15,6,9,No,24,20046.7,3,No Action,Not Recovered
C13524,2511.47,NetBanking,Temporary Failure,16,9,7,No,16,2973.22,3,No Action,Not Recovered
C13525,1563.91,Card,Bank Declined,12,12,0,Yes,2,1105.62,3,No Action,Recovered
C13526,3414.2,Wallet,Temporary Failure,20,12,8,No,2,2302.12,2,No Action,Not Recovered
C13527,20918.2,NetBanking,Bank Declined,18,16,2,Yes,5,26655.06,2,No Action,Recovered
C13528,923.99,Card,Technical Error,12,5,7,No,21,1147.43,0,No Action,Recovered
C13529,1725.03,UPI,Temporary Failure,16,1,15,Yes,10,1961.01,2,No Action,Not Recovered
C13530,13253.21,UPI,Bank Declined,20,16,4,Yes,18,10031.1,2,No Action,Not Recovered
C13531,17680.39,UPI,Insufficient Funds,11,11,0,Yes,26,17401.51,3,No Action,Not Recovered
C13532,3682.34,Wallet,Temporary Failure,20,5,15,No,20,3984.96,3,No Action,Not Recovered
C13533,1484.46,UPI,Insufficient Funds,14,4,10,No,36,1997.65,2,No Action,Not Recovered
C13534,21390.98,UPI,Temporary Failure,2,2,0,Yes,21,15733.9,1,Retry,Recovered
C13535,14322.74,Card,Insufficient Funds,13,4,9,No,2,14499.73,3,No Action,Not Recovered
C13536,6885.74,UPI,Insufficient Funds,14,8,6,Yes,33,5000.43,0,Payment Link,Not Recovered
C13537,2088.35,UPI,Technical Error,6,0,6,No,23,1994.54,1,No Action,Not Recovered
C13538,3846.14,Card,Technical Error,12,11,1,No,31,2923.48,3,No Action,Not Recovered
C13539,3518.4,UPI,Bank Declined,7,3,4,No,4,4464.67,0,No Action,Not Recovered
C13540,5212.06,UPI,Temporary Failure,4,4,0,Yes,3,4189.4,3,No Action,Recovered
C13541,12769.96,UPI,Authentication Failure,7,6,1,No,10,11923.1,0,Reminder,Not Recovered
C13542,8083.52,Card,Bank Declined,13,2,11,Yes,32,7487.2,3,No Action,Not Recovered
C13543,1689.43,Card,Temporary Failure,11,6,5,No,36,2184.49,3,No Action,Recovered
C13544,12031.06,UPI,Technical Error,8,3,5,No,27,14512.32,2,No Action,Not Recovered
C13545,5138.7,Card,Temporary Failure,19,4,15,No,19,3319.91,1,No Action,Not Recovered
C13546,6930.6,UPI,Bank Declined,2,2,0,No,1,4530.33,1,Reminder,Recovered
C13547,12929.7,Wallet,Insufficient Funds,18,11,7,No,26,13459.27,2,No Action,Recovered
C13548,1643.83,UPI,Insufficient Funds,10,6,4,No,13,1548.78,3,No Action,Not Recovered
C13549,3886.99,Card,Authentication Failure,6,6,0,Yes,35,3189.15,1,Reminder,Recovered
C13550,2614.65,NetBanking,Insufficient Funds,4,1,3,Yes,2,3226.73,0,Payment Link,Not Recovered
C13551,1141.12,NetBanking,Temporary Failure,19,7,12,No,22,802.1,0,No Action,Not Recovered
C13552,5278.61,UPI,Authentication Failure,14,0,14,No,28,7280.5,3,No Action,Not Recovered
C13553,29830.75,UPI,Authentication Failure,14,4,10,No,2,18473.65,3,No Action,Not Recovered
C13554,917.81,Card,Bank Declined,18,14,4,No,11,637.5,0,Reminder,Not Recovered
C13555,3898.02,UPI,Insufficient Funds,17,8,9,Yes,26,3309.63,3,No Action,Not Recovered
C13556,6677.4,NetBanking,Temporary Failure,18,10,8,No,28,6726.27,2,No Action,Recovered
C13557,4413.89,Card,Technical Error,18,12,6,Yes,26,3411.53,1,Reminder,Recovered
C13558,3653.89,Card,Temporary Failure,5,1,4,No,17,4344.37,0,No Action,Not Recovered
C13559,1414.71,UPI,Temporary Failure,9,0,9,No,3,1253.48,2,No Action,Not Recovered
C13560,4818.79,Card,Bank Declined,1,1,0,No,14,3039.84,0,Reminder,Recovered
C13561,2183.4,Card,Temporary Failure,4,0,4,No,16,2843.17,0,No Action,Not Recovered
C13562,693.75,NetBanking,Temporary Failure,7,1,6,No,36,940.1,3,No Action,Not Recovered
C13563,10401.69,UPI,Insufficient Funds,11,4,7,No,28,11388.3,1,Payment Link,Not Recovered
C13564,8610.68,UPI,Temporary Failure,14,13,1,No,28,10722.27,2,No Action,Not Recovered
C13565,4168.78,UPI,Temporary Failure,10,10,0,No,25,2905.18,0,Retry,Recovered
C13566,4804.51,UPI,Temporary Failure,19,14,5,Yes,9,3915.95,0,Retry,Not Recovered
C13567,9447.49,Card,Temporary Failure,8,1,7,No,11,8126.59,3,No Action,Recovered
C13568,4786.34,Wallet,Technical Error,3,2,1,No,21,6550.6,2,No Action,Not Recovered
C13569,8244.19,UPI,Technical Error,8,4,4,No,2,8324.8,3,No Action,Not Recovered
C13570,3152.86,NetBanking,Insufficient Funds,18,13,5,Yes,34,1910.42,3,No Action,Not Recovered
C13571,11425.88,UPI,Bank Declined,5,4,1,Yes,13,10330.69,2,No Action,Recovered
C13572,5170.26,UPI,Temporary Failure,20,5,15,Yes,5,3134.21,1,No Action,Not Recovered
C13573,4671.76,UPI,Temporary Failure,11,9,2,Yes,11,3691.83,3,No Action,Recovered
C13574,1448.09,UPI,Temporary Failure,9,5,4,No,29,1395.61,0,No Action,Recovered
C13575,5032.21,Wallet,Bank Declined,19,14,5,No,28,4321.23,1,Reminder,Recovered
C13576,2055.93,UPI,Technical Error,12,12,0,Yes,28,1287.4,0,Retry,Recovered
C13577,2400.48,Card,Bank Declined,5,3,2,No,5,1663.7,1,Reminder,Not Recovered
C13578,2083.38,Card,Insufficient Funds,16,9,7,No,20,2168.19,0,Payment Link,Not Recovered
C13579,1704.56,Wallet,Temporary Failure,13,11,2,Yes,10,1971.3,3,No Action,Recovered
C13580,21891.79,UPI,Technical Error,6,2,4,No,32,20220.12,3,No Action,Not Recovered
C13581,11604.18,UPI,Insufficient Funds,16,8,8,No,29,13753.1,3,No Action,Not Recovered
C13582,18589.34,UPI,Technical Error,18,9,9,No,2,13582.6,2,No Action,Recovered
C13583,1503.77,UPI,Bank Declined,17,3,14,Yes,1,1049.1,3,No Action,Recovered
C13584,4234.64,UPI,Technical Error,12,5,7,No,20,5384.61,1,No Action,Not Recovered
C13585,1421.18,NetBanking,Authentication Failure,1,1,0,No,1,1238.37,3,No Action,Not Recovered
C13586,2292.72,Card,Authentication Failure,7,3,4,No,4,2168.45,2,No Action,Not Recovered
C13587,1918.98,Card,Bank Declined,14,14,0,Yes,15,2606.1,0,Reminder,Recovered
C13588,10782.9,Card,Bank Declined,18,5,13,No,30,10128.27,2,No Action,Not Recovered
C13589,2913.37,UPI,Temporary Failure,1,1,0,No,6,1756.16,1,Retry,Recovered
C13590,9402.71,UPI,Authentication Failure,20,7,13,No,1,12697.21,1,No Action,Not Recovered
C13591,6485.64,Wallet,Insufficient Funds,10,7,3,Yes,7,3964.64,2,No Action,Not Recovered
C13592,25259.58,NetBanking,Temporary Failure,15,11,4,Yes,5,28539.01,0,Retry,Recovered
C13593,1224.75,NetBanking,Insufficient Funds,11,5,6,No,7,1051.22,3,No Action,Not Recovered
C13594,10953.74,NetBanking,Temporary Failure,4,0,4,No,36,10694.27,1,No Action,Not Recovered
C13595,10008.62,UPI,Bank Declined,15,12,3,No,3,10387.23,3,No Action,Recovered
C13596,1836.0,UPI,Bank Declined,16,0,16,No,12,1701.55,0,No Action,Not Recovered
C13597,8953.11,UPI,Insufficient Funds,15,13,2,Yes,15,10918.27,1,Payment Link,Recovered
C13598,5234.18,UPI,Temporary Failure,17,17,0,Yes,20,7037.7,0,Retry,Recovered
C13599,3334.47,UPI,Authentication Failure,11,0,11,No,21,2231.19,0,No Action,Recovered
C13600,2069.17,Card,Technical Error,18,16,2,Yes,32,2566.19,2,No Action,Recovered
C13601,2250.17,Card,Technical Error,16,11,5,Yes,12,1581.73,0,Reminder,Recovered
C13602,20617.58,NetBanking,Insufficient Funds,15,11,4,Yes,7,13694.64,1,Payment Link,Recovered
C13603,4002.19,Card,Technical Error,11,5,6,Yes,31,5461.65,2,No Action,Not Recovered
C13604,7478.25,Wallet,Insufficient Funds,13,6,7,No,1,7414.22,1,Payment Link,Not Recovered
C13605,2124.58,UPI,Temporary Failure,18,7,11,No,11,1534.12,2,No Action,Not Recovered
C13606,2143.44,UPI,Temporary Failure,8,2,6,No,34,2263.4,2,No Action,Not Recovered
C13607,9505.61,Card,Insufficient Funds,9,0,9,No,19,7705.15,0,Payment Link,Not Recovered
C13608,1358.84,UPI,Temporary Failure,11,4,7,No,11,1320.04,0,No Action,Not Recovered
C13609,2869.46,UPI,Authentication Failure,17,7,10,Yes,33,3155.62,3,No Action,Recovered
C13610,4110.38,UPI,Temporary Failure,1,1,0,Yes,33,5324.65,1,Retry,Recovered
C13611,4372.75,UPI,Insufficient Funds,11,11,0,No,8,2634.43,1,Payment Link,Not Recovered
C13612,3466.06,Card,Insufficient Funds,7,2,5,No,8,2673.42,3,No Action,Not Recovered
C13613,5490.12,UPI,Insufficient Funds,8,3,5,Yes,34,3716.9,0,Payment Link,Not Recovered
C13614,6962.78,Card,Bank Declined,19,17,2,Yes,27,4718.52,1,Reminder,Recovered
C13615,7199.45,Card,Temporary Failure,4,0,4,No,29,9766.93,1,No Action,Not Recovered
C13616,1817.84,UPI,Technical Error,4,3,1,Yes,14,2452.02,0,Retry,Recovered
C13617,3186.65,UPI,Insufficient Funds,19,12,7,Yes,34,3822.22,2,No Action,Not Recovered
C13618,10403.11,UPI,Bank Declined,9,8,1,Yes,1,11593.75,0,Reminder,Not Recovered
C13619,8182.62,UPI,Technical Error,17,6,11,No,9,10460.47,3,No Action,Not Recovered
C13620,1333.77,Card,Authentication Failure,18,16,2,No,10,862.59,1,Reminder,Recovered
C13621,5298.79,NetBanking,Technical Error,1,1,0,Yes,30,3685.78,2,No Action,Recovered
C13622,821.78,Card,Bank Declined,14,7,7,No,18,701.55,3,No Action,Recovered
C13623,4153.05,UPI,Insufficient Funds,4,4,0,No,17,5257.74,0,Payment Link,Recovered
C13624,18256.26,Card,Bank Declined,10,2,8,Yes,6,17850.72,2,No Action,Not Recovered
C13625,1873.82,Card,Technical Error,14,11,3,Yes,11,1879.18,1,Retry,Recovered
C13626,2052.04,Card,Authentication Failure,7,6,1,Yes,24,1607.59,2,No Action,Recovered
C13627,7370.74,Card,Temporary Failure,12,4,8,No,36,8245.72,1,No Action,Not Recovered
C13628,1164.22,Card,Insufficient Funds,16,3,13,No,33,1525.45,0,Payment Link,Not Recovered
C13629,2411.12,Card,Technical Error,5,2,3,No,33,2082.27,2,No Action,Not Recovered
C13630,6445.92,Card,Insufficient Funds,11,6,5,No,18,7060.53,2,No Action,Not Recovered
C13631,2408.17,UPI,Insufficient Funds,4,2,2,No,5,2084.41,2,No Action,Recovered
C13632,3311.89,Card,Insufficient Funds,13,7,6,Yes,31,4087.45,1,Payment Link,Recovered
C13633,7254.65,UPI,Bank Declined,8,4,4,No,16,7109.32,0,No Action,Not Recovered
C13634,5604.28,UPI,Authentication Failure,7,4,3,No,2,4884.55,0,No Action,Recovered
C13635,4951.79,Wallet,Insufficient Funds,11,10,1,Yes,9,4635.07,1,Payment Link,Recovered
C13636,3049.56,Wallet,Temporary Failure,11,4,7,No,2,2052.3,2,No Action,Recovered
C13637,5378.14,UPI,Temporary Failure,17,7,10,Yes,20,6953.36,1,No Action,Recovered
C13638,3623.02,UPI,Temporary Failure,14,4,10,No,17,4950.69,1,No Action,Not Recovered
C13639,5769.23,UPI,Bank Declined,2,0,2,No,25,5664.99,3,No Action,Not Recovered
C13640,2687.87,Card,Bank Declined,20,16,4,No,19,2088.66,0,Reminder,Not Recovered
C13641,3456.44,NetBanking,Temporary Failure,8,2,6,No,8,3911.74,1,No Action,Not Recovered
C13642,1811.81,Wallet,Bank Declined,2,1,1,No,11,1742.79,2,No Action,Not Recovered
C13643,3889.53,Card,Technical Error,15,11,4,Yes,13,3118.78,1,Retry,Recovered
C13644,2090.69,UPI,Temporary Failure,5,1,4,No,13,1318.7,1,No Action,Recovered
C13645,1640.59,Card,Insufficient Funds,6,4,2,Yes,9,2152.07,1,Payment Link,Not Recovered
C13646,4919.58,UPI,Authentication Failure,17,0,17,No,5,6087.43,2,No Action,Not Recovered
C13647,4742.13,Wallet,Insufficient Funds,8,0,8,No,18,5990.28,3,No Action,Recovered
C13648,7482.7,NetBanking,Technical Error,19,16,3,No,14,7122.57,1,Retry,Recovered
C13649,2833.16,Card,Insufficient Funds,5,0,5,No,34,3407.17,0,Payment Link,Not Recovered
C13650,5544.11,UPI,Technical Error,19,0,19,No,22,5904.37,1,No Action,Not Recovered
C13651,6214.79,UPI,Technical Error,14,6,8,Yes,33,5592.19,3,No Action,Recovered
C13652,5709.4,UPI,Bank Declined,10,5,5,No,24,7274.88,1,No Action,Not Recovered
C13653,2066.32,NetBanking,Authentication Failure,13,8,5,No,29,2890.79,0,Reminder,Not Recovered
C13654,4507.69,Card,Authentication Failure,5,2,3,Yes,13,5947.56,3,No Action,Not Recovered
C13655,5352.73,UPI,Bank Declined,7,0,7,Yes,27,6535.43,0,No Action,Not Recovered
C13656,4023.04,Card,Temporary Failure,10,3,7,No,1,4819.63,0,No Action,Not Recovered
C13657,753.6,NetBanking,Insufficient Funds,11,8,3,Yes,7,844.18,0,Payment Link,Recovered
C13658,4547.99,UPI,Technical Error,3,1,2,Yes,4,5834.59,3,No Action,Not Recovered
C13659,23484.0,NetBanking,Bank Declined,13,12,1,Yes,10,23354.02,3,No Action,Recovered
C13660,2998.95,NetBanking,Temporary Failure,2,1,1,No,35,2235.37,0,No Action,Not Recovered
C13661,2234.09,Wallet,Temporary Failure,4,4,0,No,16,2713.17,0,Retry,Recovered
C13662,5392.31,UPI,Bank Declined,3,0,3,No,27,7202.0,2,No Action,Not Recovered
C13663,5135.6,UPI,Temporary Failure,15,14,1,Yes,20,4483.8,3,No Action,Recovered
C13664,10386.25,UPI,Insufficient Funds,4,0,4,No,10,12737.56,1,Payment Link,Not Recovered
C13665,1462.28,UPI,Technical Error,4,4,0,Yes,33,1197.58,3,No Action,Recovered
C13666,7180.71,UPI,Bank Declined,15,3,12,No,7,9723.26,2,No Action,Not Recovered
C13667,6414.96,Card,Temporary Failure,6,1,5,No,22,7356.48,2,No Action,Not Recovered
C13668,3570.04,Card,Temporary Failure,5,2,3,No,17,3767.89,0,No Action,Not Recovered
C13669,5244.84,NetBanking,Temporary Failure,12,4,8,No,9,6419.14,3,No Action,Not Recovered
C13670,9114.44,UPI,Temporary Failure,7,0,7,No,10,11398.38,1,No Action,Not Recovered
C13671,8037.73,Card,Bank Declined,3,2,1,Yes,36,10560.74,3,No Action,Recovered
C13672,1603.0,NetBanking,Bank Declined,7,7,0,No,31,2117.4,2,No Action,Not Recovered
C13673,7709.25,NetBanking,Temporary Failure,12,0,12,No,31,4950.52,1,No Action,Recovered
C13674,3798.26,NetBanking,Temporary Failure,15,1,14,No,5,2652.42,1,No Action,Not Recovered
C13675,4240.13,Card,Temporary Failure,19,9,10,No,18,5346.16,0,No Action,Recovered
C13676,4241.22,Wallet,Authentication Failure,6,4,2,Yes,6,5754.66,3,No Action,Not Recovered
C13677,3546.99,UPI,Insufficient Funds,8,2,6,No,28,3001.24,3,No Action,Not Recovered
C13678,10377.71,Card,Authentication Failure,6,5,1,Yes,24,6298.04,3,No Action,Not Recovered
C13679,3740.88,UPI,Technical Error,3,2,1,No,5,3210.29,1,Reminder,Recovered
C13680,1633.39,UPI,Bank Declined,5,2,3,No,28,1480.33,2,No Action,Not Recovered
C13681,2919.67,UPI,Technical Error,9,7,2,Yes,3,3529.38,2,No Action,Recovered
C13682,4614.72,UPI,Temporary Failure,16,15,1,Yes,18,2944.5,0,Retry,Recovered
C13683,10693.82,UPI,Bank Declined,16,9,7,No,4,8235.44,2,No Action,Not Recovered
C13684,6480.32,UPI,Temporary Failure,9,8,1,No,32,8522.75,3,No Action,Not Recovered
C13685,2025.6,UPI,Technical Error,18,14,4,Yes,32,1466.24,0,Retry,Not Recovered
C13686,29208.11,Wallet,Temporary Failure,13,5,8,No,19,35265.82,2,No Action,Recovered
C13687,4943.7,UPI,Technical Error,11,4,7,No,29,4395.19,2,No Action,Recovered
C13688,11096.25,Card,Temporary Failure,10,3,7,No,33,12540.18,0,No Action,Recovered
C13689,3542.82,UPI,Authentication Failure,10,1,9,Yes,2,2334.99,1,No Action,Not Recovered
C13690,6128.69,Wallet,Insufficient Funds,6,5,1,Yes,11,5082.19,0,Payment Link,Recovered
C13691,7829.27,NetBanking,Bank Declined,16,15,1,Yes,33,7358.2,1,Reminder,Not Recovered
C13692,10599.96,Card,Insufficient Funds,12,1,11,No,1,13629.11,3,No Action,Not Recovered
C13693,9320.25,Card,Insufficient Funds,4,4,0,No,17,9793.69,1,Payment Link,Recovered
C13694,8036.97,UPI,Bank Declined,5,0,5,No,16,5112.96,0,No Action,Not Recovered
C13695,3108.76,Wallet,Authentication Failure,2,2,0,Yes,2,3859.5,3,No Action,Not Recovered
C13696,2531.72,NetBanking,Temporary Failure,19,9,10,No,4,1629.46,0,No Action,Not Recovered
C13697,5219.39,NetBanking,Authentication Failure,1,0,1,Yes,32,7033.09,0,No Action,Not Recovered
C13698,8438.43,Card,Bank Declined,4,4,0,No,7,6492.31,1,Reminder,Not Recovered
C13699,3347.18,UPI,Technical Error,12,12,0,Yes,29,3314.85,1,Retry,Recovered
C13700,9378.61,NetBanking,Insufficient Funds,2,2,0,No,9,6169.48,1,Payment Link,Not Recovered
C13701,12786.47,UPI,Insufficient Funds,12,7,5,Yes,35,13417.74,3,No Action,Not Recovered
C13702,1921.75,Card,Authentication Failure,16,10,6,No,5,1917.49,1,Reminder,Recovered
C13703,2047.78,UPI,Insufficient Funds,2,2,0,Yes,21,1900.75,3,No Action,Recovered
C13704,3575.1,Wallet,Bank Declined,17,1,16,No,17,2246.8,0,No Action,Not Recovered
C13705,5116.06,UPI,Temporary Failure,2,1,1,No,14,6666.99,0,No Action,Recovered
C13706,2629.1,UPI,Temporary Failure,4,4,0,Yes,32,3265.63,1,Retry,Recovered
C13707,11799.49,Card,Bank Declined,6,2,4,No,15,13055.24,2,No Action,Not Recovered
C13708,5615.6,NetBanking,Technical Error,7,6,1,No,21,5940.09,0,Retry,Recovered
C13709,4128.24,Card,Bank Declined,15,8,7,No,14,4772.07,2,No Action,Not Recovered
C13710,1268.16,UPI,Temporary Failure,20,11,9,Yes,16,906.98,2,No Action,Not Recovered
C13711,1396.04,UPI,Insufficient Funds,12,9,3,No,1,1879.23,2,No Action,Not Recovered
C13712,5008.33,NetBanking,Insufficient Funds,5,2,3,No,18,4145.59,1,Payment Link,Recovered
C13713,726.31,Wallet,Insufficient Funds,14,3,11,No,34,817.24,3,No Action,Not Recovered
C13714,8992.62,NetBanking,Authentication Failure,16,13,3,Yes,26,9760.63,0,Reminder,Recovered
C13715,3524.62,Card,Technical Error,11,5,6,Yes,36,3909.83,2,No Action,Recovered
C13716,50000.0,Wallet,Temporary Failure,12,2,10,No,21,65158.08,3,No Action,Not Recovered
C13717,25346.16,UPI,Authentication Failure,19,16,3,Yes,1,21207.87,1,Reminder,Recovered
C13718,3459.54,Card,Insufficient Funds,17,12,5,Yes,27,4148.54,0,Payment Link,Recovered
C13719,3673.79,Card,Technical Error,7,7,0,Yes,11,3962.96,3,No Action,Recovered
C13720,8870.75,UPI,Temporary Failure,9,1,8,No,14,5862.22,1,No Action,Recovered
C13721,15624.38,NetBanking,Bank Declined,14,12,2,Yes,28,14551.36,0,Reminder,Recovered
C13722,1078.82,Card,Temporary Failure,20,9,11,No,27,1370.49,0,No Action,Recovered
C13723,958.1,UPI,Insufficient Funds,12,6,6,Yes,22,816.57,1,Payment Link,Recovered
C13724,2431.88,UPI,Temporary Failure,15,8,7,Yes,21,2397.37,2,No Action,Recovered
C13725,6375.64,UPI,Temporary Failure,12,0,12,No,24,6317.69,0,No Action,Recovered
C13726,5952.39,Card,Temporary Failure,13,12,1,No,19,6514.34,0,Retry,Recovered
C13727,9413.19,UPI,Temporary Failure,9,3,6,No,24,12305.06,2,No Action,Not Recovered
C13728,1531.94,UPI,Temporary Failure,7,6,1,Yes,26,1131.85,3,No Action,Not Recovered
C13729,627.12,Card,Bank Declined,1,1,0,Yes,25,629.44,0,Reminder,Recovered
C13730,7946.29,Card,Temporary Failure,10,8,2,Yes,29,7464.85,3,No Action,Not Recovered
C13731,2062.13,NetBanking,Bank Declined,6,1,5,No,10,1725.46,2,No Action,Not Recovered
C13732,795.73,Card,Temporary Failure,15,1,14,No,11,1062.85,0,No Action,Recovered
C13733,4492.21,NetBanking,Authentication Failure,15,5,10,No,24,2724.69,2,No Action,Recovered
C13734,7544.62,Wallet,Authentication Failure,9,2,7,No,24,5263.76,0,No Action,Not Recovered
C13735,3627.88,NetBanking,Temporary Failure,13,3,10,No,12,4305.12,0,No Action,Not Recovered
C13736,2773.24,Card,Bank Declined,1,0,1,Yes,7,2248.41,0,No Action,Recovered
C13737,3521.21,UPI,Temporary Failure,9,0,9,No,17,4149.9,2,No Action,Not Recovered
C13738,2973.76,Wallet,Authentication Failure,3,1,2,Yes,35,3764.19,0,No Action,Recovered
C13739,1360.51,UPI,Bank Declined,9,5,4,No,6,1093.43,3,No Action,Recovered
C13740,2258.16,UPI,Temporary Failure,20,10,10,Yes,12,1701.65,1,No Action,Not Recovered
C13741,6069.76,UPI,Insufficient Funds,15,15,0,Yes,15,4347.41,1,Payment Link,Recovered
C13742,5173.95,UPI,Temporary Failure,7,2,5,No,32,3932.57,1,No Action,Recovered
C13743,4575.62,Wallet,Insufficient Funds,4,4,0,No,23,3723.4,3,No Action,Not Recovered
C13744,1804.31,Card,Bank Declined,20,17,3,Yes,7,2336.58,0,Reminder,Recovered
C13745,3459.39,Card,Insufficient Funds,17,1,16,Yes,31,4206.63,2,No Action,Not Recovered
C13746,700.92,Card,Insufficient Funds,4,4,0,Yes,29,421.59,2,No Action,Not Recovered
C13747,4613.91,Card,Temporary Failure,19,7,12,No,28,5994.83,0,No Action,Not Recovered
C13748,12545.73,UPI,Temporary Failure,5,5,0,Yes,12,8318.44,3,No Action,Recovered
C13749,1229.97,Card,Temporary Failure,16,1,15,No,27,1382.75,1,No Action,Not Recovered
C13750,2503.16,Card,Technical Error,3,0,3,Yes,4,1805.23,3,No Action,Not Recovered
C13751,5204.79,UPI,Temporary Failure,11,9,2,No,21,3382.18,3,No Action,Not Recovered
C13752,10897.88,NetBanking,Bank Declined,15,7,8,No,9,13162.64,2,No Action,Not Recovered
C13753,2794.67,UPI,Insufficient Funds,19,6,13,Yes,34,2721.34,0,Payment Link,Not Recovered
C13754,2299.05,UPI,Temporary Failure,14,12,2,No,21,2481.25,2,No Action,Not Recovered
C13755,827.92,UPI,Bank Declined,16,14,2,No,23,778.48,1,Reminder,Recovered
C13756,4345.08,UPI,Insufficient Funds,6,5,1,No,24,2840.54,1,Payment Link,Recovered
C13757,20490.37,NetBanking,Insufficient Funds,5,1,4,Yes,10,24418.26,2,No Action,Not Recovered
C13758,4993.72,NetBanking,Bank Declined,17,4,13,No,6,6273.52,0,No Action,Not Recovered
C13759,3929.34,UPI,Insufficient Funds,16,0,16,Yes,21,2487.81,0,Payment Link,Not Recovered
C13760,5175.63,Card,Insufficient Funds,2,2,0,No,29,4661.04,3,No Action,Recovered
C13761,3964.66,Card,Bank Declined,11,1,10,No,21,4146.45,3,No Action,Not Recovered
C13762,2087.32,UPI,Bank Declined,4,0,4,Yes,22,2262.96,2,No Action,Not Recovered
C13763,7728.53,UPI,Temporary Failure,6,0,6,No,35,8211.74,1,No Action,Recovered
C13764,4791.79,Wallet,Insufficient Funds,7,7,0,Yes,5,5531.41,0,Payment Link,Recovered
C13765,4056.76,Card,Temporary Failure,17,6,11,No,15,5571.77,2,No Action,Not Recovered
C13766,1833.09,Wallet,Temporary Failure,8,0,8,No,19,1672.64,2,No Action,Not Recovered
C13767,11348.67,UPI,Bank Declined,1,0,1,Yes,16,11862.75,1,No Action,Not Recovered
C13768,6807.72,Card,Authentication Failure,15,5,10,No,23,7891.94,3,No Action,Not Recovered
C13769,2570.13,UPI,Authentication Failure,20,19,1,No,4,2760.16,1,Reminder,Recovered
C13770,8915.17,UPI,Temporary Failure,12,11,1,Yes,21,8107.46,3,No Action,Recovered
C13771,2686.5,Card,Insufficient Funds,15,3,12,No,24,2953.17,3,No Action,Not Recovered
C13772,2139.76,UPI,Bank Declined,15,14,1,Yes,26,2396.72,0,Reminder,Recovered
C13773,2178.27,UPI,Temporary Failure,9,4,5,No,2,2326.34,0,No Action,Not Recovered
C13774,969.9,UPI,Technical Error,16,1,15,No,8,741.09,3,No Action,Not Recovered
C13775,5832.98,UPI,Technical Error,2,0,2,No,9,5860.89,3,No Action,Recovered
C13776,924.39,Card,Authentication Failure,15,1,14,No,2,1208.63,0,No Action,Not Recovered
C13777,1497.11,Card,Temporary Failure,15,11,4,No,14,1938.58,3,No Action,Not Recovered
C13778,760.2,UPI,Temporary Failure,7,3,4,No,20,912.72,3,No Action,Not Recovered
C13779,3733.85,UPI,Technical Error,13,9,4,Yes,2,4322.89,3,No Action,Not Recovered
C13780,3546.77,UPI,Bank Declined,17,10,7,Yes,4,2562.98,1,No Action,Not Recovered
C13781,3080.02,Card,Authentication Failure,11,4,7,No,35,2980.14,2,No Action,Not Recovered
C13782,1737.13,UPI,Temporary Failure,10,5,5,No,14,1196.47,3,No Action,Not Recovered
C13783,1565.97,NetBanking,Bank Declined,1,1,0,No,21,1963.46,0,Reminder,Recovered
C13784,5799.61,UPI,Bank Declined,14,8,6,Yes,15,4830.12,3,No Action,Not Recovered
C13785,2575.01,UPI,Temporary Failure,5,3,2,No,20,3124.76,3,No Action,Recovered
C13786,5151.98,NetBanking,Bank Declined,8,4,4,No,6,6448.54,0,No Action,Not Recovered
C13787,1970.12,Card,Bank Declined,1,1,0,Yes,28,2588.73,0,Reminder,Recovered
C13788,4623.47,UPI,Temporary Failure,7,3,4,No,2,5562.33,3,No Action,Not Recovered
C13789,11346.58,NetBanking,Temporary Failure,2,1,1,No,28,11934.14,2,No Action,Not Recovered
C13790,6393.15,Card,Bank Declined,7,1,6,No,34,6895.32,0,No Action,Not Recovered
C13791,2875.89,NetBanking,Insufficient Funds,7,3,4,No,14,2463.1,0,Payment Link,Recovered
C13792,4913.83,Card,Authentication Failure,9,6,3,No,9,3644.08,1,Reminder,Recovered
C13793,3299.47,Card,Insufficient Funds,4,2,2,Yes,23,2324.51,3,No Action,Not Recovered
C13794,4025.3,Wallet,Temporary Failure,7,5,2,Yes,35,3001.34,1,Retry,Recovered
C13795,3082.7,UPI,Authentication Failure,20,9,11,No,22,4152.89,1,No Action,Recovered
C13796,3507.23,Card,Authentication Failure,18,3,15,No,5,2565.7,2,No Action,Not Recovered
C13797,4739.68,Card,Temporary Failure,13,8,5,Yes,29,5588.04,3,No Action,Recovered
C13798,1806.89,UPI,Technical Error,11,11,0,Yes,35,1351.02,3,No Action,Recovered
C13799,1774.63,UPI,Temporary Failure,9,4,5,Yes,34,2449.4,1,No Action,Recovered
C13800,1317.14,UPI,Temporary Failure,14,8,6,No,4,1176.56,0,No Action,Recovered
C13801,1111.91,Card,Temporary Failure,8,5,3,Yes,9,1033.75,0,Reminder,Recovered
C13802,1510.54,Card,Temporary Failure,14,7,7,No,14,1395.15,3,No Action,Not Recovered
C13803,4544.26,Card,Technical Error,17,2,15,No,5,5694.72,2,No Action,Not Recovered
C13804,1958.28,UPI,Technical Error,14,6,8,Yes,27,1516.95,2,No Action,Not Recovered
C13805,6032.65,Card,Authentication Failure,5,1,4,No,11,7630.22,3,No Action,Not Recovered
C13806,4112.64,Wallet,Technical Error,10,10,0,Yes,30,4629.38,0,Retry,Recovered
C13807,828.19,UPI,Insufficient Funds,6,3,3,No,34,642.86,2,No Action,Not Recovered
C13808,6754.94,Card,Bank Declined,10,2,8,No,24,4406.42,3,No Action,Not Recovered
C13809,7651.74,NetBanking,Authentication Failure,11,1,10,No,16,9335.08,3,No Action,Not Recovered
C13810,1806.16,NetBanking,Technical Error,6,6,0,Yes,30,1400.08,0,Retry,Recovered
C13811,5598.21,Card,Technical Error,10,7,3,Yes,24,7340.67,1,Retry,Recovered
C13812,2015.96,NetBanking,Authentication Failure,14,3,11,No,3,1418.89,0,No Action,Not Recovered
C13813,4325.08,UPI,Temporary Failure,20,9,11,No,29,4727.71,2,No Action,Not Recovered
C13814,1454.55,NetBanking,Technical Error,3,3,0,Yes,12,1678.16,1,Retry,Not Recovered
C13815,952.95,UPI,Authentication Failure,7,7,0,Yes,27,1073.18,0,Reminder,Recovered
C13816,2944.8,UPI,Authentication Failure,2,0,2,No,29,2511.4,2,No Action,Not Recovered
C13817,3623.03,UPI,Temporary Failure,7,7,0,Yes,2,4711.46,2,No Action,Recovered
C13818,2909.99,NetBanking,Bank Declined,17,1,16,No,29,3538.09,1,No Action,Not Recovered
C13819,1551.26,UPI,Bank Declined,13,8,5,No,9,1563.93,0,Reminder,Not Recovered
C13820,2904.83,UPI,Temporary Failure,9,7,2,Yes,28,3144.87,0,Retry,Recovered
C13821,4961.61,UPI,Bank Declined,13,10,3,Yes,23,5225.06,2,No Action,Not Recovered
C13822,3858.89,Wallet,Temporary Failure,15,9,6,No,13,5237.9,3,No Action,Recovered
C13823,4628.79,NetBanking,Insufficient Funds,13,0,13,No,5,6096.72,3,No Action,Not Recovered
C13824,2340.12,Card,Insufficient Funds,17,10,7,Yes,32,1844.95,1,Payment Link,Recovered
C13825,10213.07,Card,Bank Declined,8,1,7,No,28,8274.71,0,No Action,Not Recovered
C13826,1561.05,Card,Insufficient Funds,9,9,0,Yes,15,2162.29,3,No Action,Recovered
C13827,5908.21,UPI,Insufficient Funds,9,4,5,No,24,4663.05,1,Payment Link,Not Recovered
C13828,10296.53,Wallet,Temporary Failure,8,7,1,Yes,32,14031.94,2,No Action,Recovered
C13829,5876.85,UPI,Temporary Failure,16,8,8,No,21,6580.91,3,No Action,Recovered
C13830,3401.7,UPI,Temporary Failure,20,8,12,Yes,5,2177.39,0,No Action,Recovered
C13831,2621.26,UPI,Temporary Failure,7,0,7,Yes,36,2276.78,2,No Action,Not Recovered
C13832,9162.92,Card,Bank Declined,17,6,11,Yes,28,8988.12,0,No Action,Recovered
C13833,1281.35,Card,Technical Error,7,7,0,Yes,32,1622.8,2,No Action,Not Recovered
C13834,1840.79,Card,Temporary Failure,6,3,3,No,23,1588.36,0,No Action,Not Recovered
C13835,2910.28,UPI,Temporary Failure,5,2,3,No,16,2469.26,1,No Action,Not Recovered
C13836,10766.26,Card,Technical Error,17,9,8,No,10,14385.99,0,No Action,Recovered
C13837,5420.07,UPI,Insufficient Funds,8,2,6,No,29,3594.74,0,Payment Link,Not Recovered
C13838,1843.85,UPI,Authentication Failure,1,0,1,Yes,27,1919.85,2,No Action,Not Recovered
C13839,3120.67,UPI,Technical Error,16,15,1,No,35,3131.25,0,Retry,Recovered
C13840,2446.93,NetBanking,Insufficient Funds,17,5,12,No,24,1580.39,0,Payment Link,Not Recovered
C13841,2267.01,UPI,Temporary Failure,3,2,1,No,23,1519.37,0,Reminder,Recovered
C13842,8753.08,Card,Bank Declined,13,2,11,No,3,7926.56,2,No Action,Not Recovered
C13843,1334.96,Card,Temporary Failure,8,8,0,Yes,36,944.26,3,No Action,Recovered
C13844,14487.98,Card,Temporary Failure,16,14,2,No,14,14233.82,3,No Action,Recovered
C13845,7759.19,Card,Temporary Failure,7,2,5,Yes,4,8435.1,3,No Action,Recovered
C13846,9573.35,UPI,Technical Error,15,12,3,No,32,11039.2,0,Retry,Recovered
C13847,2761.97,UPI,Bank Declined,2,1,1,Yes,20,2864.65,1,No Action,Recovered
C13848,3547.85,Card,Temporary Failure,2,1,1,No,17,3206.29,1,No Action,Recovered
C13849,1270.96,Card,Bank Declined,10,5,5,Yes,29,894.51,2,No Action,Recovered
C13850,2628.9,NetBanking,Insufficient Funds,5,4,1,Yes,32,2097.83,3,No Action,Not Recovered
C13851,5937.08,NetBanking,Bank Declined,4,4,0,Yes,4,5554.36,0,Reminder,Recovered
C13852,11281.28,UPI,Temporary Failure,15,4,11,No,24,15108.92,2,No Action,Not Recovered
C13853,1649.66,UPI,Bank Declined,13,13,0,No,2,1257.17,0,Reminder,Not Recovered
C13854,2985.87,Card,Authentication Failure,17,11,6,No,14,2778.88,2,No Action,Not Recovered
C13855,3544.0,UPI,Temporary Failure,1,1,0,No,34,4202.64,3,No Action,Not Recovered
C13856,1309.52,UPI,Temporary Failure,18,11,7,Yes,2,1524.49,0,Reminder,Recovered
C13857,6419.72,NetBanking,Temporary Failure,15,0,15,No,36,8810.9,3,No Action,Not Recovered
C13858,2241.4,UPI,Temporary Failure,14,5,9,Yes,6,1687.15,3,No Action,Recovered
C13859,3421.17,Wallet,Insufficient Funds,9,6,3,Yes,36,2097.92,0,Payment Link,Not Recovered
C13860,2786.36,Card,Technical Error,12,11,1,No,22,2390.3,3,No Action,Not Recovered
C13861,2127.24,NetBanking,Authentication Failure,5,5,0,Yes,5,1531.09,2,No Action,Recovered
C13862,3977.52,UPI,Temporary Failure,2,0,2,No,22,4131.75,2,No Action,Not Recovered
C13863,3366.27,UPI,Bank Declined,7,3,4,No,11,4440.19,2,No Action,Not Recovered
C13864,2970.73,Card,Bank Declined,9,3,6,No,31,3418.07,3,No Action,Not Recovered
C13865,2233.4,UPI,Bank Declined,18,8,10,No,29,1582.67,0,No Action,Recovered
C13866,5165.05,UPI,Insufficient Funds,4,4,0,Yes,33,3578.72,3,No Action,Not Recovered
C13867,15017.08,UPI,Temporary Failure,2,1,1,No,22,19960.1,3,No Action,Recovered
C13868,4473.65,UPI,Insufficient Funds,1,0,1,Yes,27,4429.31,2,No Action,Not Recovered
C13869,8874.56,UPI,Insufficient Funds,12,7,5,Yes,8,11882.49,0,Payment Link,Recovered
C13870,1315.37,NetBanking,Technical Error,13,6,7,No,6,1563.94,1,No Action,Not Recovered
C13871,4538.08,UPI,Technical Error,14,3,11,No,25,6329.16,1,No Action,Not Recovered
C13872,1662.63,UPI,Temporary Failure,5,1,4,No,34,2156.4,0,No Action,Not Recovered
C13873,1227.22,Card,Temporary Failure,3,0,3,Yes,9,1143.0,0,No Action,Not Recovered
C13874,2213.99,Wallet,Authentication Failure,4,4,0,Yes,36,2671.36,2,No Action,Not Recovered
C13875,10379.3,UPI,Bank Declined,17,9,8,No,31,10140.39,0,No Action,Not Recovered
C13876,8553.21,UPI,Authentication Failure,19,14,5,Yes,19,6726.74,0,Reminder,Recovered
C13877,4858.35,Card,Temporary Failure,11,2,9,No,1,3851.81,3,No Action,Recovered
C13878,1173.67,Wallet,Bank Declined,8,1,7,No,24,1077.26,3,No Action,Not Recovered
C13879,3418.73,NetBanking,Bank Declined,12,2,10,No,34,2356.1,1,No Action,Not Recovered
C13880,5091.92,Card,Authentication Failure,18,10,8,No,17,3779.29,2,No Action,Not Recovered
C13881,4603.07,UPI,Temporary Failure,18,9,9,Yes,34,4605.31,2,No Action,Not Recovered
C13882,915.08,Card,Temporary Failure,9,0,9,No,35,1247.38,0,No Action,Not Recovered
C13883,1962.15,UPI,Insufficient Funds,5,4,1,Yes,36,2084.1,2,No Action,Recovered
C13884,3800.12,Card,Authentication Failure,17,1,16,Yes,13,3521.94,1,No Action,Not Recovered
C13885,6143.09,Card,Authentication Failure,13,11,2,Yes,25,4878.6,3,No Action,Recovered
C13886,690.31,Wallet,Authentication Failure,6,4,2,Yes,12,522.37,1,Reminder,Recovered
C13887,3513.44,UPI,Authentication Failure,14,2,12,No,21,3958.68,1,No Action,Not Recovered
C13888,4484.98,UPI,Temporary Failure,15,4,11,No,1,5734.77,0,No Action,Recovered
C13889,7893.06,Card,Temporary Failure,14,9,5,Yes,6,7254.39,3,No Action,Recovered
C13890,6962.79,Card,Temporary Failure,4,3,1,Yes,11,7244.97,0,Retry,Recovered
C13891,6374.79,NetBanking,Insufficient Funds,18,12,6,Yes,16,7429.06,1,Payment Link,Recovered
C13892,2109.27,UPI,Technical Error,1,0,1,No,22,1363.93,1,No Action,Not Recovered
C13893,869.26,UPI,Authentication Failure,12,5,7,No,11,765.57,2,No Action,Not Recovered
C13894,2920.78,Card,Temporary Failure,9,4,5,No,26,3457.63,2,No Action,Not Recovered
C13895,8913.79,UPI,Bank Declined,10,9,1,No,26,10230.31,2,No Action,Not Recovered
C13896,12195.39,NetBanking,Authentication Failure,18,0,18,No,21,7837.71,2,No Action,Not Recovered
C13897,7062.04,Card,Insufficient Funds,17,8,9,Yes,26,5580.81,1,Payment Link,Recovered
C13898,5639.34,NetBanking,Temporary Failure,19,15,4,No,15,6451.21,2,No Action,Not Recovered
C13899,5419.51,Card,Insufficient Funds,4,2,2,No,35,4428.46,3,No Action,Not Recovered
C13900,2563.57,NetBanking,Insufficient Funds,16,14,2,Yes,11,3208.38,1,Payment Link,Recovered
C13901,3604.73,UPI,Bank Declined,7,1,6,No,9,2247.92,1,No Action,Not Recovered
C13902,15203.87,NetBanking,Insufficient Funds,9,5,4,No,23,11437.53,3,No Action,Not Recovered
C13903,1881.84,UPI,Temporary Failure,8,2,6,Yes,4,1552.61,0,No Action,Recovered
C13904,14557.66,Card,Authentication Failure,7,3,4,No,30,19510.64,2,No Action,Not Recovered
C13905,3091.55,UPI,Bank Declined,10,5,5,Yes,28,3824.42,1,No Action,Not Recovered
C13906,11549.48,Card,Insufficient Funds,8,5,3,Yes,25,15098.82,3,No Action,Not Recovered
C13907,1298.02,UPI,Authentication Failure,17,11,6,Yes,22,1236.21,0,Reminder,Not Recovered
C13908,6391.81,UPI,Temporary Failure,12,1,11,No,25,8041.21,0,No Action,Not Recovered
C13909,2218.6,Wallet,Temporary Failure,14,12,2,Yes,26,2846.01,3,No Action,Recovered
C13910,1289.28,UPI,Technical Error,12,12,0,Yes,29,1186.09,1,Retry,Recovered
C13911,4764.16,NetBanking,Temporary Failure,2,2,0,No,32,6648.72,1,Retry,Recovered
C13912,8969.88,Wallet,Technical Error,12,12,0,Yes,26,11490.33,2,No Action,Recovered
C13913,2034.69,UPI,Temporary Failure,14,8,6,No,28,2806.4,2,No Action,Recovered
C13914,1205.73,Card,Temporary Failure,7,1,6,Yes,20,1559.25,3,No Action,Not Recovered
C13915,3716.63,UPI,Bank Declined,13,2,11,Yes,2,4537.87,3,No Action,Recovered
C13916,3729.77,UPI,Temporary Failure,4,0,4,No,23,5054.12,1,No Action,Not Recovered
C13917,6202.49,UPI,Technical Error,1,1,0,No,5,5804.63,1,Retry,Recovered
C13918,8550.33,Wallet,Bank Declined,17,0,17,Yes,21,10488.41,3,No Action,Not Recovered
C13919,3814.32,UPI,Authentication Failure,3,2,1,No,22,2938.22,3,No Action,Not Recovered
C13920,17649.32,Card,Technical Error,17,12,5,Yes,11,20936.24,0,Retry,Not Recovered
C13921,4785.94,Card,Temporary Failure,8,1,7,No,30,5878.49,0,No Action,Not Recovered
C13922,3031.79,NetBanking,Technical Error,3,2,1,No,28,3556.96,0,Reminder,Recovered
C13923,1101.9,UPI,Bank Declined,10,2,8,No,36,1410.27,0,No Action,Not Recovered
C13924,3241.92,Card,Bank Declined,2,0,2,Yes,17,3017.15,0,No Action,Not Recovered
C13925,3056.24,Card,Technical Error,4,0,4,No,21,3165.7,3,No Action,Recovered
C13926,8623.91,Card,Bank Declined,14,10,4,Yes,36,5247.94,2,No Action,Not Recovered
C13927,5790.86,Wallet,Insufficient Funds,11,5,6,No,25,4151.13,3,No Action,Not Recovered
C13928,1557.06,NetBanking,Bank Declined,14,13,1,Yes,24,1736.67,0,Reminder,Recovered
C13929,4591.0,UPI,Temporary Failure,13,10,3,Yes,30,4819.88,3,No Action,Recovered
C13930,6845.01,Card,Temporary Failure,4,2,2,No,35,5187.6,1,No Action,Recovered
C13931,13581.65,UPI,Bank Declined,2,0,2,No,21,10794.31,3,No Action,Not Recovered
C13932,8135.99,UPI,Temporary Failure,2,2,0,Yes,6,7121.15,3,No Action,Recovered
C13933,7351.99,Card,Temporary Failure,11,10,1,Yes,21,8624.85,2,No Action,Recovered
C13934,4196.97,UPI,Temporary Failure,5,3,2,No,8,4565.35,0,Reminder,Recovered
C13935,5457.24,UPI,Bank Declined,9,9,0,Yes,5,3578.08,0,Reminder,Not Recovered
C13936,10868.82,Wallet,Insufficient Funds,20,8,12,No,10,13129.01,3,No Action,Not Recovered
C13937,1377.23,UPI,Technical Error,17,8,9,No,31,1115.73,3,No Action,Not Recovered
C13938,3024.49,Wallet,Insufficient Funds,12,0,12,Yes,30,3440.08,0,Payment Link,Not Recovered
C13939,2155.97,Card,Insufficient Funds,18,7,11,Yes,21,1506.36,1,Payment Link,Not Recovered
C13940,5417.4,Card,Insufficient Funds,3,2,1,No,36,7575.35,0,Payment Link,Not Recovered
C13941,10702.44,NetBanking,Bank Declined,5,0,5,No,27,7109.29,1,No Action,Not Recovered
C13942,2481.13,UPI,Insufficient Funds,20,4,16,Yes,35,2960.95,3,No Action,Not Recovered
C13943,590.99,UPI,Authentication Failure,14,3,11,No,32,610.53,3,No Action,Not Recovered
C13944,2876.34,UPI,Authentication Failure,16,8,8,No,26,1923.56,1,No Action,Not Recovered
C13945,8306.79,UPI,Technical Error,19,2,17,No,4,5162.24,0,No Action,Not Recovered
C13946,6149.67,Wallet,Authentication Failure,9,5,4,No,27,5474.02,3,No Action,Not Recovered
C13947,5634.13,NetBanking,Insufficient Funds,17,8,9,No,36,6996.35,0,Payment Link,Not Recovered
C13948,3197.28,UPI,Bank Declined,7,0,7,No,27,2023.63,3,No Action,Not Recovered
C13949,1437.74,UPI,Technical Error,10,4,6,No,6,1672.84,2,No Action,Not Recovered
C13950,6040.76,UPI,Bank Declined,4,3,1,Yes,18,6791.63,2,No Action,Not Recovered
C13951,2052.11,UPI,Authentication Failure,10,4,6,No,26,1667.2,2,No Action,Not Recovered
C13952,22955.83,Card,Technical Error,3,2,1,Yes,24,15196.61,1,Reminder,Recovered
C13953,6313.56,UPI,Authentication Failure,9,6,3,Yes,7,8411.29,0,Reminder,Recovered
C13954,2513.75,Card,Insufficient Funds,13,12,1,Yes,14,2112.25,2,No Action,Recovered
C13955,2452.69,UPI,Technical Error,1,0,1,No,13,1690.16,1,No Action,Not Recovered
C13956,3713.37,UPI,Bank Declined,15,7,8,No,26,4252.6,2,No Action,Not Recovered
C13957,3302.54,Card,Bank Declined,15,10,5,No,2,2554.0,3,No Action,Not Recovered
C13958,9774.35,Card,Insufficient Funds,11,4,7,No,23,9583.8,2,No Action,Not Recovered
C13959,4643.31,Wallet,Technical Error,10,0,10,No,28,2973.22,0,No Action,Recovered
C13960,2227.74,NetBanking,Authentication Failure,7,2,5,Yes,1,3106.33,0,No Action,Not Recovered
C13961,18149.57,UPI,Temporary Failure,1,0,1,No,32,17389.05,1,No Action,Not Recovered
C13962,4160.94,UPI,Bank Declined,7,0,7,No,12,5822.35,0,No Action,Not Recovered
C13963,7399.16,NetBanking,Insufficient Funds,5,3,2,No,35,6722.43,2,No Action,Not Recovered
C13964,2458.9,Wallet,Authentication Failure,16,5,11,Yes,26,2159.61,3,No Action,Not Recovered
C13965,5348.34,NetBanking,Insufficient Funds,8,4,4,No,31,7122.16,3,No Action,Recovered
C13966,5130.39,UPI,Temporary Failure,2,0,2,No,12,4430.46,1,No Action,Not Recovered
C13967,882.12,Wallet,Insufficient Funds,8,2,6,Yes,29,834.14,3,No Action,Not Recovered
C13968,20055.72,UPI,Bank Declined,14,9,5,Yes,5,13286.68,1,Reminder,Recovered
C13969,11232.48,Card,Temporary Failure,4,0,4,No,35,15325.26,1,No Action,Recovered
C13970,2911.12,Wallet,Bank Declined,15,5,10,No,7,1944.98,1,No Action,Not Recovered
C13971,1656.12,UPI,Authentication Failure,7,7,0,Yes,16,2015.41,0,Reminder,Recovered
C13972,5282.21,Wallet,Authentication Failure,20,17,3,No,32,5445.39,2,No Action,Not Recovered
C13973,4287.28,UPI,Temporary Failure,8,7,1,Yes,17,2782.98,0,Retry,Recovered
C13974,5316.58,Wallet,Authentication Failure,11,7,4,Yes,21,3197.19,3,No Action,Recovered
C13975,4662.52,UPI,Bank Declined,2,1,1,No,27,6287.14,0,No Action,Not Recovered
C13976,5997.17,Wallet,Temporary Failure,9,7,2,Yes,15,7159.05,1,Retry,Recovered
C13977,12732.26,UPI,Temporary Failure,6,1,5,No,23,14631.26,0,No Action,Not Recovered
C13978,6301.43,Card,Temporary Failure,1,0,1,Yes,8,5991.68,0,No Action,Not Recovered
C13979,1727.32,Card,Technical Error,3,2,1,No,25,1366.12,3,No Action,Not Recovered
C13980,11897.69,Card,Temporary Failure,10,9,1,No,11,13609.65,2,No Action,Recovered
C13981,14861.68,UPI,Temporary Failure,5,2,3,No,21,16149.31,1,No Action,Not Recovered
C13982,49796.25,Card,Technical Error,12,11,1,Yes,10,58813.04,0,Retry,Recovered
C13983,1628.24,UPI,Bank Declined,1,1,0,No,9,1453.42,3,No Action,Not Recovered
C13984,4857.87,Card,Technical Error,9,3,6,Yes,1,6750.2,3,No Action,Recovered
C13985,756.25,UPI,Technical Error,13,2,11,Yes,22,494.29,1,No Action,Recovered
C13986,6226.5,Wallet,Temporary Failure,19,8,11,Yes,6,4132.91,3,No Action,Not Recovered
C13987,2579.86,UPI,Authentication Failure,7,7,0,Yes,30,3440.25,2,No Action,Recovered
C13988,18635.18,UPI,Temporary Failure,16,9,7,No,34,20837.21,3,No Action,Recovered
C13989,2152.44,UPI,Bank Declined,8,1,7,No,13,1853.4,0,No Action,Not Recovered
C13990,1035.57,UPI,Bank Declined,19,12,7,No,22,1252.59,2,No Action,Recovered
C13991,2743.63,UPI,Temporary Failure,7,4,3,No,6,2639.97,2,No Action,Not Recovered
C13992,823.58,Card,Authentication Failure,4,4,0,Yes,24,508.06,3,No Action,Recovered
C13993,7294.89,NetBanking,Insufficient Funds,10,7,3,Yes,21,8176.72,1,Payment Link,Not Recovered
C13994,766.61,Card,Temporary Failure,1,0,1,No,23,609.06,1,No Action,Recovered
C13995,4092.11,Card,Authentication Failure,17,9,8,Yes,5,2832.84,1,No Action,Not Recovered
C13996,758.85,UPI,Bank Declined,13,11,2,No,7,592.07,0,Reminder,Not Recovered
C13997,3095.83,Card,Bank Declined,19,13,6,Yes,3,3036.78,3,No Action,Recovered
C13998,14894.57,UPI,Bank Declined,13,5,8,No,13,9530.81,1,No Action,Not Recovered
C13999,5337.8,NetBanking,Technical Error,9,4,5,No,12,6973.95,0,No Action,Not Recovered
C14000,2004.71,UPI,Temporary Failure,5,0,5,Yes,6,2100.8,2,No Action,Not Recovered
C14001,3901.38,UPI,Temporary Failure,1,0,1,No,34,3255.3,1,No Action,Not Recovered
C14002,4058.07,UPI,Insufficient Funds,2,2,0,Yes,15,4665.17,2,No Action,Recovered
C14003,5838.06,NetBanking,Temporary Failure,11,5,6,No,18,7258.98,1,No Action,Not Recovered
C14004,1340.19,UPI,Technical Error,4,0,4,No,3,1462.33,3,No Action,Not Recovered
C14005,6425.97,Card,Insufficient Funds,9,4,5,No,22,4896.56,2,No Action,Not Recovered
C14006,459.68,UPI,Temporary Failure,5,5,0,Yes,35,316.37,3,No Action,Not Recovered
C14007,2416.66,Card,Temporary Failure,5,5,0,Yes,28,3112.46,0,Retry,Recovered
C14008,2706.55,Wallet,Technical Error,8,0,8,No,12,2132.08,2,No Action,Not Recovered
C14009,6638.96,UPI,Technical Error,2,2,0,No,1,4090.04,0,Retry,Recovered
C14010,4073.08,Card,Insufficient Funds,7,6,1,Yes,36,4538.72,1,Payment Link,Recovered
C14011,1299.32,Wallet,Bank Declined,17,4,13,Yes,30,938.51,1,No Action,Not Recovered
C14012,1819.02,Card,Temporary Failure,11,10,1,Yes,23,2533.49,1,Retry,Recovered
C14013,4689.09,Card,Bank Declined,15,11,4,Yes,28,6076.05,0,Reminder,Not Recovered
C14014,3754.82,Card,Temporary Failure,3,0,3,No,5,4080.58,1,No Action,Not Recovered
C14015,2516.82,Card,Insufficient Funds,13,11,2,Yes,36,3189.04,3,No Action,Recovered
C14016,2722.71,UPI,Bank Declined,18,2,16,Yes,10,2658.53,0,No Action,Recovered
C14017,6981.26,NetBanking,Authentication Failure,20,8,12,No,5,8592.46,0,No Action,Not Recovered
C14018,2643.6,UPI,Insufficient Funds,20,5,15,Yes,14,2953.5,2,No Action,Not Recovered
C14019,3727.81,UPI,Technical Error,3,1,2,No,24,2322.11,1,No Action,Not Recovered
C14020,22697.25,NetBanking,Bank Declined,2,1,1,No,28,30845.7,2,No Action,Not Recovered
C14021,1280.63,UPI,Authentication Failure,5,1,4,Yes,21,1650.39,0,No Action,Recovered
C14022,909.21,UPI,Insufficient Funds,20,1,19,No,12,1239.0,2,No Action,Not Recovered
C14023,7486.98,Card,Insufficient Funds,5,5,0,Yes,20,8872.77,3,No Action,Recovered
C14024,2324.21,NetBanking,Authentication Failure,13,11,2,Yes,32,2160.7,1,Reminder,Recovered
C14025,3100.94,NetBanking,Temporary Failure,8,7,1,Yes,21,2374.04,0,Retry,Recovered
C14026,2141.21,Wallet,Temporary Failure,16,1,15,No,17,1593.05,2,No Action,Not Recovered
C14027,3249.35,NetBanking,Temporary Failure,18,8,10,No,1,2326.32,1,No Action,Not Recovered
C14028,14369.74,UPI,Technical Error,16,15,1,Yes,28,11157.93,3,No Action,Not Recovered
C14029,7598.85,UPI,Temporary Failure,1,1,0,No,2,7906.67,1,Retry,Recovered
C14030,7973.1,NetBanking,Authentication Failure,8,8,0,Yes,17,9145.11,2,No Action,Recovered
C14031,1288.29,UPI,Insufficient Funds,2,2,0,No,14,1096.65,3,No Action,Recovered
C14032,1592.61,Card,Temporary Failure,5,5,0,Yes,14,1654.72,0,Retry,Recovered
C14033,412.73,Card,Insufficient Funds,15,3,12,No,18,360.31,3,No Action,Recovered
C14034,2093.4,UPI,Temporary Failure,14,3,11,No,34,2422.5,1,No Action,Not Recovered
C14035,8599.09,Wallet,Bank Declined,3,3,0,Yes,1,11959.52,0,Reminder,Recovered
C14036,6048.75,Card,Bank Declined,7,2,5,No,18,6963.4,1,No Action,Not Recovered
C14037,3350.41,Card,Insufficient Funds,4,4,0,Yes,34,2168.47,0,Payment Link,Recovered
C14038,3929.27,Wallet,Temporary Failure,11,7,4,No,23,3857.71,3,No Action,Not Recovered
C14039,2305.24,Card,Bank Declined,12,1,11,No,16,2803.89,0,No Action,Not Recovered
C14040,4711.95,UPI,Technical Error,15,10,5,Yes,19,4871.18,1,Reminder,Recovered
C14041,7381.65,Card,Technical Error,6,4,2,Yes,6,10045.32,2,No Action,Recovered
C14042,1098.1,NetBanking,Technical Error,1,1,0,No,24,706.98,2,No Action,Not Recovered
C14043,5083.56,NetBanking,Temporary Failure,18,1,17,No,17,4234.22,2,No Action,Not Recovered
C14044,8433.76,NetBanking,Authentication Failure,14,14,0,No,16,6549.44,0,Reminder,Recovered
C14045,2869.72,Card,Insufficient Funds,7,2,5,No,6,3484.12,2,No Action,Not Recovered
C14046,7006.62,UPI,Temporary Failure,10,10,0,Yes,16,7139.99,2,No Action,Not Recovered
C14047,38016.41,NetBanking,Technical Error,9,7,2,No,9,27017.33,1,Retry,Recovered
C14048,3679.66,NetBanking,Authentication Failure,2,0,2,Yes,29,3048.5,3,No Action,Not Recovered
C14049,5479.1,UPI,Bank Declined,8,6,2,Yes,4,5578.42,0,Reminder,Recovered
C14050,2216.32,UPI,Temporary Failure,1,0,1,No,26,3095.98,2,No Action,Not Recovered
C14051,4624.16,Wallet,Temporary Failure,20,19,1,No,26,4122.13,1,Retry,Recovered
C14052,5780.62,NetBanking,Insufficient Funds,2,1,1,No,14,4193.61,0,Payment Link,Not Recovered
C14053,4674.72,NetBanking,Authentication Failure,7,6,1,Yes,35,4663.75,1,Reminder,Recovered
C14054,1769.22,NetBanking,Temporary Failure,16,12,4,No,24,1500.56,3,No Action,Recovered
C14055,4717.99,Card,Technical Error,4,3,1,Yes,8,4966.97,2,No Action,Not Recovered
C14056,12884.84,Card,Temporary Failure,17,16,1,Yes,25,12541.69,0,Retry,Recovered
C14057,5727.06,Card,Technical Error,4,0,4,No,4,6595.24,0,No Action,Not Recovered
C14058,8635.52,UPI,Authentication Failure,3,0,3,No,15,11497.61,2,No Action,Not Recovered
C14059,3309.13,Card,Insufficient Funds,9,5,4,No,16,2516.3,1,Payment Link,Recovered
C14060,7287.89,Card,Insufficient Funds,15,2,13,Yes,11,9160.47,3,No Action,Not Recovered
C14061,5001.35,Card,Technical Error,20,12,8,Yes,28,6798.9,0,Reminder,Recovered
C14062,1869.3,Card,Bank Declined,3,0,3,No,7,1680.29,0,No Action,Not Recovered
C14063,5160.9,Card,Bank Declined,12,7,5,No,24,3565.82,3,No Action,Recovered
C14064,1809.29,UPI,Bank Declined,15,7,8,Yes,31,2275.23,0,No Action,Recovered
C14065,2410.88,UPI,Temporary Failure,20,11,9,No,4,2798.73,3,No Action,Not Recovered
C14066,4654.14,UPI,Technical Error,8,8,0,Yes,35,3584.48,2,No Action,Not Recovered
C14067,5073.8,UPI,Temporary Failure,12,5,7,No,6,4851.46,3,No Action,Not Recovered
C14068,1544.82,Wallet,Authentication Failure,13,3,10,No,33,1641.21,3,No Action,Not Recovered
C14069,9295.06,UPI,Temporary Failure,15,12,3,No,32,6840.08,1,Retry,Recovered
C14070,6321.14,UPI,Technical Error,11,1,10,No,35,7407.94,3,No Action,Not Recovered
C14071,2276.21,Card,Temporary Failure,17,2,15,No,17,2621.98,2,No Action,Recovered
C14072,1169.09,Card,Insufficient Funds,12,4,8,Yes,32,1531.16,0,Payment Link,Not Recovered
C14073,3562.17,UPI,Insufficient Funds,20,17,3,Yes,14,3753.88,1,Payment Link,Recovered
C14074,2799.78,NetBanking,Technical Error,18,13,5,Yes,19,2966.23,3,No Action,Not Recovered
C14075,4378.94,NetBanking,Bank Declined,16,1,15,No,24,4797.17,1,No Action,Not Recovered
C14076,2991.58,UPI,Authentication Failure,3,2,1,Yes,11,2450.18,2,No Action,Not Recovered
C14077,802.78,UPI,Insufficient Funds,9,7,2,Yes,7,968.86,2,No Action,Not Recovered
C14078,2931.8,Wallet,Bank Declined,7,7,0,Yes,24,3312.93,0,Reminder,Not Recovered
C14079,3132.4,NetBanking,Technical Error,19,2,17,Yes,24,3982.27,2,No Action,Recovered
C14080,6640.74,Card,Temporary Failure,5,3,2,No,14,8067.63,2,No Action,Recovered
C14081,2288.13,UPI,Insufficient Funds,19,19,0,No,24,2541.79,3,No Action,Not Recovered
C14082,15321.15,UPI,Insufficient Funds,10,6,4,No,11,11164.73,2,No Action,Recovered
C14083,866.74,Card,Insufficient Funds,20,4,16,No,8,1157.37,2,No Action,Not Recovered
C14084,11418.43,UPI,Insufficient Funds,12,3,9,No,15,10205.45,2,No Action,Not Recovered
C14085,3342.9,UPI,Bank Declined,8,6,2,Yes,2,4584.58,0,Reminder,Recovered
C14086,7956.29,Card,Temporary Failure,3,3,0,Yes,24,7331.69,3,No Action,Recovered
C14087,4263.69,UPI,Technical Error,19,18,1,Yes,10,3056.0,3,No Action,Not Recovered
C14088,9953.64,NetBanking,Authentication Failure,11,8,3,Yes,32,13018.09,1,Reminder,Not Recovered
C14089,2934.11,NetBanking,Bank Declined,8,4,4,No,17,3626.7,2,No Action,Not Recovered
C14090,1660.96,UPI,Bank Declined,13,11,2,No,10,2041.38,1,Reminder,Not Recovered
C14091,12462.17,NetBanking,Temporary Failure,10,2,8,No,22,8368.7,1,No Action,Not Recovered
C14092,3652.86,UPI,Authentication Failure,18,1,17,No,6,4761.22,2,No Action,Not Recovered
C14093,4775.7,NetBanking,Temporary Failure,12,6,6,No,27,5144.0,3,No Action,Not Recovered
C14094,10741.3,UPI,Bank Declined,7,3,4,Yes,20,10486.57,2,No Action,Not Recovered
C14095,1751.95,UPI,Authentication Failure,11,6,5,No,1,2331.03,1,No Action,Not Recovered
C14096,6441.02,Card,Bank Declined,10,4,6,Yes,17,7296.6,0,No Action,Not Recovered
C14097,2495.22,Card,Technical Error,3,3,0,No,1,1762.68,1,Retry,Recovered
C14098,3598.65,Wallet,Insufficient Funds,7,4,3,No,15,3654.9,3,No Action,Not Recovered
C14099,4238.11,UPI,Temporary Failure,4,2,2,No,1,4701.31,0,No Action,Not Recovered
C14100,1204.56,UPI,Technical Error,8,1,7,No,17,1588.62,1,No Action,Not Recovered
C14101,2145.18,Card,Temporary Failure,8,1,7,No,2,1767.45,2,No Action,Not Recovered
C14102,11788.83,Card,Technical Error,6,6,0,Yes,18,14563.77,3,No Action,Not Recovered
C14103,8127.45,UPI,Temporary Failure,13,9,4,Yes,12,10076.82,0,Reminder,Recovered
C14104,3804.49,Card,Authentication Failure,12,6,6,No,29,2672.42,3,No Action,Not Recovered
C14105,4858.81,NetBanking,Temporary Failure,3,3,0,Yes,23,2982.27,1,Retry,Not Recovered
C14106,3161.04,NetBanking,Bank Declined,6,5,1,Yes,9,3366.91,3,No Action,Not Recovered
C14107,11840.92,Wallet,Bank Declined,19,19,0,Yes,8,14583.08,0,Reminder,Recovered
C14108,3407.61,UPI,Insufficient Funds,11,3,8,No,16,3555.99,2,No Action,Not Recovered
C14109,4815.15,Card,Insufficient Funds,4,2,2,No,23,6022.2,0,Payment Link,Not Recovered
C14110,10005.34,UPI,Insufficient Funds,15,1,14,No,29,10984.29,3,No Action,Not Recovered
C14111,2147.7,Card,Insufficient Funds,2,0,2,No,10,2411.08,2,No Action,Recovered
C14112,13919.99,Card,Insufficient Funds,15,12,3,No,12,8665.52,2,No Action,Not Recovered
C14113,1175.77,Wallet,Insufficient Funds,17,8,9,No,12,788.8,3,No Action,Not Recovered
C14114,14731.79,Card,Bank Declined,2,0,2,Yes,30,17383.86,0,No Action,Not Recovered
C14115,2968.79,Wallet,Temporary Failure,7,6,1,Yes,10,3593.05,2,No Action,Recovered
C14116,3294.11,NetBanking,Authentication Failure,16,15,1,Yes,14,3405.26,2,No Action,Recovered
C14117,881.87,Wallet,Bank Declined,5,0,5,No,4,945.48,3,No Action,Not Recovered
C14118,2780.02,NetBanking,Temporary Failure,16,9,7,No,20,3034.37,2,No Action,Not Recovered
C14119,1740.98,Card,Insufficient Funds,19,19,0,Yes,7,1190.82,0,Payment Link,Recovered
C14120,2460.04,UPI,Authentication Failure,2,2,0,No,30,2790.49,2,No Action,Not Recovered
C14121,3583.88,UPI,Temporary Failure,15,11,4,Yes,24,3522.15,1,Retry,Recovered
C14122,8606.59,UPI,Bank Declined,4,4,0,Yes,10,9312.49,2,No Action,Not Recovered
C14123,4722.68,Card,Bank Declined,2,0,2,No,36,4961.24,1,No Action,Not Recovered
C14124,5116.32,Card,Temporary Failure,10,3,7,Yes,17,6192.79,0,No Action,Recovered
C14125,1665.09,Card,Technical Error,5,0,5,No,21,1423.41,1,No Action,Not Recovered
C14126,1977.22,Wallet,Insufficient Funds,18,9,9,Yes,3,1777.17,2,No Action,Not Recovered
C14127,16865.57,Wallet,Temporary Failure,4,4,0,Yes,1,15403.07,2,No Action,Not Recovered
C14128,2221.39,UPI,Technical Error,1,1,0,No,18,2687.8,3,No Action,Not Recovered
C14129,15048.24,UPI,Bank Declined,18,5,13,No,2,14218.93,3,No Action,Not Recovered
C14130,3293.15,UPI,Authentication Failure,20,11,9,Yes,4,2442.4,2,No Action,Not Recovered
C14131,4007.33,UPI,Bank Declined,6,4,2,Yes,32,5555.89,2,No Action,Not Recovered
C14132,9417.66,NetBanking,Technical Error,20,18,2,No,19,9367.8,2,No Action,Not Recovered
C14133,11065.24,Card,Technical Error,20,1,19,Yes,20,7606.23,2,No Action,Not Recovered
C14134,3660.66,Card,Temporary Failure,14,12,2,Yes,7,4159.31,0,Retry,Not Recovered
C14135,2932.04,NetBanking,Technical Error,10,5,5,No,9,3493.03,2,No Action,Not Recovered
C14136,3825.0,NetBanking,Bank Declined,18,10,8,Yes,7,3825.68,1,No Action,Recovered
C14137,5241.78,UPI,Temporary Failure,9,9,0,Yes,27,5855.94,3,No Action,Recovered
C14138,8160.76,Card,Bank Declined,12,2,10,No,21,6023.78,1,No Action,Recovered
C14139,4013.56,UPI,Temporary Failure,10,7,3,No,35,3589.48,1,Retry,Recovered
C14140,6562.71,UPI,Technical Error,19,8,11,No,24,4787.25,0,No Action,Recovered
C14141,14834.89,UPI,Bank Declined,6,6,0,Yes,32,13496.61,1,Reminder,Recovered
C14142,5426.76,Card,Authentication Failure,14,6,8,No,12,5699.4,1,No Action,Not Recovered
C14143,5132.62,UPI,Temporary Failure,8,1,7,Yes,23,4896.68,1,No Action,Not Recovered
C14144,1186.69,UPI,Bank Declined,14,7,7,No,36,1275.18,3,No Action,Recovered
C14145,487.59,Card,Temporary Failure,11,10,1,Yes,29,488.28,0,Retry,Recovered
C14146,5457.52,NetBanking,Bank Declined,16,4,12,No,3,4662.09,1,No Action,Not Recovered
C14147,3707.79,UPI,Technical Error,20,14,6,No,8,2650.08,1,Retry,Recovered
C14148,2649.76,UPI,Technical Error,6,6,0,Yes,34,2125.47,0,Retry,Recovered
C14149,4860.39,NetBanking,Technical Error,15,10,5,Yes,14,3696.67,2,No Action,Recovered
C14150,3811.3,UPI,Authentication Failure,15,9,6,Yes,36,4443.74,1,Reminder,Recovered
C14151,9860.32,Wallet,Temporary Failure,14,6,8,No,32,12384.3,3,No Action,Recovered
C14152,4285.27,Card,Insufficient Funds,12,4,8,No,7,5040.81,3,No Action,Not Recovered
C14153,2200.66,UPI,Bank Declined,2,1,1,No,10,2453.71,2,No Action,Not Recovered
C14154,8832.41,UPI,Insufficient Funds,8,3,5,No,12,7474.7,1,Payment Link,Not Recovered
C14155,3362.18,UPI,Temporary Failure,19,10,9,No,23,3929.68,0,No Action,Recovered
C14156,6095.33,UPI,Bank Declined,14,4,10,No,11,6607.74,2,No Action,Not Recovered
C14157,2730.18,UPI,Insufficient Funds,5,5,0,Yes,13,1740.53,3,No Action,Not Recovered
C14158,2378.41,Card,Insufficient Funds,9,4,5,No,12,3153.98,3,No Action,Not Recovered
C14159,4278.61,UPI,Technical Error,13,9,4,No,7,2840.84,0,Reminder,Recovered
C14160,4041.26,Card,Insufficient Funds,9,0,9,No,10,4050.01,2,No Action,Not Recovered
C14161,5871.77,Card,Temporary Failure,14,0,14,No,7,5933.16,0,No Action,Recovered
C14162,3226.43,UPI,Temporary Failure,5,2,3,No,27,4096.29,2,No Action,Recovered
C14163,920.54,UPI,Authentication Failure,2,0,2,No,7,1224.74,2,No Action,Not Recovered
C14164,2829.43,UPI,Authentication Failure,7,2,5,No,24,3824.66,2,No Action,Not Recovered
C14165,7548.5,UPI,Bank Declined,16,9,7,No,23,7969.24,1,No Action,Recovered
C14166,3153.12,Card,Insufficient Funds,11,4,7,No,25,3604.75,3,No Action,Not Recovered
C14167,3284.41,UPI,Authentication Failure,11,8,3,Yes,36,2203.23,3,No Action,Recovered
C14168,8805.67,NetBanking,Bank Declined,12,6,6,No,33,8720.54,3,No Action,Recovered
C14169,2263.06,UPI,Technical Error,13,10,3,Yes,7,2983.36,2,No Action,Recovered
C14170,1164.22,Card,Technical Error,8,7,1,No,30,1122.96,2,No Action,Not Recovered
C14171,3517.64,Card,Insufficient Funds,16,1,15,Yes,31,2306.43,1,Payment Link,Not Recovered
C14172,2715.44,Card,Insufficient Funds,1,0,1,Yes,21,2065.13,3,No Action,Not Recovered
C14173,1846.51,UPI,Temporary Failure,13,8,5,Yes,34,1742.38,3,No Action,Recovered
C14174,3476.38,UPI,Temporary Failure,11,0,11,No,21,2746.42,1,No Action,Not Recovered
C14175,5926.89,Card,Technical Error,4,0,4,Yes,20,5416.19,3,No Action,Not Recovered
C14176,3970.39,UPI,Authentication Failure,4,1,3,No,34,3439.82,0,No Action,Not Recovered
C14177,5113.48,UPI,Technical Error,15,7,8,No,8,4372.76,0,No Action,Not Recovered
C14178,17064.85,Card,Insufficient Funds,3,1,2,No,32,11483.48,1,Payment Link,Not Recovered
C14179,3040.41,Card,Temporary Failure,19,9,10,Yes,30,3971.3,3,No Action,Not Recovered
C14180,4997.68,Card,Temporary Failure,2,0,2,Yes,29,5768.15,1,No Action,Not Recovered
C14181,2661.59,Card,Insufficient Funds,6,3,3,No,5,2924.3,1,Payment Link,Not Recovered
C14182,2032.38,Card,Insufficient Funds,8,1,7,No,30,2205.49,1,Payment Link,Not Recovered
C14183,2505.2,Card,Bank Declined,17,9,8,Yes,12,2297.77,3,No Action,Not Recovered
C14184,2727.23,Card,Temporary Failure,5,0,5,No,27,3432.63,1,No Action,Recovered
C14185,5332.79,Card,Authentication Failure,2,2,0,No,13,7167.44,3,No Action,Recovered
C14186,26194.64,NetBanking,Insufficient Funds,12,4,8,No,10,15834.5,0,Payment Link,Not Recovered
C14187,2255.7,UPI,Technical Error,5,2,3,No,36,1496.34,1,No Action,Not Recovered
C14188,2866.22,UPI,Bank Declined,10,2,8,No,31,3267.43,1,No Action,Not Recovered
C14189,3803.02,NetBanking,Temporary Failure,9,9,0,No,16,3000.03,3,No Action,Recovered
C14190,5490.03,Card,Technical Error,20,18,2,Yes,36,7298.25,0,Retry,Recovered
C14191,4938.86,UPI,Technical Error,8,2,6,No,26,5600.32,3,No Action,Not Recovered
C14192,11173.79,NetBanking,Bank Declined,1,0,1,No,20,9996.44,2,No Action,Not Recovered
C14193,574.18,UPI,Bank Declined,6,0,6,No,34,535.27,3,No Action,Not Recovered
C14194,592.59,Card,Temporary Failure,11,1,10,No,8,683.08,0,No Action,Not Recovered
C14195,2690.14,NetBanking,Bank Declined,3,0,3,No,4,1917.45,0,No Action,Not Recovered
C14196,9622.79,Wallet,Authentication Failure,15,9,6,No,29,12574.38,1,Reminder,Recovered
C14197,1143.14,UPI,Temporary Failure,11,7,4,Yes,31,690.25,3,No Action,Recovered
C14198,360.66,Card,Temporary Failure,5,4,1,Yes,2,498.85,3,No Action,Recovered
C14199,6316.96,UPI,Authentication Failure,16,13,3,Yes,25,4637.38,2,No Action,Recovered
C14200,4860.88,UPI,Temporary Failure,7,2,5,Yes,3,5802.38,0,No Action,Recovered
C14201,1672.18,UPI,Bank Declined,6,6,0,No,5,1056.72,3,No Action,Recovered
C14202,1818.23,Card,Bank Declined,9,1,8,No,22,1718.49,2,No Action,Not Recovered
C14203,1841.35,Card,Bank Declined,7,2,5,No,16,2033.31,3,No Action,Not Recovered
C14204,4369.82,UPI,Insufficient Funds,3,2,1,No,9,2867.4,0,Payment Link,Recovered
C14205,2423.57,Card,Temporary Failure,11,11,0,Yes,9,2313.62,1,Retry,Recovered
C14206,5939.03,Card,Temporary Failure,12,7,5,No,12,5003.69,3,No Action,Not Recovered
C14207,407.63,NetBanking,Technical Error,11,8,3,Yes,4,407.06,0,Retry,Recovered
C14208,2015.39,Wallet,Technical Error,2,1,1,No,18,2022.77,0,No Action,Not Recovered
C14209,1624.91,UPI,Bank Declined,1,0,1,Yes,18,1995.69,0,No Action,Not Recovered
C14210,3258.35,Wallet,Bank Declined,2,1,1,No,33,2276.95,2,No Action,Not Recovered
C14211,2600.9,NetBanking,Temporary Failure,14,7,7,No,3,1732.66,2,No Action,Not Recovered
C14212,7572.85,UPI,Temporary Failure,13,4,9,No,17,6978.47,1,No Action,Recovered
C14213,903.77,UPI,Technical Error,5,5,0,Yes,12,1183.95,3,No Action,Not Recovered
C14214,4148.25,UPI,Insufficient Funds,2,0,2,Yes,11,5327.25,2,No Action,Not Recovered
C14215,6252.39,UPI,Insufficient Funds,19,12,7,Yes,17,6552.47,2,No Action,Not Recovered
C14216,17665.48,Card,Temporary Failure,17,4,13,No,35,23159.78,2,No Action,Not Recovered
C14217,2720.68,Card,Temporary Failure,11,2,9,No,6,3385.27,3,No Action,Recovered
C14218,5185.47,Card,Insufficient Funds,16,8,8,No,35,4264.28,1,Payment Link,Not Recovered
C14219,944.79,Card,Technical Error,20,19,1,Yes,6,695.45,1,Retry,Recovered
C14220,590.21,UPI,Authentication Failure,18,17,1,Yes,32,496.32,1,Reminder,Not Recovered
C14221,7862.57,NetBanking,Authentication Failure,20,19,1,Yes,11,6146.13,3,No Action,Not Recovered
C14222,3982.25,UPI,Authentication Failure,8,2,6,No,13,4373.21,3,No Action,Not Recovered
C14223,10268.74,Wallet,Authentication Failure,2,2,0,No,13,10966.19,1,Reminder,Recovered
C14224,1333.19,UPI,Bank Declined,17,15,2,Yes,34,1438.18,0,Reminder,Recovered
C14225,6063.07,Wallet,Temporary Failure,11,0,11,No,3,4556.05,3,No Action,Not Recovered
C14226,17838.31,UPI,Technical Error,14,4,10,No,32,22003.38,3,No Action,Recovered
C14227,5596.04,UPI,Temporary Failure,16,14,2,No,4,5298.9,1,Retry,Recovered
C14228,4990.62,UPI,Temporary Failure,15,9,6,No,1,4880.63,1,Reminder,Recovered
C14229,4027.47,Card,Temporary Failure,15,11,4,No,9,5628.67,0,Retry,Recovered
C14230,1138.36,NetBanking,Bank Declined,3,0,3,No,7,940.08,0,No Action,Not Recovered
C14231,11831.35,UPI,Insufficient Funds,7,3,4,No,27,10829.36,2,No Action,Not Recovered
C14232,2453.73,Wallet,Temporary Failure,12,0,12,Yes,3,2800.12,2,No Action,Recovered
C14233,5988.74,Card,Insufficient Funds,3,1,2,No,22,7811.3,1,Payment Link,Not Recovered
C14234,1145.53,Card,Authentication Failure,19,17,2,Yes,16,803.5,2,No Action,Recovered
C14235,1556.95,NetBanking,Bank Declined,10,1,9,No,8,1849.71,3,No Action,Not Recovered
C14236,12608.41,UPI,Authentication Failure,8,5,3,Yes,5,16827.49,0,Reminder,Recovered
C14237,3029.67,UPI,Temporary Failure,16,0,16,Yes,30,2842.86,2,No Action,Not Recovered
C14238,12793.21,Wallet,Temporary Failure,16,16,0,No,28,10610.45,2,No Action,Not Recovered
C14239,3757.33,Wallet,Bank Declined,12,1,11,No,27,4291.58,1,No Action,Not Recovered
C14240,916.47,Wallet,Insufficient Funds,5,3,2,No,22,730.3,0,Payment Link,Not Recovered
C14241,8165.75,Wallet,Bank Declined,20,12,8,No,30,7409.86,0,Reminder,Not Recovered
C14242,2495.23,UPI,Technical Error,6,3,3,No,7,3287.54,2,No Action,Not Recovered
C14243,6995.35,NetBanking,Technical Error,6,1,5,No,30,7500.88,3,No Action,Not Recovered
C14244,4081.49,UPI,Authentication Failure,8,3,5,Yes,13,2759.01,3,No Action,Recovered
C14245,1163.93,Wallet,Insufficient Funds,17,2,15,No,22,1005.35,3,No Action,Not Recovered
C14246,4561.86,Card,Temporary Failure,12,2,10,No,11,5026.31,3,No Action,Not Recovered
C14247,23179.61,Card,Bank Declined,14,14,0,Yes,5,22836.51,3,No Action,Recovered
C14248,5933.91,Card,Temporary Failure,2,0,2,No,22,6695.06,2,No Action,Not Recovered
C14249,3820.11,UPI,Temporary Failure,19,7,12,Yes,15,4619.1,3,No Action,Recovered
C14250,9455.24,UPI,Temporary Failure,6,3,3,Yes,31,9308.61,2,No Action,Not Recovered
C14251,4734.28,NetBanking,Insufficient Funds,18,11,7,Yes,29,6578.57,1,Payment Link,Not Recovered
C14252,4729.98,NetBanking,Temporary Failure,4,1,3,No,17,6299.1,2,No Action,Not Recovered
C14253,1670.28,UPI,Temporary Failure,5,0,5,Yes,6,1082.22,3,No Action,Recovered
C14254,4822.89,NetBanking,Bank Declined,6,0,6,No,17,3921.71,2,No Action,Not Recovered
C14255,9158.19,Card,Bank Declined,15,11,4,Yes,34,7696.86,3,No Action,Not Recovered
C14256,2049.19,UPI,Technical Error,6,4,2,Yes,23,1531.63,1,Reminder,Not Recovered
C14257,12502.03,UPI,Bank Declined,8,3,5,No,30,10621.89,3,No Action,Not Recovered
C14258,3717.05,NetBanking,Temporary Failure,9,8,1,Yes,13,3493.49,0,Retry,Recovered
C14259,1966.15,Card,Temporary Failure,6,5,1,Yes,30,1260.78,1,Retry,Not Recovered
C14260,8885.32,Card,Temporary Failure,2,2,0,No,20,6236.07,2,No Action,Not Recovered
C14261,3179.93,Card,Technical Error,16,4,12,No,6,2152.8,2,No Action,Not Recovered
C14262,7344.17,UPI,Technical Error,20,20,0,Yes,31,4678.63,3,No Action,Recovered
C14263,3167.33,Card,Temporary Failure,1,0,1,No,19,3120.45,0,No Action,Recovered
C14264,3813.07,UPI,Insufficient Funds,16,5,11,No,6,3306.09,1,Payment Link,Not Recovered
C14265,5936.64,UPI,Authentication Failure,1,0,1,Yes,34,8004.71,2,No Action,Not Recovered
C14266,5048.1,Card,Bank Declined,1,0,1,No,28,3443.86,3,No Action,Not Recovered
C14267,810.48,Wallet,Technical Error,7,6,1,Yes,13,1086.71,0,Retry,Recovered
C14268,1631.17,UPI,Temporary Failure,16,15,1,Yes,10,1091.64,2,No Action,Recovered
C14269,8413.37,UPI,Temporary Failure,17,7,10,No,7,9215.79,3,No Action,Recovered
C14270,3598.74,Card,Technical Error,16,9,7,No,18,2872.46,3,No Action,Recovered
C14271,2630.86,NetBanking,Bank Declined,16,4,12,No,22,3318.68,0,No Action,Not Recovered
C14272,1349.1,Card,Bank Declined,6,2,4,No,14,875.81,2,No Action,Not Recovered
C14273,1686.25,NetBanking,Bank Declined,18,12,6,Yes,36,2296.68,3,No Action,Not Recovered
C14274,793.62,Card,Bank Declined,3,2,1,No,8,506.18,2,No Action,Not Recovered
C14275,3688.68,NetBanking,Technical Error,8,3,5,No,12,2924.72,0,No Action,Recovered
C14276,2478.23,UPI,Temporary Failure,4,1,3,No,33,2407.22,0,No Action,Recovered
C14277,1846.01,UPI,Insufficient Funds,4,0,4,No,24,2224.16,2,No Action,Not Recovered
C14278,3787.84,UPI,Authentication Failure,17,9,8,No,14,5154.83,0,No Action,Recovered
C14279,5352.0,Card,Insufficient Funds,5,1,4,Yes,5,5043.91,3,No Action,Not Recovered
C14280,21345.75,Wallet,Bank Declined,14,11,3,No,19,25739.73,2,No Action,Not Recovered
C14281,1193.38,NetBanking,Technical Error,15,9,6,No,3,1410.25,3,No Action,Recovered
C14282,10112.77,UPI,Authentication Failure,12,9,3,Yes,1,10688.54,2,No Action,Not Recovered
C14283,8712.65,UPI,Insufficient Funds,13,2,11,No,33,10043.38,1,Payment Link,Not Recovered
C14284,2144.74,UPI,Insufficient Funds,18,10,8,No,17,1352.16,3,No Action,Recovered
C14285,4706.21,UPI,Technical Error,14,10,4,No,9,4486.25,3,No Action,Not Recovered
C14286,2773.72,Card,Technical Error,19,2,17,Yes,31,3408.04,2,No Action,Not Recovered
C14287,4640.61,Wallet,Technical Error,7,2,5,No,35,4544.91,2,No Action,Not Recovered
C14288,13377.83,Wallet,Insufficient Funds,6,5,1,Yes,3,17375.17,3,No Action,Not Recovered
C14289,6493.36,Card,Insufficient Funds,5,0,5,No,13,8226.5,0,Payment Link,Not Recovered
C14290,6008.54,NetBanking,Bank Declined,4,3,1,Yes,14,7755.56,3,No Action,Recovered
C14291,2835.01,Card,Authentication Failure,18,14,4,Yes,6,1995.84,1,Reminder,Recovered
C14292,1220.24,UPI,Authentication Failure,14,13,1,Yes,29,970.47,0,Reminder,Recovered
C14293,3385.56,Card,Temporary Failure,16,2,14,No,9,2111.5,0,No Action,Recovered
C14294,10502.16,Card,Insufficient Funds,20,19,1,Yes,36,14558.52,2,No Action,Not Recovered
C14295,1178.87,Card,Insufficient Funds,14,12,2,No,23,930.02,2,No Action,Not Recovered
C14296,1719.83,UPI,Authentication Failure,5,1,4,No,15,1536.97,3,No Action,Not Recovered
C14297,4425.17,UPI,Bank Declined,11,5,6,Yes,7,3628.38,3,No Action,Recovered
C14298,1819.52,UPI,Insufficient Funds,12,9,3,Yes,25,1149.64,2,No Action,Not Recovered
C14299,2121.82,Wallet,Temporary Failure,18,16,2,Yes,23,1716.57,3,No Action,Recovered
C14300,2850.28,UPI,Bank Declined,4,0,4,No,11,1934.08,0,No Action,Not Recovered
C14301,1341.52,NetBanking,Temporary Failure,13,7,6,No,8,1228.06,3,No Action,Not Recovered
C14302,1834.91,NetBanking,Technical Error,20,3,17,No,36,2520.17,0,No Action,Not Recovered
C14303,7021.92,UPI,Technical Error,13,0,13,No,1,8135.67,2,No Action,Not Recovered
C14304,1405.51,Card,Insufficient Funds,4,0,4,No,13,1638.15,3,No Action,Not Recovered
C14305,1114.04,NetBanking,Insufficient Funds,7,1,6,No,16,1072.31,0,Payment Link,Not Recovered
C14306,2416.39,Card,Authentication Failure,2,2,0,No,13,3018.18,1,Reminder,Recovered
C14307,7184.02,Wallet,Temporary Failure,18,0,18,Yes,14,9530.52,1,No Action,Recovered
C14308,3416.98,UPI,Temporary Failure,6,0,6,No,13,4678.67,1,No Action,Not Recovered
C14309,2758.34,UPI,Authentication Failure,16,11,5,Yes,12,1873.44,0,Reminder,Recovered
C14310,4144.5,NetBanking,Technical Error,3,0,3,No,28,5403.25,3,No Action,Not Recovered
C14311,989.78,NetBanking,Technical Error,15,14,1,Yes,22,772.09,1,Retry,Recovered
C14312,5942.08,Wallet,Temporary Failure,20,15,5,Yes,20,5453.72,2,No Action,Not Recovered
C14313,5435.99,Card,Temporary Failure,10,6,4,Yes,19,4764.0,2,No Action,Not Recovered
C14314,2883.05,Wallet,Temporary Failure,9,2,7,No,11,3286.98,2,No Action,Not Recovered
C14315,8944.46,NetBanking,Temporary Failure,11,2,9,No,30,9645.17,1,No Action,Not Recovered
C14316,1623.03,NetBanking,Technical Error,14,11,3,Yes,26,1115.48,1,Retry,Recovered
C14317,9861.34,Card,Temporary Failure,12,2,10,No,15,12092.55,3,No Action,Not Recovered
C14318,4526.23,UPI,Technical Error,7,1,6,No,30,4307.69,0,No Action,Recovered
C14319,3055.83,Wallet,Temporary Failure,11,3,8,No,29,1838.93,2,No Action,Not Recovered
C14320,3936.91,UPI,Insufficient Funds,17,8,9,No,32,3667.64,3,No Action,Recovered
C14321,3671.07,Card,Authentication Failure,9,2,7,No,30,3719.03,0,No Action,Recovered
C14322,10617.68,UPI,Temporary Failure,13,9,4,Yes,16,6955.64,1,Reminder,Not Recovered
C14323,1690.38,Card,Insufficient Funds,16,11,5,Yes,36,1218.61,0,Payment Link,Not Recovered
C14324,2173.37,Card,Insufficient Funds,3,2,1,No,18,3031.54,2,No Action,Not Recovered
C14325,9164.49,UPI,Temporary Failure,5,3,2,No,28,11885.94,0,Reminder,Recovered
C14326,2483.99,NetBanking,Insufficient Funds,17,16,1,Yes,19,1755.34,0,Payment Link,Recovered
C14327,8221.24,UPI,Insufficient Funds,1,0,1,Yes,11,8749.43,1,Payment Link,Recovered
C14328,15577.74,Card,Bank Declined,9,7,2,No,17,14072.85,1,Reminder,Recovered
C14329,2900.43,UPI,Technical Error,17,3,14,No,21,3001.92,3,No Action,Not Recovered
C14330,6899.05,UPI,Bank Declined,13,2,11,Yes,34,6736.43,1,No Action,Not Recovered
C14331,1589.37,UPI,Temporary Failure,15,14,1,Yes,33,1014.84,1,Retry,Not Recovered
C14332,7316.13,Card,Bank Declined,8,7,1,Yes,29,6235.8,2,No Action,Not Recovered
C14333,4691.88,UPI,Temporary Failure,8,7,1,Yes,4,3286.27,2,No Action,Recovered
C14334,5839.97,Wallet,Bank Declined,2,1,1,Yes,32,5788.43,0,No Action,Not Recovered
C14335,2386.52,UPI,Bank Declined,10,3,7,No,11,3164.18,2,No Action,Not Recovered
C14336,1059.11,UPI,Temporary Failure,5,2,3,No,26,1478.97,3,No Action,Not Recovered
C14337,5982.84,UPI,Technical Error,16,1,15,No,18,8109.16,3,No Action,Not Recovered
C14338,767.64,UPI,Authentication Failure,19,18,1,Yes,32,1065.91,0,Reminder,Recovered
C14339,3103.14,NetBanking,Technical Error,1,0,1,Yes,27,1899.73,3,No Action,Recovered
C14340,8492.98,NetBanking,Insufficient Funds,13,3,10,Yes,16,10051.93,3,No Action,Not Recovered
C14341,4663.72,Card,Bank Declined,4,2,2,No,10,3816.6,1,No Action,Not Recovered
C14342,19010.06,UPI,Authentication Failure,7,4,3,No,34,24570.4,0,No Action,Not Recovered
C14343,9082.79,UPI,Insufficient Funds,1,1,0,No,33,11362.45,3,No Action,Not Recovered
C14344,2370.68,Card,Technical Error,2,1,1,No,10,2225.93,0,No Action,Not Recovered
C14345,4088.36,Wallet,Temporary Failure,16,11,5,Yes,26,4000.9,3,No Action,Recovered
C14346,3851.25,UPI,Temporary Failure,14,0,14,No,25,3127.5,2,No Action,Not Recovered
C14347,1128.12,Card,Technical Error,5,5,0,Yes,2,937.52,0,Retry,Recovered
C14348,1885.09,UPI,Technical Error,14,2,12,Yes,26,2610.74,2,No Action,Not Recovered
C14349,2554.06,UPI,Technical Error,17,16,1,Yes,20,3348.58,0,Retry,Recovered
C14350,784.52,Card,Authentication Failure,12,2,10,Yes,3,591.13,2,No Action,Not Recovered
C14351,4154.9,UPI,Temporary Failure,20,0,20,No,32,3408.76,1,No Action,Not Recovered
C14352,3277.36,NetBanking,Temporary Failure,12,2,10,No,1,2251.28,2,No Action,Not Recovered
C14353,1049.15,UPI,Authentication Failure,3,3,0,Yes,24,1459.47,3,No Action,Not Recovered
C14354,5527.11,Card,Temporary Failure,2,1,1,No,33,7327.66,1,No Action,Not Recovered
C14355,7092.18,UPI,Bank Declined,15,6,9,Yes,35,7387.77,2,No Action,Not Recovered
C14356,4796.67,Wallet,Bank Declined,11,6,5,Yes,17,5536.87,1,No Action,Not Recovered
C14357,3086.51,UPI,Temporary Failure,10,8,2,Yes,33,3698.74,1,Retry,Recovered
C14358,6420.19,NetBanking,Temporary Failure,18,7,11,No,11,4898.92,3,No Action,Recovered
C14359,6892.75,NetBanking,Bank Declined,2,0,2,No,23,9289.59,2,No Action,Recovered
C14360,5115.2,Wallet,Authentication Failure,7,3,4,No,32,5224.64,1,No Action,Not Recovered
C14361,2068.05,Card,Technical Error,7,5,2,Yes,19,1393.79,3,No Action,Recovered
C14362,4990.69,Card,Bank Declined,7,2,5,Yes,12,4579.79,0,No Action,Not Recovered
C14363,10409.08,UPI,Insufficient Funds,14,0,14,No,28,11255.52,0,Payment Link,Not Recovered
C14364,2481.82,UPI,Temporary Failure,2,1,1,Yes,2,2189.61,1,No Action,Recovered
C14365,21426.87,UPI,Temporary Failure,2,1,1,No,10,24841.53,1,No Action,Not Recovered
C14366,2626.86,UPI,Insufficient Funds,15,7,8,No,19,3429.73,1,Payment Link,Recovered
C14367,4105.06,Wallet,Temporary Failure,11,3,8,Yes,28,4997.97,3,No Action,Recovered
C14368,2335.69,UPI,Temporary Failure,10,8,2,Yes,8,2602.25,3,No Action,Not Recovered
C14369,4782.25,Card,Insufficient Funds,3,3,0,No,23,4828.76,2,No Action,Not Recovered
C14370,992.54,Card,Insufficient Funds,17,16,1,Yes,30,797.58,0,Payment Link,Recovered
C14371,2584.32,Card,Temporary Failure,9,6,3,Yes,28,2491.17,1,Reminder,Recovered
C14372,1669.62,Card,Bank Declined,15,9,6,Yes,13,1393.07,1,Reminder,Not Recovered
C14373,4457.4,UPI,Bank Declined,14,4,10,No,12,6005.09,3,No Action,Not Recovered
C14374,8862.71,Card,Temporary Failure,19,9,10,Yes,10,11750.61,3,No Action,Not Recovered
C14375,6706.65,UPI,Authentication Failure,17,11,6,Yes,17,4860.05,2,No Action,Recovered
C14376,599.88,Wallet,Temporary Failure,20,20,0,Yes,1,754.71,0,Retry,Not Recovered
C14377,20490.27,NetBanking,Authentication Failure,17,5,12,No,22,23816.49,1,No Action,Not Recovered
C14378,5065.83,Wallet,Temporary Failure,16,0,16,Yes,15,6991.7,3,No Action,Recovered
C14379,2149.2,UPI,Authentication Failure,20,2,18,No,16,2086.11,0,No Action,Recovered
C14380,4535.78,UPI,Temporary Failure,8,6,2,Yes,20,5341.97,2,No Action,Recovered
C14381,4605.48,UPI,Technical Error,7,2,5,No,10,4671.37,0,No Action,Not Recovered
C14382,2346.24,UPI,Insufficient Funds,12,7,5,No,26,1538.01,1,Payment Link,Recovered
C14383,4686.23,UPI,Technical Error,1,1,0,No,23,2987.06,3,No Action,Not Recovered
C14384,2460.38,Card,Insufficient Funds,12,8,4,Yes,17,1716.58,1,Payment Link,Recovered
C14385,2894.48,UPI,Temporary Failure,6,0,6,No,34,2422.54,0,No Action,Not Recovered
C14386,2310.05,Card,Technical Error,16,3,13,No,22,1864.88,3,No Action,Not Recovered
C14387,1271.45,NetBanking,Temporary Failure,18,1,17,No,4,1503.69,2,No Action,Not Recovered
C14388,4494.99,Card,Authentication Failure,19,1,18,Yes,7,5271.45,2,No Action,Recovered
C14389,6388.72,UPI,Temporary Failure,3,0,3,No,5,8798.01,3,No Action,Not Recovered
C14390,6038.78,UPI,Insufficient Funds,3,0,3,Yes,31,5122.77,2,No Action,Not Recovered
C14391,7707.81,Card,Technical Error,5,1,4,No,19,10411.41,2,No Action,Not Recovered
C14392,5184.98,UPI,Insufficient Funds,3,3,0,Yes,4,5653.08,3,No Action,Recovered
C14393,2611.99,Card,Temporary Failure,19,10,9,No,22,2602.19,1,No Action,Not Recovered
C14394,7830.49,UPI,Technical Error,5,2,3,No,3,8881.91,0,No Action,Not Recovered
C14395,1350.24,NetBanking,Technical Error,14,14,0,Yes,23,1569.25,1,Retry,Not Recovered
C14396,1945.96,NetBanking,Authentication Failure,16,12,4,Yes,4,1435.23,0,Reminder,Recovered
C14397,1849.54,Card,Insufficient Funds,1,1,0,No,24,2221.99,0,Payment Link,Recovered
C14398,9490.95,UPI,Bank Declined,17,17,0,Yes,14,11200.63,3,No Action,Recovered
C14399,8503.9,UPI,Insufficient Funds,11,10,1,Yes,3,11888.67,2,No Action,Recovered
C14400,5907.0,NetBanking,Temporary Failure,9,2,7,No,21,7853.7,2,No Action,Not Recovered
C14401,9429.45,Card,Technical Error,4,3,1,Yes,26,10822.45,0,Retry,Not Recovered
C14402,1979.55,UPI,Insufficient Funds,2,0,2,No,1,2315.86,0,Payment Link,Not Recovered
C14403,5286.57,UPI,Insufficient Funds,9,6,3,Yes,30,7172.76,3,No Action,Recovered
C14404,3618.84,UPI,Insufficient Funds,5,0,5,No,4,4971.35,0,Payment Link,Not Recovered
C14405,7875.84,NetBanking,Technical Error,4,3,1,No,14,9935.94,1,Retry,Recovered
C14406,3647.77,UPI,Authentication Failure,5,3,2,Yes,18,4428.08,0,Reminder,Recovered
C14407,2939.8,Card,Bank Declined,18,12,6,Yes,12,2025.79,1,Reminder,Recovered
C14408,6165.82,Card,Insufficient Funds,13,12,1,Yes,36,7795.19,3,No Action,Recovered
C14409,8062.55,Card,Technical Error,5,5,0,Yes,16,6470.65,0,Retry,Recovered
C14410,2343.44,NetBanking,Bank Declined,19,5,14,No,1,2463.02,2,No Action,Not Recovered
C14411,3809.26,NetBanking,Temporary Failure,3,1,2,No,3,3520.89,3,No Action,Not Recovered
C14412,1715.22,Card,Temporary Failure,18,1,17,No,35,1503.37,0,No Action,Not Recovered
C14413,542.18,UPI,Temporary Failure,6,4,2,Yes,15,459.88,0,Reminder,Recovered
C14414,4695.77,UPI,Insufficient Funds,6,0,6,No,16,6030.97,1,Payment Link,Not Recovered
C14415,6510.52,Card,Technical Error,5,2,3,No,17,7912.29,0,No Action,Not Recovered
C14416,4933.0,Card,Insufficient Funds,1,1,0,No,34,5025.54,1,Payment Link,Not Recovered
C14417,840.84,Card,Insufficient Funds,8,5,3,No,10,951.48,1,Payment Link,Not Recovered
C14418,3021.08,UPI,Authentication Failure,1,1,0,No,11,4192.12,2,No Action,Not Recovered
C14419,678.15,Card,Technical Error,6,4,2,Yes,28,622.56,2,No Action,Not Recovered
C14420,11965.83,UPI,Bank Declined,20,3,17,No,27,12455.0,2,No Action,Not Recovered
C14421,1677.75,NetBanking,Temporary Failure,14,14,0,Yes,18,1722.75,3,No Action,Not Recovered
C14422,10920.23,UPI,Temporary Failure,11,5,6,Yes,30,14728.96,2,No Action,Not Recovered
C14423,8524.89,Card,Temporary Failure,2,0,2,No,13,7512.56,1,No Action,Not Recovered
C14424,1946.09,UPI,Temporary Failure,4,0,4,No,16,2703.13,0,No Action,Not Recovered
C14425,1616.18,UPI,Temporary Failure,13,11,2,Yes,2,1363.66,1,Retry,Recovered
C14426,5294.09,Card,Bank Declined,7,0,7,No,20,3637.7,2,No Action,Not Recovered
C14427,2035.69,UPI,Temporary Failure,6,6,0,Yes,12,1533.08,0,Retry,Recovered
C14428,4341.77,NetBanking,Temporary Failure,3,2,1,No,29,4085.51,1,Reminder,Not Recovered
C14429,2718.37,Card,Temporary Failure,9,0,9,Yes,8,3044.04,0,No Action,Recovered
C14430,962.1,Card,Bank Declined,14,2,12,No,20,975.05,1,No Action,Not Recovered
C14431,671.61,UPI,Bank Declined,20,20,0,Yes,35,605.14,0,Reminder,Recovered
C14432,4795.33,Card,Bank Declined,11,3,8,No,31,5033.31,0,No Action,Not Recovered
C14433,2552.44,Card,Temporary Failure,5,4,1,Yes,16,3244.27,2,No Action,Recovered
C14434,2569.79,Card,Insufficient Funds,14,6,8,No,23,3266.58,3,No Action,Not Recovered
C14435,6979.56,Card,Temporary Failure,19,16,3,Yes,34,8242.74,2,No Action,Recovered
C14436,10227.17,UPI,Temporary Failure,8,4,4,Yes,32,13928.98,0,No Action,Recovered
C14437,3216.39,UPI,Authentication Failure,7,2,5,No,17,3448.5,0,No Action,Not Recovered
C14438,3045.96,UPI,Authentication Failure,7,2,5,Yes,24,1846.24,2,No Action,Recovered
C14439,5967.98,UPI,Bank Declined,3,2,1,No,35,4969.8,1,Reminder,Not Recovered
C14440,1350.87,UPI,Authentication Failure,3,1,2,No,23,1165.23,0,No Action,Recovered
C14441,4781.8,Card,Bank Declined,18,13,5,Yes,8,4962.84,1,Reminder,Recovered
C14442,6220.21,NetBanking,Temporary Failure,13,5,8,No,23,8235.01,2,No Action,Not Recovered
C14443,6892.81,UPI,Authentication Failure,1,0,1,No,21,8757.26,3,No Action,Not Recovered
C14444,849.5,Wallet,Temporary Failure,5,0,5,Yes,19,667.48,3,No Action,Recovered
C14445,2175.39,Card,Bank Declined,4,1,3,No,31,2209.14,0,No Action,Not Recovered
C14446,1981.16,Wallet,Temporary Failure,16,0,16,Yes,7,2233.4,1,No Action,Not Recovered
C14447,4332.76,Card,Insufficient Funds,15,9,6,No,24,6022.58,2,No Action,Not Recovered
C14448,5876.08,Card,Bank Declined,18,8,10,No,8,3672.8,0,No Action,Not Recovered
C14449,13245.56,UPI,Insufficient Funds,17,16,1,Yes,13,12862.79,3,No Action,Recovered
C14450,2692.1,UPI,Temporary Failure,14,9,5,Yes,3,3743.33,3,No Action,Recovered
C14451,2686.49,UPI,Insufficient Funds,14,10,4,Yes,34,3712.1,1,Payment Link,Not Recovered
C14452,10034.53,Card,Insufficient Funds,19,5,14,Yes,13,8675.67,0,Payment Link,Recovered
C14453,5071.09,UPI,Authentication Failure,6,1,5,Yes,32,3042.72,1,No Action,Not Recovered
C14454,11027.76,NetBanking,Technical Error,13,2,11,No,35,11792.95,1,No Action,Not Recovered
C14455,5039.35,UPI,Insufficient Funds,18,14,4,No,21,6518.66,0,Payment Link,Recovered
C14456,1585.03,NetBanking,Temporary Failure,15,4,11,No,1,1362.23,2,No Action,Not Recovered
C14457,1376.84,UPI,Technical Error,7,3,4,Yes,2,1855.18,3,No Action,Not Recovered
C14458,1156.14,UPI,Temporary Failure,19,19,0,Yes,26,1001.4,0,Retry,Recovered
C14459,6793.29,UPI,Temporary Failure,17,5,12,No,3,7392.19,3,No Action,Not Recovered
C14460,10351.92,UPI,Insufficient Funds,9,2,7,Yes,24,12190.8,2,No Action,Not Recovered
C14461,17562.82,UPI,Authentication Failure,11,9,2,No,26,15390.87,3,No Action,Recovered
C14462,7852.08,NetBanking,Temporary Failure,5,3,2,No,8,6923.69,3,No Action,Not Recovered
C14463,10140.78,UPI,Temporary Failure,2,0,2,No,8,9897.36,1,No Action,Not Recovered
C14464,2515.02,UPI,Insufficient Funds,15,5,10,No,18,3189.49,1,Payment Link,Not Recovered
C14465,1585.92,NetBanking,Temporary Failure,12,12,0,No,18,1079.5,1,Retry,Not Recovered
C14466,7896.01,UPI,Bank Declined,10,0,10,Yes,12,8726.54,2,No Action,Not Recovered
C14467,5586.98,Wallet,Insufficient Funds,10,9,1,Yes,36,6379.65,1,Payment Link,Recovered
C14468,4359.03,Wallet,Insufficient Funds,20,11,9,No,2,4560.85,3,No Action,Not Recovered
C14469,5453.14,UPI,Temporary Failure,11,2,9,No,20,7354.49,3,No Action,Not Recovered
C14470,5180.2,UPI,Temporary Failure,10,7,3,Yes,3,5602.87,3,No Action,Recovered
C14471,11171.3,UPI,Technical Error,7,6,1,Yes,34,12374.02,0,Retry,Recovered
C14472,11271.56,NetBanking,Authentication Failure,14,7,7,No,6,12171.12,3,No Action,Not Recovered
C14473,6182.18,Card,Temporary Failure,13,9,4,Yes,10,7280.23,1,Reminder,Recovered
C14474,7869.04,Card,Temporary Failure,5,1,4,No,24,5573.86,2,No Action,Not Recovered
C14475,6034.81,NetBanking,Temporary Failure,19,17,2,Yes,18,7938.32,2,No Action,Not Recovered
C14476,2765.88,UPI,Bank Declined,10,9,1,Yes,33,1753.55,3,No Action,Not Recovered
C14477,7326.85,NetBanking,Technical Error,8,6,2,Yes,7,8151.82,3,No Action,Recovered
C14478,1310.88,Card,Insufficient Funds,18,3,15,Yes,29,1431.99,0,Payment Link,Recovered
C14479,9294.36,Card,Bank Declined,1,0,1,Yes,19,7124.1,3,No Action,Not Recovered
C14480,1538.3,NetBanking,Technical Error,5,2,3,No,25,973.08,3,No Action,Not Recovered
C14481,5027.57,Card,Authentication Failure,11,2,9,No,17,3574.95,3,No Action,Not Recovered
C14482,2034.34,UPI,Temporary Failure,20,4,16,No,3,1662.74,0,No Action,Not Recovered
C14483,6227.69,UPI,Temporary Failure,11,9,2,Yes,24,8131.4,2,No Action,Not Recovered
C14484,3892.9,Card,Temporary Failure,16,7,9,No,18,5000.77,3,No Action,Not Recovered
C14485,1116.82,UPI,Authentication Failure,10,1,9,Yes,26,727.14,2,No Action,Not Recovered
C14486,5600.49,Wallet,Technical Error,15,1,14,Yes,21,4656.33,0,No Action,Not Recovered
C14487,2519.24,UPI,Bank Declined,7,7,0,Yes,11,3303.86,0,Reminder,Not Recovered
C14488,8094.72,Card,Temporary Failure,15,13,2,Yes,17,6389.38,3,No Action,Not Recovered
C14489,4004.24,Card,Temporary Failure,16,8,8,No,21,5593.01,0,No Action,Not Recovered
C14490,5488.37,UPI,Temporary Failure,6,1,5,No,4,4420.73,0,No Action,Not Recovered
C14491,1859.37,Wallet,Bank Declined,11,0,11,No,32,2215.05,2,No Action,Not Recovered
C14492,2496.35,NetBanking,Temporary Failure,17,13,4,No,18,2330.71,1,Retry,Recovered
C14493,2771.49,Card,Temporary Failure,15,1,14,Yes,28,1964.97,2,No Action,Not Recovered
C14494,7937.96,UPI,Technical Error,16,3,13,No,36,6383.1,3,No Action,Not Recovered
C14495,15305.25,UPI,Temporary Failure,2,2,0,No,26,17449.43,0,Retry,Recovered
C14496,2100.46,UPI,Insufficient Funds,4,0,4,No,24,1826.65,3,No Action,Not Recovered
C14497,9466.63,UPI,Temporary Failure,19,3,16,Yes,10,10255.22,2,No Action,Recovered
C14498,705.08,Card,Technical Error,6,2,4,No,8,538.98,0,No Action,Not Recovered
C14499,1538.71,Wallet,Bank Declined,18,12,6,Yes,2,1475.41,3,No Action,Recovered
C14500,1857.57,Card,Authentication Failure,11,10,1,No,35,1875.77,3,No Action,Not Recovered
C14501,1355.66,NetBanking,Insufficient Funds,9,1,8,No,21,1261.07,2,No Action,Not Recovered
C14502,1126.85,Card,Authentication Failure,3,1,2,No,27,854.53,3,No Action,Recovered
C14503,5566.09,Card,Authentication Failure,2,0,2,No,23,5394.89,0,No Action,Not Recovered
C14504,3370.43,NetBanking,Bank Declined,18,0,18,No,32,3890.56,3,No Action,Not Recovered
C14505,5418.5,Card,Authentication Failure,15,13,2,Yes,26,7433.77,0,Reminder,Recovered
C14506,6949.52,NetBanking,Insufficient Funds,18,15,3,Yes,7,8559.15,3,No Action,Not Recovered
C14507,4947.03,UPI,Insufficient Funds,19,17,2,No,33,3607.26,2,No Action,Not Recovered
C14508,6770.03,UPI,Temporary Failure,15,10,5,Yes,17,5538.98,0,Reminder,Recovered
C14509,3783.57,NetBanking,Bank Declined,17,2,15,No,8,2508.73,3,No Action,Not Recovered
C14510,1547.59,Card,Technical Error,18,2,16,No,17,1096.5,1,No Action,Recovered
C14511,9323.57,NetBanking,Technical Error,18,3,15,No,18,7463.95,0,No Action,Not Recovered
C14512,2496.79,Wallet,Temporary Failure,11,6,5,No,36,1896.62,0,No Action,Not Recovered
C14513,1892.35,UPI,Insufficient Funds,18,12,6,Yes,23,1458.85,0,Payment Link,Recovered
C14514,3469.33,Card,Temporary Failure,3,0,3,No,12,2722.09,1,No Action,Recovered
C14515,1927.16,UPI,Bank Declined,13,2,11,No,23,1619.86,2,No Action,Not Recovered
C14516,2864.37,Card,Temporary Failure,14,0,14,Yes,33,2006.4,3,No Action,Not Recovered
C14517,5267.4,NetBanking,Authentication Failure,4,2,2,No,28,4331.21,1,No Action,Not Recovered
C14518,5285.5,UPI,Temporary Failure,18,9,9,Yes,23,6082.18,3,No Action,Recovered
C14519,1950.39,Card,Temporary Failure,5,0,5,No,7,1539.09,1,No Action,Recovered
C14520,2707.78,Card,Authentication Failure,14,11,3,No,2,1996.91,1,Reminder,Not Recovered
C14521,9447.6,UPI,Insufficient Funds,12,10,2,Yes,1,6180.21,3,No Action,Recovered
C14522,5950.14,NetBanking,Temporary Failure,7,5,2,Yes,4,5950.0,3,No Action,Recovered
C14523,21038.34,Card,Insufficient Funds,12,4,8,No,8,26794.14,3,No Action,Not Recovered
C14524,10282.02,Wallet,Temporary Failure,8,6,2,Yes,29,6654.66,2,No Action,Recovered
C14525,9991.44,UPI,Authentication Failure,3,2,1,Yes,18,10329.76,0,Reminder,Recovered
C14526,1317.85,UPI,Bank Declined,1,0,1,No,31,1476.64,1,No Action,Not Recovered
C14527,7369.74,Card,Temporary Failure,3,2,1,Yes,6,7914.87,0,Reminder,Recovered
C14528,3833.62,UPI,Bank Declined,11,8,3,Yes,24,4991.75,3,No Action,Not Recovered
C14529,2574.12,Wallet,Temporary Failure,18,7,11,No,15,3328.64,3,No Action,Recovered
C14530,4575.46,UPI,Technical Error,7,2,5,No,12,2955.04,1,No Action,Recovered
C14531,8520.4,NetBanking,Authentication Failure,9,9,0,Yes,14,7572.55,1,Reminder,Not Recovered
C14532,5971.27,Card,Authentication Failure,4,4,0,Yes,27,6787.33,1,Reminder,Recovered
C14533,1980.83,UPI,Insufficient Funds,10,7,3,Yes,13,2697.8,1,Payment Link,Recovered
C14534,7244.64,UPI,Insufficient Funds,18,17,1,Yes,3,9010.51,1,Payment Link,Recovered
C14535,2401.81,Card,Temporary Failure,16,6,10,Yes,16,1780.39,3,No Action,Not Recovered
C14536,4757.11,Card,Bank Declined,12,10,2,Yes,12,3916.85,1,Reminder,Recovered
C14537,3138.09,UPI,Bank Declined,19,9,10,No,14,3799.84,2,No Action,Not Recovered
C14538,3357.52,Wallet,Insufficient Funds,3,1,2,No,34,3280.9,0,Payment Link,Recovered
C14539,7383.8,UPI,Authentication Failure,8,6,2,Yes,31,7663.22,0,Reminder,Recovered
C14540,1740.44,UPI,Temporary Failure,19,10,9,Yes,5,1892.18,2,No Action,Not Recovered
C14541,18962.25,Card,Temporary Failure,9,7,2,No,12,12944.26,1,Retry,Recovered
C14542,931.86,UPI,Temporary Failure,19,16,3,Yes,26,1197.23,3,No Action,Not Recovered
C14543,2479.76,Wallet,Temporary Failure,17,13,4,Yes,17,3200.15,3,No Action,Recovered
C14544,5378.79,UPI,Temporary Failure,13,0,13,Yes,11,5242.12,2,No Action,Not Recovered
C14545,6383.69,UPI,Bank Declined,2,2,0,No,33,7031.48,2,No Action,Not Recovered
C14546,3691.06,UPI,Insufficient Funds,4,0,4,No,4,4163.23,2,No Action,Not Recovered
C14547,3820.5,Card,Temporary Failure,11,3,8,No,32,2872.17,0,No Action,Not Recovered
C14548,5555.2,Card,Technical Error,2,1,1,No,31,3833.46,2,No Action,Not Recovered
C14549,3324.9,Card,Temporary Failure,4,4,0,Yes,11,2049.93,3,No Action,Not Recovered
C14550,12192.72,UPI,Bank Declined,4,0,4,No,17,16220.04,1,No Action,Not Recovered
C14551,7828.52,UPI,Insufficient Funds,20,0,20,No,27,6862.25,3,No Action,Recovered
C14552,8041.0,NetBanking,Bank Declined,1,1,0,Yes,8,5376.73,2,No Action,Not Recovered
C14553,1846.64,UPI,Authentication Failure,11,2,9,Yes,21,1796.12,3,No Action,Not Recovered
C14554,3753.86,NetBanking,Temporary Failure,2,2,0,No,33,2479.42,0,Retry,Recovered
C14555,3145.34,UPI,Bank Declined,19,6,13,No,5,2101.72,3,No Action,Not Recovered
C14556,1789.28,NetBanking,Authentication Failure,8,1,7,Yes,32,1773.37,0,No Action,Not Recovered
C14557,5335.73,UPI,Bank Declined,20,12,8,Yes,25,5373.45,1,Reminder,Recovered
C14558,2601.73,Card,Temporary Failure,4,0,4,No,8,2768.54,2,No Action,Not Recovered
C14559,6757.26,UPI,Insufficient Funds,16,15,1,Yes,27,7602.25,1,Payment Link,Recovered
C14560,1699.17,UPI,Bank Declined,15,7,8,No,26,1927.9,2,No Action,Not Recovered
C14561,15823.99,UPI,Authentication Failure,5,4,1,No,29,14975.78,1,Reminder,Recovered
C14562,1952.73,UPI,Temporary Failure,5,1,4,No,9,2176.96,1,No Action,Not Recovered
C14563,4767.09,UPI,Temporary Failure,15,8,7,No,18,4022.43,1,No Action,Not Recovered
C14564,7536.68,Card,Insufficient Funds,17,7,10,No,7,7182.81,0,Payment Link,Not Recovered
C14565,2533.96,Card,Temporary Failure,3,2,1,No,21,2317.72,0,Reminder,Not Recovered
C14566,7911.12,NetBanking,Temporary Failure,18,2,16,No,16,6829.57,3,No Action,Not Recovered
C14567,1496.23,Card,Temporary Failure,11,10,1,Yes,3,1183.3,3,No Action,Not Recovered
C14568,12781.37,Card,Temporary Failure,6,3,3,No,32,8471.07,3,No Action,Not Recovered
C14569,4045.53,UPI,Temporary Failure,12,9,3,Yes,10,4064.66,2,No Action,Recovered
C14570,2482.25,Card,Authentication Failure,17,8,9,Yes,32,2556.3,0,No Action,Not Recovered
C14571,3148.57,UPI,Temporary Failure,14,1,13,No,8,2735.87,1,No Action,Recovered
C14572,7640.25,NetBanking,Temporary Failure,6,2,4,No,32,10548.7,3,No Action,Recovered
C14573,2506.11,UPI,Temporary Failure,10,7,3,Yes,4,2620.31,0,Retry,Recovered
C14574,2196.37,UPI,Authentication Failure,16,7,9,No,29,2879.9,0,No Action,Not Recovered
C14575,3350.35,Card,Technical Error,18,4,14,No,12,3538.2,2,No Action,Not Recovered
C14576,1560.06,UPI,Technical Error,20,5,15,No,36,1173.06,1,No Action,Not Recovered
C14577,17162.55,NetBanking,Temporary Failure,6,5,1,No,19,23679.14,0,Retry,Recovered
C14578,2542.58,NetBanking,Technical Error,19,9,10,Yes,31,3326.38,0,No Action,Not Recovered
C14579,7780.24,UPI,Insufficient Funds,3,2,1,Yes,26,7601.44,3,No Action,Not Recovered
C14580,4729.74,UPI,Temporary Failure,12,11,1,No,6,3757.52,2,No Action,Not Recovered
C14581,1819.69,Card,Bank Declined,16,3,13,No,29,1415.97,2,No Action,Not Recovered
C14582,3980.99,Card,Technical Error,3,2,1,No,17,4955.6,1,Reminder,Recovered
C14583,7489.46,UPI,Technical Error,16,8,8,No,20,4907.8,2,No Action,Not Recovered
C14584,3440.74,Card,Authentication Failure,4,4,0,Yes,10,3820.76,1,Reminder,Recovered
C14585,10389.39,Card,Authentication Failure,20,15,5,Yes,6,11554.12,1,Reminder,Recovered
C14586,9056.72,UPI,Temporary Failure,13,7,6,No,32,6755.98,3,No Action,Not Recovered
C14587,8343.03,UPI,Insufficient Funds,4,0,4,No,2,9710.7,3,No Action,Not Recovered
C14588,2769.23,NetBanking,Temporary Failure,4,0,4,No,10,3224.28,0,No Action,Recovered
C14589,1686.1,UPI,Authentication Failure,7,4,3,Yes,27,1483.81,3,No Action,Recovered
C14590,2448.37,NetBanking,Temporary Failure,12,11,1,Yes,19,2415.81,0,Retry,Not Recovered
C14591,4679.95,UPI,Authentication Failure,2,2,0,Yes,16,5925.8,0,Reminder,Recovered
C14592,6189.93,Card,Insufficient Funds,16,7,9,No,20,6304.58,0,Payment Link,Not Recovered
C14593,704.01,NetBanking,Insufficient Funds,7,5,2,Yes,36,770.56,0,Payment Link,Not Recovered
C14594,3974.12,NetBanking,Temporary Failure,19,17,2,Yes,5,3696.79,1,Retry,Recovered
C14595,4539.27,UPI,Insufficient Funds,11,11,0,Yes,18,3266.82,0,Payment Link,Recovered
C14596,3203.55,UPI,Authentication Failure,1,0,1,Yes,8,4480.02,0,No Action,Not Recovered
C14597,11238.14,NetBanking,Temporary Failure,9,3,6,No,13,11521.67,0,No Action,Not Recovered
C14598,5605.33,UPI,Insufficient Funds,5,4,1,Yes,10,4871.91,1,Payment Link,Recovered
C14599,11409.52,UPI,Temporary Failure,17,0,17,No,36,13360.89,2,No Action,Not Recovered
C14600,3365.33,Wallet,Insufficient Funds,1,0,1,No,19,3690.61,2,No Action,Not Recovered
C14601,8467.85,UPI,Temporary Failure,17,13,4,Yes,31,6658.5,0,Retry,Recovered
C14602,14795.86,UPI,Temporary Failure,12,1,11,Yes,36,19257.41,2,No Action,Recovered
C14603,11423.23,UPI,Authentication Failure,13,4,9,No,29,7501.89,3,No Action,Not Recovered
C14604,1669.6,Card,Insufficient Funds,11,5,6,No,23,1810.78,3,No Action,Not Recovered
C14605,3265.31,Card,Temporary Failure,13,0,13,No,32,3207.55,3,No Action,Not Recovered
C14606,3034.85,UPI,Bank Declined,13,11,2,No,11,2593.46,3,No Action,Not Recovered
C14607,5916.22,UPI,Temporary Failure,6,2,4,No,2,7460.97,1,No Action,Not Recovered
C14608,6926.66,UPI,Temporary Failure,6,5,1,Yes,32,7792.64,0,Retry,Recovered
C14609,2044.56,Card,Bank Declined,20,9,11,Yes,5,2469.01,1,No Action,Not Recovered
C14610,4223.08,UPI,Temporary Failure,10,2,8,No,31,3934.76,1,No Action,Not Recovered
C14611,794.81,Wallet,Bank Declined,19,15,4,Yes,13,1076.11,0,Reminder,Recovered
C14612,12677.77,UPI,Insufficient Funds,3,0,3,Yes,22,11102.92,1,Payment Link,Not Recovered
C14613,2654.87,Wallet,Technical Error,7,4,3,No,35,2720.81,0,No Action,Recovered
C14614,4182.82,UPI,Authentication Failure,5,3,2,No,19,5633.92,1,Reminder,Not Recovered
C14615,3122.31,NetBanking,Temporary Failure,8,2,6,Yes,29,2081.18,2,No Action,Not Recovered
C14616,10005.31,UPI,Insufficient Funds,5,4,1,Yes,23,6874.13,2,No Action,Recovered
C14617,413.25,UPI,Insufficient Funds,12,3,9,No,19,576.63,3,No Action,Not Recovered
C14618,3947.2,NetBanking,Temporary Failure,4,3,1,No,16,5435.74,2,No Action,Recovered
C14619,3675.32,NetBanking,Technical Error,19,14,5,Yes,31,4474.19,3,No Action,Recovered
C14620,2782.6,UPI,Technical Error,18,16,2,Yes,16,2747.4,3,No Action,Not Recovered
C14621,15915.22,Card,Insufficient Funds,3,3,0,Yes,26,15992.39,3,No Action,Recovered
C14622,1966.85,Card,Bank Declined,7,6,1,Yes,3,1584.83,1,Reminder,Not Recovered
C14623,7416.68,NetBanking,Temporary Failure,8,3,5,No,23,7017.55,0,No Action,Not Recovered
C14624,5319.06,UPI,Bank Declined,15,15,0,Yes,9,5026.93,2,No Action,Recovered
C14625,10973.79,Card,Technical Error,17,16,1,Yes,24,6901.11,0,Retry,Recovered
C14626,2345.6,Card,Bank Declined,19,10,9,No,33,2257.7,2,No Action,Not Recovered
C14627,2225.36,UPI,Temporary Failure,4,3,1,Yes,14,2189.39,2,No Action,Not Recovered
C14628,9613.33,NetBanking,Bank Declined,16,12,4,Yes,28,10888.31,1,Reminder,Recovered
C14629,5621.24,UPI,Insufficient Funds,13,3,10,Yes,24,5695.23,2,No Action,Not Recovered
C14630,1162.23,UPI,Bank Declined,12,1,11,No,7,1498.52,0,No Action,Not Recovered
C14631,2598.28,Card,Insufficient Funds,4,0,4,No,25,2322.99,0,Payment Link,Recovered
C14632,5448.83,Card,Insufficient Funds,12,2,10,No,2,5055.28,2,No Action,Not Recovered
C14633,7818.6,UPI,Technical Error,17,9,8,No,1,8265.71,0,No Action,Recovered
C14634,2323.12,UPI,Authentication Failure,9,4,5,No,23,1770.63,3,No Action,Not Recovered
C14635,388.64,Wallet,Temporary Failure,12,11,1,No,18,355.53,0,Retry,Recovered
C14636,6079.2,UPI,Authentication Failure,15,8,7,Yes,8,6984.6,3,No Action,Not Recovered
C14637,1506.87,Card,Bank Declined,20,14,6,Yes,34,1400.56,3,No Action,Not Recovered
C14638,796.46,Card,Technical Error,2,2,0,Yes,8,1055.54,0,Retry,Recovered
C14639,414.96,UPI,Authentication Failure,9,3,6,No,29,453.24,3,No Action,Not Recovered
C14640,7671.25,Wallet,Insufficient Funds,14,7,7,No,13,5546.42,0,Payment Link,Not Recovered
C14641,4433.5,Card,Technical Error,4,3,1,Yes,1,4388.97,0,Retry,Recovered
C14642,3339.33,Card,Temporary Failure,4,3,1,Yes,29,4046.68,2,No Action,Recovered
C14643,12152.24,Card,Temporary Failure,6,5,1,Yes,1,13545.81,0,Retry,Recovered
C14644,6660.23,Card,Bank Declined,5,3,2,Yes,5,8712.99,0,Reminder,Recovered
C14645,14575.39,Card,Authentication Failure,17,16,1,Yes,2,17490.27,2,No Action,Not Recovered
C14646,1312.73,NetBanking,Authentication Failure,13,13,0,Yes,22,852.34,1,Reminder,Recovered
C14647,3890.95,UPI,Bank Declined,20,5,15,No,30,2684.79,0,No Action,Not Recovered
C14648,1097.38,UPI,Bank Declined,17,15,2,No,11,1228.84,1,Reminder,Recovered
C14649,3329.39,UPI,Insufficient Funds,19,4,15,Yes,29,2632.64,1,Payment Link,Not Recovered
C14650,3278.55,UPI,Authentication Failure,1,1,0,No,3,3508.93,2,No Action,Not Recovered
C14651,6603.4,UPI,Insufficient Funds,17,1,16,No,13,8147.1,1,Payment Link,Not Recovered
C14652,4148.49,NetBanking,Technical Error,3,0,3,No,3,4403.81,1,No Action,Not Recovered
C14653,6586.49,Card,Bank Declined,14,12,2,No,10,6141.18,3,No Action,Not Recovered
C14654,7021.99,Card,Bank Declined,12,5,7,Yes,4,7843.68,1,No Action,Recovered
C14655,22426.37,Card,Insufficient Funds,15,10,5,Yes,14,16032.51,2,No Action,Not Recovered
C14656,3108.24,NetBanking,Authentication Failure,6,1,5,No,23,3663.27,0,No Action,Not Recovered
C14657,1884.15,Card,Bank Declined,20,0,20,No,17,2181.13,3,No Action,Not Recovered
C14658,4870.33,NetBanking,Authentication Failure,2,2,0,No,1,4926.45,2,No Action,Not Recovered
C14659,2105.33,UPI,Temporary Failure,4,4,0,Yes,15,1732.79,2,No Action,Recovered
C14660,13090.19,Wallet,Bank Declined,13,7,6,No,2,16206.32,3,No Action,Not Recovered
C14661,3189.04,Card,Technical Error,13,3,10,No,18,3215.96,3,No Action,Not Recovered
C14662,2544.24,UPI,Technical Error,17,4,13,Yes,22,1646.99,2,No Action,Not Recovered
C14663,2743.52,Card,Authentication Failure,6,4,2,Yes,28,3662.3,0,Reminder,Recovered
C14664,7106.63,Card,Temporary Failure,11,7,4,Yes,30,8628.68,1,Reminder,Not Recovered
C14665,3525.76,UPI,Temporary Failure,19,15,4,No,13,3764.96,0,Retry,Recovered
C14666,2393.99,Card,Insufficient Funds,16,10,6,No,3,2273.0,1,Payment Link,Not Recovered
C14667,15158.72,UPI,Temporary Failure,8,0,8,No,3,20735.91,0,No Action,Not Recovered
C14668,2016.49,UPI,Authentication Failure,1,0,1,Yes,26,2460.15,3,No Action,Not Recovered
C14669,4115.45,Wallet,Temporary Failure,10,2,8,Yes,4,4230.66,3,No Action,Not Recovered
C14670,6740.53,Card,Insufficient Funds,2,1,1,Yes,16,7566.4,3,No Action,Not Recovered
C14671,1084.62,NetBanking,Temporary Failure,19,3,16,No,28,894.38,2,No Action,Not Recovered
C14672,5873.81,Card,Bank Declined,14,2,12,No,8,4443.96,2,No Action,Not Recovered
C14673,1719.8,UPI,Insufficient Funds,3,2,1,No,16,1407.92,1,Payment Link,Recovered
C14674,7725.45,Card,Temporary Failure,9,8,1,Yes,31,6446.96,3,No Action,Recovered
C14675,1851.83,Card,Insufficient Funds,8,4,4,No,23,2206.99,2,No Action,Not Recovered
C14676,6962.3,Wallet,Insufficient Funds,11,3,8,No,2,4957.5,2,No Action,Not Recovered
C14677,9688.71,UPI,Authentication Failure,15,15,0,Yes,9,11840.28,3,No Action,Recovered
C14678,7968.08,NetBanking,Temporary Failure,6,1,5,No,27,8117.21,0,No Action,Recovered
C14679,4890.76,Wallet,Bank Declined,2,0,2,No,22,4439.14,3,No Action,Not Recovered
C14680,3324.28,Card,Authentication Failure,1,1,0,No,34,2793.45,1,Reminder,Recovered
C14681,2522.27,Wallet,Technical Error,3,3,0,No,9,2548.91,3,No Action,Not Recovered
C14682,12976.27,UPI,Authentication Failure,18,16,2,Yes,33,11081.93,0,Reminder,Recovered
C14683,2285.76,Wallet,Authentication Failure,14,14,0,Yes,34,2156.76,0,Reminder,Recovered
C14684,1744.8,Card,Insufficient Funds,17,17,0,Yes,35,2078.43,3,No Action,Recovered
C14685,6811.34,UPI,Bank Declined,2,2,0,No,26,7497.91,2,No Action,Recovered
C14686,2115.7,Wallet,Temporary Failure,19,19,0,Yes,7,2535.43,0,Retry,Recovered
C14687,1870.57,Card,Insufficient Funds,9,8,1,Yes,27,2189.28,1,Payment Link,Not Recovered
C14688,1260.38,Card,Technical Error,8,5,3,Yes,12,1578.07,2,No Action,Recovered
C14689,2718.19,Card,Bank Declined,10,5,5,No,17,2069.5,1,No Action,Not Recovered
C14690,3743.88,UPI,Technical Error,9,8,1,Yes,21,5226.82,1,Retry,Recovered
C14691,4858.68,Card,Technical Error,8,3,5,No,22,4764.5,1,No Action,Not Recovered
C14692,8562.05,NetBanking,Temporary Failure,7,2,5,No,26,10056.87,1,No Action,Recovered
C14693,6097.1,UPI,Authentication Failure,6,6,0,Yes,13,6964.11,0,Reminder,Recovered
C14694,3433.56,UPI,Insufficient Funds,2,2,0,No,23,3615.26,2,No Action,Not Recovered
C14695,3413.5,UPI,Temporary Failure,9,6,3,Yes,30,4767.47,3,No Action,Recovered
C14696,6015.99,UPI,Authentication Failure,9,8,1,No,17,4655.49,0,Reminder,Recovered
C14697,11071.24,Card,Insufficient Funds,19,17,2,No,27,10377.99,2,No Action,Not Recovered
C14698,4425.33,NetBanking,Technical Error,9,5,4,Yes,20,3107.4,3,No Action,Not Recovered
C14699,2748.32,Wallet,Bank Declined,2,2,0,No,7,2048.79,3,No Action,Recovered
C14700,1807.6,Card,Insufficient Funds,19,7,12,No,4,2115.56,0,Payment Link,Not Recovered
C14701,1258.76,UPI,Technical Error,16,8,8,No,31,760.13,2,No Action,Not Recovered
C14702,6816.25,Wallet,Bank Declined,14,14,0,No,30,8941.94,1,Reminder,Recovered
C14703,6351.41,NetBanking,Insufficient Funds,20,15,5,No,31,7028.14,1,Payment Link,Not Recovered
C14704,6348.29,Card,Temporary Failure,1,1,0,No,4,6048.17,3,No Action,Recovered
C14705,3608.77,Card,Authentication Failure,13,2,11,No,18,3121.91,0,No Action,Not Recovered
C14706,12327.62,Wallet,Temporary Failure,2,2,0,No,20,8641.9,0,Retry,Recovered
C14707,2715.56,Card,Authentication Failure,14,4,10,No,23,3631.38,1,No Action,Not Recovered
C14708,8589.24,UPI,Insufficient Funds,1,0,1,Yes,9,10048.19,0,Payment Link,Not Recovered
C14709,3877.92,Card,Bank Declined,15,10,5,Yes,16,3370.36,0,Reminder,Recovered
C14710,2458.65,UPI,Authentication Failure,18,1,17,Yes,21,1614.72,2,No Action,Not Recovered
C14711,6425.78,UPI,Temporary Failure,9,1,8,Yes,9,5529.68,2,No Action,Not Recovered
C14712,5551.14,UPI,Bank Declined,8,3,5,Yes,25,4150.63,3,No Action,Recovered
C14713,5322.12,UPI,Technical Error,7,2,5,No,36,6540.98,2,No Action,Not Recovered
C14714,4268.73,UPI,Technical Error,9,8,1,Yes,14,5018.66,0,Retry,Recovered
C14715,3880.56,UPI,Bank Declined,9,6,3,Yes,17,3874.85,1,Reminder,Recovered
C14716,27031.21,Card,Bank Declined,11,5,6,Yes,28,35375.01,1,No Action,Not Recovered
C14717,10316.04,NetBanking,Technical Error,4,1,3,No,8,7680.75,1,No Action,Not Recovered
C14718,7131.74,Wallet,Technical Error,7,7,0,Yes,14,6857.68,3,No Action,Recovered
C14719,4374.24,UPI,Technical Error,7,3,4,No,15,5111.28,1,No Action,Recovered
C14720,8953.28,Card,Insufficient Funds,4,0,4,No,25,5857.61,2,No Action,Not Recovered
C14721,6053.82,Wallet,Authentication Failure,12,2,10,Yes,11,5437.19,2,No Action,Not Recovered
C14722,4084.74,UPI,Insufficient Funds,17,11,6,Yes,29,4318.93,0,Payment Link,Not Recovered
C14723,3137.55,Card,Temporary Failure,20,15,5,No,3,2803.22,3,No Action,Recovered
C14724,3749.27,NetBanking,Insufficient Funds,3,1,2,No,22,3689.88,1,Payment Link,Recovered
C14725,316.62,UPI,Temporary Failure,9,6,3,Yes,20,344.01,0,Reminder,Recovered
C14726,4734.02,NetBanking,Temporary Failure,5,0,5,No,19,4235.59,1,No Action,Not Recovered
C14727,2706.11,NetBanking,Temporary Failure,20,0,20,No,13,1853.18,1,No Action,Not Recovered
C14728,14302.44,UPI,Temporary Failure,16,9,7,No,27,10176.98,0,No Action,Not Recovered
C14729,4062.38,UPI,Bank Declined,8,8,0,No,19,4150.14,2,No Action,Not Recovered
C14730,1545.15,UPI,Temporary Failure,16,9,7,Yes,16,1143.09,0,No Action,Not Recovered
C14731,3843.53,UPI,Temporary Failure,19,3,16,No,2,5042.2,3,No Action,Not Recovered
C14732,1732.21,Card,Temporary Failure,16,10,6,Yes,1,2195.31,0,Reminder,Recovered
C14733,5841.69,Card,Temporary Failure,18,10,8,No,3,5136.16,1,No Action,Recovered
C14734,5048.3,UPI,Temporary Failure,15,10,5,Yes,24,6385.04,2,No Action,Not Recovered
C14735,8606.92,Wallet,Bank Declined,18,5,13,No,2,8835.44,0,No Action,Not Recovered
C14736,2124.61,UPI,Authentication Failure,14,14,0,Yes,16,1545.1,2,No Action,Recovered
C14737,4110.32,UPI,Authentication Failure,16,1,15,Yes,29,4485.88,2,No Action,Not Recovered
C14738,1342.16,UPI,Authentication Failure,5,4,1,Yes,4,1534.84,2,No Action,Not Recovered
C14739,7011.07,Card,Temporary Failure,8,6,2,Yes,14,4677.18,2,No Action,Not Recovered
C14740,6058.07,UPI,Temporary Failure,16,2,14,No,17,5158.83,1,No Action,Not Recovered
C14741,5947.31,UPI,Temporary Failure,1,0,1,No,17,3594.0,1,No Action,Not Recovered
C14742,4005.18,UPI,Technical Error,11,11,0,Yes,20,3416.99,1,Retry,Recovered
C14743,5574.0,NetBanking,Temporary Failure,11,4,7,No,29,4840.22,1,No Action,Not Recovered
C14744,14436.59,Wallet,Bank Declined,2,0,2,No,26,15940.4,1,No Action,Not Recovered
C14745,3184.26,UPI,Temporary Failure,19,10,9,No,17,2417.6,3,No Action,Not Recovered
C14746,4469.2,UPI,Temporary Failure,5,4,1,No,12,2789.11,3,No Action,Not Recovered
C14747,1677.65,Card,Authentication Failure,3,3,0,Yes,28,1430.21,0,Reminder,Not Recovered
C14748,1997.08,Card,Technical Error,8,2,6,Yes,9,2517.31,2,No Action,Not Recovered
C14749,4325.57,UPI,Technical Error,4,0,4,No,32,3976.57,3,No Action,Not Recovered
C14750,9673.99,Wallet,Bank Declined,13,10,3,Yes,34,9016.88,1,Reminder,Recovered
C14751,3258.51,Card,Authentication Failure,14,2,12,No,16,3177.77,2,No Action,Not Recovered
C14752,3312.03,Card,Bank Declined,1,1,0,No,31,3979.18,1,Reminder,Recovered
C14753,2888.64,Card,Authentication Failure,5,5,0,Yes,27,2842.48,1,Reminder,Not Recovered
C14754,2607.75,Wallet,Temporary Failure,7,7,0,Yes,29,1755.08,0,Retry,Not Recovered
C14755,5064.58,NetBanking,Bank Declined,6,5,1,Yes,1,3875.01,2,No Action,Not Recovered
C14756,1207.42,UPI,Bank Declined,15,0,15,No,27,905.95,1,No Action,Not Recovered
C14757,11145.61,UPI,Insufficient Funds,15,7,8,No,32,11215.72,1,Payment Link,Not Recovered
C14758,2348.92,Card,Authentication Failure,8,0,8,No,11,1465.59,0,No Action,Not Recovered
C14759,7126.48,UPI,Authentication Failure,2,0,2,No,35,5892.84,2,No Action,Not Recovered
C14760,1448.16,Card,Insufficient Funds,14,7,7,No,2,1572.35,3,No Action,Not Recovered
C14761,6830.29,NetBanking,Insufficient Funds,16,14,2,Yes,1,6036.07,2,No Action,Recovered
C14762,6847.27,Card,Insufficient Funds,10,1,9,No,6,7985.08,1,Payment Link,Not Recovered
C14763,5439.33,Wallet,Authentication Failure,15,12,3,Yes,7,4965.98,3,No Action,Recovered
C14764,1805.34,UPI,Bank Declined,4,0,4,No,2,2497.52,0,No Action,Not Recovered
C14765,4883.85,NetBanking,Temporary Failure,12,7,5,Yes,2,6702.03,0,No Action,Not Recovered
C14766,1552.47,NetBanking,Bank Declined,10,3,7,No,5,1924.86,1,No Action,Not Recovered
C14767,3267.69,UPI,Temporary Failure,2,1,1,Yes,13,4455.54,2,No Action,Recovered
C14768,9114.12,Card,Technical Error,4,4,0,No,19,6961.57,1,Retry,Recovered
C14769,7565.93,UPI,Insufficient Funds,20,13,7,Yes,19,9084.7,2,No Action,Not Recovered
C14770,4048.88,NetBanking,Insufficient Funds,6,6,0,Yes,1,3471.21,0,Payment Link,Recovered
C14771,1833.91,Card,Technical Error,14,5,9,No,35,2164.45,1,No Action,Not Recovered
C14772,6704.4,UPI,Temporary Failure,3,0,3,No,18,6028.03,1,No Action,Not Recovered
C14773,4062.5,Card,Temporary Failure,15,6,9,No,32,3378.12,3,No Action,Recovered
C14774,625.03,Card,Insufficient Funds,1,0,1,Yes,32,854.44,1,Payment Link,Not Recovered
C14775,7481.24,UPI,Temporary Failure,19,14,5,Yes,8,5744.91,2,No Action,Not Recovered
C14776,3923.2,UPI,Insufficient Funds,1,0,1,No,11,4734.73,3,No Action,Not Recovered
C14777,10467.29,UPI,Authentication Failure,13,5,8,Yes,20,11929.97,2,No Action,Recovered
C14778,1665.42,Card,Technical Error,8,4,4,No,8,1403.59,3,No Action,Not Recovered
C14779,315.04,NetBanking,Authentication Failure,18,11,7,Yes,28,304.54,0,Reminder,Recovered
C14780,5000.62,Wallet,Authentication Failure,3,3,0,Yes,21,3572.22,2,No Action,Recovered
C14781,5050.79,Card,Insufficient Funds,18,2,16,No,6,6752.74,2,No Action,Not Recovered
C14782,1034.33,NetBanking,Temporary Failure,20,19,1,Yes,2,1421.68,1,Retry,Recovered
C14783,1828.5,UPI,Temporary Failure,9,5,4,No,10,2168.55,0,No Action,Recovered
C14784,36251.06,Card,Technical Error,6,3,3,No,9,46384.55,3,No Action,Not Recovered
C14785,3132.42,UPI,Bank Declined,20,14,6,Yes,3,2086.49,3,No Action,Not Recovered
C14786,7178.29,UPI,Temporary Failure,2,0,2,No,2,6511.96,0,No Action,Not Recovered
C14787,2376.83,Card,Insufficient Funds,4,4,0,Yes,36,2055.12,1,Payment Link,Recovered
C14788,751.3,UPI,Bank Declined,18,5,13,No,8,790.34,2,No Action,Not Recovered
C14789,3490.65,Card,Bank Declined,7,1,6,Yes,9,2606.41,2,No Action,Not Recovered
C14790,3234.29,NetBanking,Authentication Failure,11,8,3,Yes,26,3398.28,1,Reminder,Recovered
C14791,2904.88,UPI,Insufficient Funds,5,3,2,No,34,3263.61,3,No Action,Not Recovered
C14792,3649.47,UPI,Authentication Failure,8,8,0,Yes,30,2576.1,1,Reminder,Recovered
C14793,4941.7,NetBanking,Insufficient Funds,11,7,4,Yes,8,3485.76,2,No Action,Recovered
C14794,3547.35,NetBanking,Technical Error,20,2,18,No,3,2228.94,0,No Action,Not Recovered
C14795,1455.12,UPI,Authentication Failure,20,19,1,Yes,11,1758.82,3,No Action,Recovered
C14796,5901.71,UPI,Authentication Failure,15,0,15,No,25,5103.84,1,No Action,Not Recovered
C14797,840.97,Card,Temporary Failure,3,3,0,Yes,5,656.24,2,No Action,Recovered
C14798,775.7,Card,Temporary Failure,7,0,7,Yes,12,948.27,3,No Action,Not Recovered
C14799,7225.66,UPI,Insufficient Funds,8,3,5,No,30,5163.49,1,Payment Link,Not Recovered
C14800,6000.91,UPI,Insufficient Funds,11,10,1,Yes,27,5651.34,0,Payment Link,Recovered
C14801,3820.49,NetBanking,Bank Declined,10,4,6,No,5,4568.65,3,No Action,Not Recovered
C14802,1309.88,Card,Authentication Failure,20,2,18,No,20,1387.25,0,No Action,Not Recovered
C14803,2270.42,Wallet,Temporary Failure,9,3,6,No,21,2368.5,2,No Action,Not Recovered
C14804,3241.7,NetBanking,Insufficient Funds,15,12,3,No,3,2353.38,3,No Action,Recovered
C14805,1115.81,Wallet,Temporary Failure,20,18,2,No,4,831.0,0,Retry,Recovered
C14806,2214.6,UPI,Authentication Failure,5,2,3,Yes,24,2360.87,1,No Action,Not Recovered
C14807,6740.67,NetBanking,Authentication Failure,15,14,1,Yes,7,4171.49,0,Reminder,Recovered
C14808,12530.16,UPI,Insufficient Funds,4,4,0,Yes,24,16230.25,2,No Action,Recovered
C14809,2859.79,Card,Temporary Failure,5,0,5,No,11,2517.69,1,No Action,Not Recovered
C14810,7326.41,Card,Technical Error,15,2,13,No,2,6837.69,0,No Action,Not Recovered
C14811,865.06,UPI,Bank Declined,17,4,13,No,6,697.88,3,No Action,Not Recovered
C14812,6779.17,NetBanking,Insufficient Funds,8,2,6,No,7,8821.98,0,Payment Link,Not Recovered
C14813,2102.52,NetBanking,Authentication Failure,19,16,3,Yes,18,2342.21,3,No Action,Not Recovered
C14814,5114.97,UPI,Authentication Failure,9,6,3,Yes,9,4910.0,3,No Action,Recovered
C14815,3280.82,Card,Bank Declined,10,0,10,No,28,3504.73,0,No Action,Recovered
C14816,11503.2,UPI,Bank Declined,5,1,4,No,19,10402.29,2,No Action,Not Recovered
C14817,1987.24,UPI,Temporary Failure,10,5,5,No,4,1932.52,3,No Action,Recovered
C14818,6608.65,NetBanking,Bank Declined,1,1,0,No,4,5855.96,2,No Action,Recovered
C14819,3198.52,UPI,Insufficient Funds,4,3,1,Yes,13,2969.95,3,No Action,Recovered
C14820,3524.19,Wallet,Insufficient Funds,5,2,3,No,28,3002.54,3,No Action,Recovered
C14821,3452.89,UPI,Temporary Failure,7,0,7,No,11,2286.2,0,No Action,Not Recovered
C14822,2033.49,Card,Temporary Failure,5,2,3,No,2,1280.85,3,No Action,Not Recovered
C14823,3955.14,Card,Temporary Failure,20,2,18,Yes,6,2923.98,1,No Action,Not Recovered
C14824,3804.47,UPI,Bank Declined,8,8,0,Yes,12,3048.56,0,Reminder,Recovered
C14825,4851.49,UPI,Bank Declined,17,1,16,No,24,6366.99,1,No Action,Not Recovered
C14826,4279.77,NetBanking,Bank Declined,1,1,0,No,9,4660.66,1,Reminder,Recovered
C14827,7573.76,NetBanking,Insufficient Funds,18,4,14,Yes,26,10350.59,3,No Action,Not Recovered
C14828,8373.75,UPI,Insufficient Funds,12,2,10,No,4,7299.54,2,No Action,Not Recovered
C14829,1725.98,Card,Technical Error,3,3,0,Yes,4,1590.3,0,Retry,Not Recovered
C14830,8014.98,UPI,Insufficient Funds,20,11,9,No,34,9424.03,2,No Action,Not Recovered
C14831,1548.4,UPI,Authentication Failure,14,12,2,No,22,1644.9,0,Reminder,Not Recovered
C14832,6401.8,Card,Insufficient Funds,16,6,10,No,13,6544.59,1,Payment Link,Not Recovered
C14833,6567.19,UPI,Bank Declined,18,0,18,No,15,6964.18,3,No Action,Not Recovered
C14834,866.96,NetBanking,Temporary Failure,10,2,8,Yes,2,925.31,3,No Action,Not Recovered
C14835,4308.88,Card,Bank Declined,15,10,5,Yes,2,5224.91,3,No Action,Not Recovered
C14836,2749.72,Wallet,Authentication Failure,10,5,5,No,8,3119.46,2,No Action,Recovered
C14837,2179.91,Card,Authentication Failure,1,0,1,No,18,2977.43,3,No Action,Not Recovered
C14838,11786.75,Wallet,Authentication Failure,19,9,10,No,29,16010.77,3,No Action,Not Recovered
C14839,2371.09,Card,Temporary Failure,2,2,0,Yes,11,2222.99,2,No Action,Not Recovered
C14840,2098.44,Card,Bank Declined,13,3,10,No,6,1319.03,2,No Action,Not Recovered
C14841,4249.71,Wallet,Insufficient Funds,16,4,12,No,9,2587.48,3,No Action,Not Recovered
C14842,6922.43,Card,Bank Declined,8,8,0,Yes,22,4835.7,3,No Action,Recovered
C14843,3571.46,UPI,Temporary Failure,3,0,3,No,25,2356.87,1,No Action,Recovered
C14844,10169.48,Card,Authentication Failure,19,16,3,Yes,31,9139.24,3,No Action,Recovered
C14845,6117.02,Wallet,Authentication Failure,14,14,0,Yes,21,3928.96,2,No Action,Not Recovered
C14846,700.28,NetBanking,Insufficient Funds,11,4,7,Yes,19,770.26,0,Payment Link,Recovered
C14847,2618.81,Card,Temporary Failure,12,10,2,Yes,10,1969.71,3,No Action,Not Recovered
C14848,2551.86,Card,Temporary Failure,11,0,11,No,12,2580.37,0,No Action,Not Recovered
C14849,5869.58,Wallet,Bank Declined,11,7,4,No,19,4005.77,3,No Action,Not Recovered
C14850,489.9,UPI,Insufficient Funds,18,4,14,Yes,2,618.34,3,No Action,Not Recovered
C14851,30738.08,Card,Authentication Failure,10,5,5,No,15,37622.4,1,No Action,Not Recovered
C14852,6117.27,UPI,Bank Declined,16,15,1,Yes,8,5561.76,3,No Action,Not Recovered
C14853,4505.94,Card,Bank Declined,8,3,5,Yes,35,5986.03,2,No Action,Recovered
C14854,10293.87,Card,Bank Declined,6,0,6,No,30,7705.58,3,No Action,Not Recovered
C14855,26081.27,UPI,Temporary Failure,19,18,1,No,9,32631.56,0,Retry,Recovered
C14856,8027.65,UPI,Authentication Failure,13,1,12,No,30,8322.14,3,No Action,Not Recovered
C14857,8544.99,Card,Bank Declined,15,6,9,No,19,7380.0,2,No Action,Not Recovered
C14858,4440.85,UPI,Authentication Failure,13,12,1,Yes,29,2964.22,3,No Action,Recovered
C14859,3571.81,UPI,Bank Declined,1,1,0,Yes,2,2632.6,0,Reminder,Not Recovered
C14860,2733.71,NetBanking,Technical Error,2,0,2,Yes,28,3527.28,3,No Action,Not Recovered
C14861,2065.57,UPI,Temporary Failure,13,5,8,No,8,2242.19,1,No Action,Not Recovered
C14862,2308.7,Card,Bank Declined,2,2,0,No,25,1823.13,3,No Action,Not Recovered
C14863,1357.78,Wallet,Technical Error,11,7,4,No,10,1353.28,0,Reminder,Not Recovered
C14864,3764.43,UPI,Technical Error,13,2,11,Yes,22,2583.41,0,No Action,Not Recovered
C14865,1039.31,UPI,Technical Error,10,2,8,No,35,705.77,0,No Action,Not Recovered
C14866,4660.06,Card,Temporary Failure,15,2,13,No,24,6180.23,1,No Action,Not Recovered
C14867,3885.42,NetBanking,Authentication Failure,1,0,1,No,26,3754.42,3,No Action,Not Recovered
C14868,4498.94,Wallet,Authentication Failure,14,8,6,No,31,4000.7,0,No Action,Not Recovered
C14869,2634.23,Wallet,Temporary Failure,10,4,6,Yes,23,3580.6,1,No Action,Not Recovered
C14870,46888.98,NetBanking,Authentication Failure,18,16,2,Yes,2,43100.38,1,Reminder,Not Recovered
C14871,11874.43,UPI,Temporary Failure,11,8,3,Yes,33,10318.8,0,Retry,Recovered
C14872,1477.96,UPI,Bank Declined,7,0,7,No,24,1209.55,2,No Action,Not Recovered
C14873,4819.11,UPI,Insufficient Funds,15,14,1,No,12,5069.95,3,No Action,Recovered
C14874,2459.33,UPI,Authentication Failure,3,3,0,Yes,9,2574.25,0,Reminder,Recovered
C14875,1776.62,Card,Temporary Failure,2,2,0,No,3,1088.99,3,No Action,Not Recovered
C14876,1369.21,Card,Insufficient Funds,8,8,0,Yes,23,1537.96,1,Payment Link,Recovered
C14877,5652.33,UPI,Insufficient Funds,8,0,8,No,24,6956.02,3,No Action,Not Recovered
C14878,2319.13,NetBanking,Insufficient Funds,11,11,0,No,33,2534.28,2,No Action,Recovered
C14879,8675.95,UPI,Bank Declined,16,15,1,Yes,30,11243.25,3,No Action,Not Recovered
C14880,8857.99,UPI,Temporary Failure,2,1,1,No,2,7273.59,0,No Action,Not Recovered
C14881,12006.23,Card,Technical Error,5,4,1,Yes,22,9047.7,0,Retry,Recovered
C14882,2022.6,UPI,Authentication Failure,7,2,5,Yes,11,2341.81,0,No Action,Recovered
C14883,5850.85,UPI,Technical Error,20,14,6,Yes,12,4393.09,3,No Action,Recovered
C14884,6634.33,UPI,Authentication Failure,13,12,1,No,19,4464.13,0,Reminder,Not Recovered
C14885,2737.24,UPI,Insufficient Funds,2,1,1,Yes,20,1853.91,3,No Action,Recovered
C14886,2157.34,NetBanking,Insufficient Funds,3,2,1,Yes,9,2620.55,3,No Action,Not Recovered
C14887,14496.55,Wallet,Bank Declined,9,9,0,Yes,18,9031.2,0,Reminder,Recovered
C14888,4798.44,UPI,Temporary Failure,10,10,0,Yes,18,3990.22,2,No Action,Not Recovered
C14889,6653.0,UPI,Authentication Failure,13,4,9,No,36,4679.38,0,No Action,Not Recovered
C14890,2072.25,Card,Temporary Failure,13,2,11,No,27,2494.84,1,No Action,Not Recovered
C14891,1508.12,Wallet,Authentication Failure,5,1,4,No,13,1512.33,1,No Action,Not Recovered
C14892,2536.37,UPI,Temporary Failure,7,1,6,No,8,1938.79,2,No Action,Not Recovered
C14893,3622.18,UPI,Technical Error,17,0,17,No,23,4347.81,1,No Action,Not Recovered
C14894,1707.31,NetBanking,Temporary Failure,15,14,1,No,13,2049.27,2,No Action,Recovered
C14895,3968.62,Card,Temporary Failure,5,1,4,No,7,4041.71,3,No Action,Not Recovered
C14896,1036.13,UPI,Technical Error,7,3,4,Yes,2,850.33,1,No Action,Not Recovered
C14897,1632.73,Card,Temporary Failure,2,0,2,No,3,1745.42,2,No Action,Not Recovered
C14898,6841.61,UPI,Technical Error,18,5,13,Yes,23,9214.45,0,No Action,Recovered
C14899,6483.93,Card,Bank Declined,10,4,6,No,7,4158.2,1,No Action,Not Recovered
C14900,2923.53,Card,Temporary Failure,1,1,0,No,4,2378.47,1,Retry,Recovered
C14901,1771.95,NetBanking,Authentication Failure,14,13,1,Yes,8,1467.13,2,No Action,Not Recovered
C14902,1758.34,Card,Insufficient Funds,19,3,16,No,32,1943.76,3,No Action,Not Recovered
C14903,2967.38,UPI,Technical Error,16,7,9,No,19,3326.23,2,No Action,Not Recovered
C14904,6698.67,UPI,Bank Declined,19,11,8,No,12,5124.83,2,No Action,Not Recovered
C14905,8405.54,NetBanking,Bank Declined,6,6,0,Yes,10,6496.48,1,Reminder,Recovered
C14906,2688.73,UPI,Insufficient Funds,12,3,9,No,14,3609.81,2,No Action,Not Recovered
C14907,1589.63,UPI,Temporary Failure,3,1,2,Yes,27,1915.57,0,No Action,Recovered
C14908,4955.85,UPI,Bank Declined,7,7,0,Yes,21,6677.59,2,No Action,Recovered
C14909,2069.83,NetBanking,Insufficient Funds,3,0,3,No,20,2615.71,0,Payment Link,Not Recovered
C14910,2642.41,Card,Insufficient Funds,17,4,13,No,4,2435.49,0,Payment Link,Not Recovered
C14911,11548.03,UPI,Bank Declined,15,11,4,No,19,8055.05,2,No Action,Not Recovered
C14912,7752.28,UPI,Bank Declined,19,9,10,No,29,8555.73,3,No Action,Not Recovered
C14913,4538.85,NetBanking,Temporary Failure,19,18,1,No,7,4001.42,0,Retry,Recovered
C14914,1445.94,Card,Insufficient Funds,11,8,3,Yes,33,1359.66,0,Payment Link,Recovered
C14915,4737.04,Card,Insufficient Funds,20,10,10,No,8,4456.15,0,Payment Link,Not Recovered
C14916,9359.77,NetBanking,Temporary Failure,2,0,2,No,11,12628.35,3,No Action,Not Recovered
C14917,2961.77,Wallet,Temporary Failure,7,3,4,No,33,1940.23,2,No Action,Recovered
C14918,11789.22,UPI,Temporary Failure,19,12,7,No,25,8894.77,3,No Action,Not Recovered
C14919,11251.38,Wallet,Authentication Failure,7,1,6,No,33,12222.99,2,No Action,Not Recovered
C14920,15139.1,UPI,Technical Error,10,1,9,No,36,19786.9,0,No Action,Recovered
C14921,5106.37,UPI,Temporary Failure,12,12,0,Yes,26,6813.71,1,Retry,Recovered
C14922,6399.42,NetBanking,Temporary Failure,18,14,4,Yes,36,6699.9,0,Retry,Recovered
C14923,12399.35,UPI,Technical Error,6,3,3,No,11,7782.44,2,No Action,Not Recovered
C14924,5721.38,UPI,Insufficient Funds,20,11,9,No,30,5093.77,3,No Action,Not Recovered
C14925,2678.63,UPI,Technical Error,8,3,5,No,33,3576.15,0,No Action,Not Recovered
C14926,2793.96,Card,Authentication Failure,5,4,1,Yes,10,2793.84,0,Reminder,Recovered
C14927,4841.08,UPI,Bank Declined,3,3,0,Yes,29,5718.72,2,No Action,Recovered
C14928,1424.53,Card,Temporary Failure,2,0,2,No,25,1161.5,2,No Action,Not Recovered
C14929,3566.87,NetBanking,Technical Error,6,0,6,Yes,32,2211.48,1,No Action,Not Recovered
C14930,9617.0,Card,Authentication Failure,7,1,6,No,4,10219.87,0,No Action,Not Recovered
C14931,693.01,UPI,Bank Declined,8,2,6,No,34,878.73,0,No Action,Not Recovered
C14932,13651.92,Wallet,Bank Declined,4,2,2,No,22,19006.41,0,No Action,Recovered
C14933,9817.77,UPI,Insufficient Funds,12,9,3,Yes,13,12540.25,1,Payment Link,Recovered
C14934,2768.99,UPI,Insufficient Funds,12,5,7,Yes,36,2888.6,1,Payment Link,Recovered
C14935,6178.08,UPI,Technical Error,17,8,9,Yes,6,6715.46,0,No Action,Not Recovered
C14936,4010.09,Card,Authentication Failure,19,0,19,No,17,5050.03,2,No Action,Not Recovered
C14937,10700.46,UPI,Bank Declined,9,5,4,Yes,26,6589.86,3,No Action,Not Recovered
C14938,8779.69,UPI,Technical Error,12,8,4,Yes,24,11951.93,0,Reminder,Recovered
C14939,1305.05,UPI,Temporary Failure,17,2,15,No,9,1337.65,0,No Action,Not Recovered
C14940,6398.76,UPI,Temporary Failure,10,5,5,No,2,8712.82,0,No Action,Not Recovered
C14941,3393.26,Card,Bank Declined,19,5,14,No,20,4111.32,2,No Action,Not Recovered
C14942,4274.04,NetBanking,Temporary Failure,11,1,10,Yes,27,3085.23,1,No Action,Not Recovered
C14943,2233.92,NetBanking,Bank Declined,20,4,16,Yes,6,1635.69,3,No Action,Not Recovered
C14944,16196.64,UPI,Temporary Failure,13,0,13,No,27,14300.29,3,No Action,Not Recovered
C14945,9192.09,UPI,Technical Error,4,4,0,Yes,24,7456.54,1,Retry,Recovered
C14946,2213.28,Wallet,Technical Error,15,8,7,No,15,2105.8,0,No Action,Not Recovered
C14947,1375.21,UPI,Insufficient Funds,12,8,4,Yes,33,1489.52,0,Payment Link,Not Recovered
C14948,2938.08,NetBanking,Temporary Failure,10,2,8,No,10,2789.01,3,No Action,Not Recovered
C14949,5662.68,UPI,Bank Declined,7,4,3,No,21,3653.2,3,No Action,Not Recovered
C14950,4847.48,Wallet,Authentication Failure,2,2,0,No,6,6691.97,0,Reminder,Not Recovered
C14951,10900.41,UPI,Bank Declined,7,2,5,No,30,10247.45,2,No Action,Not Recovered
C14952,7524.99,UPI,Temporary Failure,8,6,2,Yes,23,9638.46,0,Retry,Recovered
C14953,8688.06,Card,Temporary Failure,19,12,7,No,36,5726.85,2,No Action,Recovered
C14954,5195.43,Card,Insufficient Funds,6,6,0,No,3,6484.17,0,Payment Link,Recovered
C14955,1316.34,UPI,Temporary Failure,8,0,8,Yes,26,972.41,3,No Action,Not Recovered
C14956,3420.32,Card,Technical Error,20,14,6,Yes,34,3911.22,0,Retry,Recovered
C14957,9340.56,Card,Technical Error,4,4,0,Yes,30,10549.65,0,Retry,Recovered
C14958,3838.48,UPI,Temporary Failure,20,13,7,No,18,5096.91,1,Reminder,Recovered
C14959,5982.07,UPI,Insufficient Funds,9,6,3,Yes,17,5123.89,0,Payment Link,Recovered
C14960,3099.67,Card,Temporary Failure,5,2,3,Yes,21,2129.99,0,No Action,Recovered
C14961,1754.96,UPI,Authentication Failure,6,6,0,Yes,24,2266.8,0,Reminder,Recovered
C14962,3624.15,Card,Bank Declined,19,19,0,Yes,4,3135.84,3,No Action,Recovered
C14963,5121.94,UPI,Bank Declined,12,9,3,No,25,4025.98,0,Reminder,Not Recovered
C14964,2367.29,UPI,Insufficient Funds,5,2,3,No,24,2341.17,2,No Action,Not Recovered
C14965,3312.57,UPI,Bank Declined,5,5,0,No,27,2374.81,2,No Action,Recovered
C14966,1886.5,Card,Insufficient Funds,18,5,13,No,31,1580.08,0,Payment Link,Not Recovered
C14967,9793.22,UPI,Insufficient Funds,6,4,2,Yes,35,8894.44,3,No Action,Not Recovered
C14968,3160.5,UPI,Bank Declined,9,3,6,Yes,20,2597.31,2,No Action,Recovered
C14969,12787.89,UPI,Bank Declined,11,5,6,No,16,12279.03,0,No Action,Not Recovered
C14970,13589.43,Wallet,Temporary Failure,14,12,2,Yes,31,12335.4,0,Retry,Recovered
C14971,3748.88,UPI,Temporary Failure,2,2,0,No,7,4572.41,2,No Action,Recovered
C14972,1785.21,Card,Insufficient Funds,14,2,12,No,18,2382.77,3,No Action,Not Recovered
C14973,753.95,UPI,Insufficient Funds,19,4,15,Yes,8,513.24,3,No Action,Not Recovered
C14974,1232.03,UPI,Bank Declined,10,8,2,Yes,27,1550.68,2,No Action,Not Recovered
C14975,1332.73,Card,Authentication Failure,5,3,2,No,14,1793.08,0,Reminder,Recovered
C14976,12050.07,Card,Temporary Failure,4,4,0,Yes,18,13849.03,3,No Action,Recovered
C14977,4388.35,Wallet,Temporary Failure,7,3,4,No,1,6131.12,1,No Action,Not Recovered
C14978,5462.89,Wallet,Temporary Failure,13,8,5,Yes,31,4741.98,0,Reminder,Recovered
C14979,677.03,NetBanking,Bank Declined,10,3,7,No,20,855.93,3,No Action,Recovered
C14980,1534.07,Card,Insufficient Funds,10,2,8,Yes,6,1747.25,0,Payment Link,Not Recovered
C14981,8133.23,Card,Technical Error,4,3,1,Yes,1,6984.35,1,Retry,Recovered
C14982,5031.48,UPI,Temporary Failure,16,13,3,Yes,19,5855.34,2,No Action,Not Recovered
C14983,3555.62,Wallet,Bank Declined,15,13,2,Yes,27,3582.99,1,Reminder,Recovered
C14984,6285.02,Card,Authentication Failure,11,8,3,Yes,16,4721.18,0,Reminder,Not Recovered
C14985,14804.52,Card,Authentication Failure,19,2,17,Yes,14,10942.08,2,No Action,Not Recovered
C14986,3351.68,UPI,Authentication Failure,3,2,1,Yes,34,3923.88,1,Reminder,Recovered
C14987,4228.26,UPI,Technical Error,15,12,3,Yes,7,4945.14,3,No Action,Recovered
C14988,4666.33,Wallet,Authentication Failure,16,8,8,No,20,4781.21,1,No Action,Not Recovered
C14989,27112.15,UPI,Temporary Failure,14,12,2,Yes,31,27142.86,0,Retry,Recovered
C14990,745.88,UPI,Temporary Failure,5,4,1,Yes,22,554.96,3,No Action,Recovered
C14991,6909.33,UPI,Temporary Failure,17,3,14,No,20,6518.46,1,No Action,Not Recovered
C14992,3649.0,NetBanking,Technical Error,18,16,2,Yes,15,4733.18,0,Retry,Recovered
C14993,6294.72,UPI,Authentication Failure,19,5,14,Yes,25,8081.05,2,No Action,Not Recovered
C14994,2364.1,NetBanking,Temporary Failure,1,1,0,Yes,1,2668.44,1,Retry,Recovered
C14995,3846.34,UPI,Bank Declined,9,1,8,No,17,5376.74,2,No Action,Not Recovered
C14996,7066.91,NetBanking,Technical Error,14,12,2,Yes,16,9289.75,3,No Action,Recovered
C14997,48260.94,Card,Authentication Failure,20,6,14,No,21,34563.73,2,No Action,Not Recovered
C14998,7634.85,UPI,Bank Declined,20,2,18,Yes,27,7018.79,0,No Action,Not Recovered
C14999,2029.61,Card,Authentication Failure,11,5,6,No,35,1431.99,3,No Action,Not Recovered
